# Exportado por C3DViewer
mtllib modelo_exportado.mtl
g 
usemtl Mat_
v 0.672586 0.165737 -2.62063
vn 0.626716 -0.69932 -0.343771
v 0.671854 0.15814 -2.6372
vn 0.870625 0.447443 0.204467
v 0.682241 0.162544 -2.66206
vn 0.999251 0.033362 0.0196191
v -0.423658 -0.441724 -3.49512
vn 0.535786 -0.655387 0.532355
v -0.40927 -0.398097 -3.50323
vn 0.631516 0.3118 0.709907
v -0.43004 -0.355443 -3.50032
vn 0.626758 0.209679 0.750472
v 0.518145 0.162099 -2.44204
vn 0.303698 0.0314763 0.952248
v 0.539025 0.15778 -2.45909
vn 0.377079 0.566695 0.732576
v 0.555098 0.165419 -2.4631
vn -0.165064 -0.794959 0.583775
v -0.60149 -0.355908 -3.27043
vn 0.897636 0.210414 0.387267
v -0.598271 -0.39861 -3.24981
vn 0.859914 0.31242 0.40366
v -0.594521 -0.442187 -3.26602
vn 0.66431 -0.655038 0.360024
v 0.693258 0.167773 -2.64268
vn 0.763016 -0.528633 -0.37196
v 0.697931 0.165991 -2.63214
vn 0.941422 0.0544436 -0.332808
v 0.701365 0.163947 -2.62417
vn 0.734889 -0.36131 -0.573928
v 0.701365 0.163947 -2.62417
vn 0.734889 -0.36131 -0.573928
v 0.672586 0.165737 -2.62063
vn 0.626716 -0.69932 -0.343771
v 0.693258 0.167773 -2.64268
vn 0.763016 -0.528633 -0.37196
v 0.539855 0.167357 -2.43699
vn -0.137899 -0.531075 0.836028
v 0.555098 0.165419 -2.4631
vn -0.165064 -0.794959 0.583775
v 0.559919 0.163564 -2.43451
vn -0.285367 -0.50193 0.816475
v 0.559919 0.163564 -2.43451
vn -0.285367 -0.50193 0.816475
v 0.551297 0.165594 -2.43552
vn -0.0506267 0.0517541 0.997376
v 0.539855 0.167357 -2.43699
vn -0.137899 -0.531075 0.836028
v -0.422291 -0.436887 -3.47865
vn 0.859561 -0.498162 -0.113971
v -0.421997 -0.446619 -3.46471
vn 0.804214 -0.0680582 0.59043
v -0.442338 -0.43975 -3.46504
vn 0.0534284 -0.695026 0.716996
v -0.442338 -0.43975 -3.46504
vn 0.0534284 -0.695026 0.716996
v -0.423658 -0.441724 -3.49512
vn 0.535786 -0.655387 0.532355
v -0.422291 -0.436887 -3.47865
vn 0.859561 -0.498162 -0.113971
v -0.445174 -0.449491 -3.5133
vn -0.0608038 -0.997938 0.0205558
v -0.423658 -0.441724 -3.49512
vn 0.535786 -0.655387 0.532355
v -0.442338 -0.43975 -3.46504
vn 0.0534284 -0.695026 0.716996
v -0.442338 -0.43975 -3.46504
vn 0.0534284 -0.695026 0.716996
v -0.487089 -0.434191 -3.47717
vn -0.548685 -0.4672 0.693303
v -0.445174 -0.449491 -3.5133
vn -0.0608038 -0.997938 0.0205558
v -0.445174 -0.449491 -3.5133
vn -0.0608038 -0.997938 0.0205558
v -0.487089 -0.434191 -3.47717
vn -0.548685 -0.4672 0.693303
v -0.500206 -0.426461 -3.51052
vn -0.689796 -0.709809 -0.142661
v -0.500206 -0.426461 -3.51052
vn -0.689796 -0.709809 -0.142661
v -0.471562 -0.435658 -3.53874
vn -0.595061 -0.751482 -0.284918
v -0.445174 -0.449491 -3.5133
vn -0.0608038 -0.997938 0.0205558
v -0.445174 -0.449491 -3.5133
vn -0.0608038 -0.997938 0.0205558
v -0.471562 -0.435658 -3.53874
vn -0.595061 -0.751482 -0.284918
v -0.438715 -0.446851 -3.55706
vn 0.100501 -0.96773 -0.231081
v -0.438715 -0.446851 -3.55706
vn 0.100501 -0.96773 -0.231081
v -0.40528 -0.437592 -3.56101
vn 0.527684 -0.613584 -0.587421
v -0.445174 -0.449491 -3.5133
vn -0.0608038 -0.997938 0.0205558
v -0.445174 -0.449491 -3.5133
vn -0.0608038 -0.997938 0.0205558
v -0.40528 -0.437592 -3.56101
vn 0.527684 -0.613584 -0.587421
v -0.386151 -0.437458 -3.52448
vn 0.861909 -0.492188 -0.121918
v -0.386151 -0.437458 -3.52448
vn 0.861909 -0.492188 -0.121918
v -0.423658 -0.441724 -3.49512
vn 0.535786 -0.655387 0.532355
v -0.445174 -0.449491 -3.5133
vn -0.0608038 -0.997938 0.0205558
v -0.402155 -0.44727 -3.49247
vn 0.284438 -0.58528 0.759304
v -0.423658 -0.441724 -3.49512
vn 0.535786 -0.655387 0.532355
v -0.386151 -0.437458 -3.52448
vn 0.861909 -0.492188 -0.121918
v -0.386151 -0.437458 -3.52448
vn 0.861909 -0.492188 -0.121918
v -0.387912 -0.436531 -3.49886
vn 0.854201 -0.0252715 0.519328
v -0.402155 -0.44727 -3.49247
vn 0.284438 -0.58528 0.759304
v 0.349763 -0.452432 -2.92685
vn 0.806518 -0.492296 -0.327374
v 0.355411 -0.460159 -2.91164
vn 0.913626 0.0341204 0.405121
v 0.336741 -0.454689 -2.91355
vn 0.110201 -0.675648 0.728941
v 0.336741 -0.454689 -2.91355
vn 0.110201 -0.675648 0.728941
v 0.343695 -0.457096 -2.94395
vn 0.652599 -0.626188 0.426619
v 0.349763 -0.452432 -2.92685
vn 0.806518 -0.492296 -0.327374
v 0.32432 -0.466155 -2.95993
vn -0.0151263 -0.998465 0.0532883
v 0.343695 -0.457096 -2.94395
vn 0.652599 -0.626188 0.426619
v 0.336741 -0.454689 -2.91355
vn 0.110201 -0.675648 0.728941
v 0.336741 -0.454689 -2.91355
vn 0.110201 -0.675648 0.728941
v 0.296797 -0.452185 -2.92728
vn -0.516853 -0.406654 0.753323
v 0.32432 -0.466155 -2.95993
vn -0.0151263 -0.998465 0.0532883
v 0.32432 -0.466155 -2.95993
vn -0.0151263 -0.998465 0.0532883
v 0.296797 -0.452185 -2.92728
vn -0.516853 -0.406654 0.753323
v 0.273941 -0.450424 -2.95694
vn -0.666583 -0.739805 0.091414
v 0.273941 -0.450424 -2.95694
vn -0.666583 -0.739805 0.091414
v 0.287177 -0.451122 -2.98783
vn -0.573503 -0.789934 -0.217023
v 0.32432 -0.466155 -2.95993
vn -0.0151263 -0.998465 0.0532883
v 0.32432 -0.466155 -2.95993
vn -0.0151263 -0.998465 0.0532883
v 0.287177 -0.451122 -2.98783
vn -0.573503 -0.789934 -0.217023
v 0.316165 -0.460973 -3.00403
vn 0.0497905 -0.940311 -0.336654
v 0.316165 -0.460973 -3.00403
vn 0.0497905 -0.940311 -0.336654
v 0.349522 -0.456548 -3.00023
vn 0.494298 -0.640121 -0.588145
v 0.32432 -0.466155 -2.95993
vn -0.0151263 -0.998465 0.0532883
v 0.32432 -0.466155 -2.95993
vn -0.0151263 -0.998465 0.0532883
v 0.349522 -0.456548 -3.00023
vn 0.494298 -0.640121 -0.588145
v 0.372426 -0.453846 -2.96794
vn 0.89358 -0.419721 -0.159216
v 0.372426 -0.453846 -2.96794
vn 0.89358 -0.419721 -0.159216
v 0.343695 -0.457096 -2.94395
vn 0.652599 -0.626188 0.426619
v 0.32432 -0.466155 -2.95993
vn -0.0151263 -0.998465 0.0532883
v 0.364418 -0.461222 -2.93914
vn 0.445928 -0.396117 0.802646
v 0.343695 -0.457096 -2.94395
vn 0.652599 -0.626188 0.426619
v 0.372426 -0.453846 -2.96794
vn 0.89358 -0.419721 -0.159216
v 0.372426 -0.453846 -2.96794
vn 0.89358 -0.419721 -0.159216
v 0.371583 -0.452088 -2.94701
vn 0.890938 0.207382 0.404009
v 0.364418 -0.461222 -2.93914
vn 0.445928 -0.396117 0.802646
v -0.571016 -0.440099 -3.2925
vn 0.703806 -0.693263 -0.15506
v -0.564887 -0.447006 -3.27311
vn 0.795384 -0.0680822 0.60227
v -0.578355 -0.437311 -3.26939
vn 0.13685 -0.500121 0.855073
v -0.578355 -0.437311 -3.26939
vn 0.13685 -0.500121 0.855073
v -0.594521 -0.442187 -3.26602
vn 0.66431 -0.655038 0.360024
v -0.571016 -0.440099 -3.2925
vn 0.703806 -0.693263 -0.15506
v -0.571016 -0.440099 -3.2925
vn 0.703806 -0.693263 -0.15506
v -0.594521 -0.442187 -3.26602
vn 0.66431 -0.655038 0.360024
v -0.618068 -0.44996 -3.28148
vn 0.00429664 -0.997761 -0.0667339
v -0.618068 -0.44996 -3.28148
vn 0.00429664 -0.997761 -0.0667339
v -0.595418 -0.434485 -3.33192
vn 0.508949 -0.464333 -0.724821
v -0.571016 -0.440099 -3.2925
vn 0.703806 -0.693263 -0.15506
v -0.63114 -0.426816 -3.33496
vn -0.332072 -0.708839 -0.622314
v -0.595418 -0.434485 -3.33192
vn 0.508949 -0.464333 -0.724821
v -0.618068 -0.44996 -3.28148
vn 0.00429664 -0.997761 -0.0667339
v -0.618068 -0.44996 -3.28148
vn 0.00429664 -0.997761 -0.0667339
v -0.650005 -0.436141 -3.29948
vn -0.441325 -0.751065 -0.491054
v -0.63114 -0.426816 -3.33496
vn -0.332072 -0.708839 -0.622314
v -0.658171 -0.447446 -3.2628
vn -0.19095 -0.96852 0.159709
v -0.650005 -0.436141 -3.29948
vn -0.441325 -0.751065 -0.491054
v -0.618068 -0.44996 -3.28148
vn 0.00429664 -0.997761 -0.0667339
v -0.618068 -0.44996 -3.28148
vn 0.00429664 -0.997761 -0.0667339
v -0.652439 -0.438262 -3.22961
vn -0.411359 -0.61613 0.671691
v -0.658171 -0.447446 -3.2628
vn -0.19095 -0.96852 0.159709
v -0.611969 -0.43807 -3.22169
vn 0.129891 -0.494172 0.859606
v -0.652439 -0.438262 -3.22961
vn -0.411359 -0.61613 0.671691
v -0.618068 -0.44996 -3.28148
vn 0.00429664 -0.997761 -0.0667339
v -0.618068 -0.44996 -3.28148
vn 0.00429664 -0.997761 -0.0667339
v -0.594521 -0.442187 -3.26602
vn 0.66431 -0.655038 0.360024
v -0.611969 -0.43807 -3.22169
vn 0.129891 -0.494172 0.859606
v -0.611969 -0.43807 -3.22169
vn 0.129891 -0.494172 0.859606
v -0.594521 -0.442187 -3.26602
vn 0.66431 -0.655038 0.360024
v -0.585832 -0.447768 -3.24618
vn 0.810021 -0.583855 0.054577
v -0.585832 -0.447768 -3.24618
vn 0.810021 -0.583855 0.054577
v -0.587922 -0.437073 -3.23068
vn 0.741406 -0.0255773 0.670569
v -0.611969 -0.43807 -3.22169
vn 0.129891 -0.494172 0.859606
v 0.179774 -0.455114 -2.70308
vn 0.731451 -0.673983 -0.10357
v 0.186886 -0.460615 -2.68573
vn 0.647299 0.0340471 0.761475
v 0.170733 -0.452917 -2.6868
vn -0.0833017 -0.494627 0.865104
v 0.170733 -0.452917 -2.6868
vn -0.0833017 -0.494627 0.865104
v 0.152618 -0.457615 -2.68775
vn 0.59638 -0.626244 0.502144
v 0.179774 -0.455114 -2.70308
vn 0.731451 -0.673983 -0.10357
v 0.179774 -0.455114 -2.70308
vn 0.731451 -0.673983 -0.10357
v 0.152618 -0.457615 -2.68775
vn 0.59638 -0.626244 0.502144
v 0.1318 -0.466677 -2.70179
vn 0.0486968 -0.998292 -0.0322888
v 0.1318 -0.466677 -2.70179
vn 0.0486968 -0.998292 -0.0322888
v 0.155216 -0.452569 -2.73744
vn 0.575437 -0.403693 -0.71127
v 0.179774 -0.455114 -2.70308
vn 0.731451 -0.673983 -0.10357
v 0.120268 -0.450841 -2.75089
vn -0.101039 -0.738271 -0.666893
v 0.155216 -0.452569 -2.73744
vn 0.575437 -0.403693 -0.71127
v 0.1318 -0.466677 -2.70179
vn 0.0486968 -0.998292 -0.0322888
v 0.1318 -0.466677 -2.70179
vn 0.0486968 -0.998292 -0.0322888
v 0.0944314 -0.451644 -2.72939
vn -0.370027 -0.789382 -0.489853
v 0.120268 -0.450841 -2.75089
vn -0.101039 -0.738271 -0.666893
v 0.0871887 -0.461594 -2.69701
vn -0.306653 -0.941277 0.141282
v 0.0944314 -0.451644 -2.72939
vn -0.370027 -0.789382 -0.489853
v 0.1318 -0.466677 -2.70179
vn 0.0486968 -0.998292 -0.0322888
v 0.1318 -0.466677 -2.70179
vn 0.0486968 -0.998292 -0.0322888
v 0.100334 -0.457224 -2.66611
vn -0.421522 -0.642604 0.639828
v 0.0871887 -0.461594 -2.69701
vn -0.306653 -0.941277 0.141282
v 0.137811 -0.454482 -2.65336
vn 0.103329 -0.422205 0.900592
v 0.100334 -0.457224 -2.66611
vn -0.421522 -0.642604 0.639828
v 0.1318 -0.466677 -2.70179
vn 0.0486968 -0.998292 -0.0322888
v 0.1318 -0.466677 -2.70179
vn 0.0486968 -0.998292 -0.0322888
v 0.152618 -0.457615 -2.68775
vn 0.59638 -0.626244 0.502144
v 0.137811 -0.454482 -2.65336
vn 0.103329 -0.422205 0.900592
v 0.137811 -0.454482 -2.65336
vn 0.103329 -0.422205 0.900592
v 0.152618 -0.457615 -2.68775
vn 0.59638 -0.626244 0.502144
v 0.163145 -0.46173 -2.66927
vn 0.897037 -0.395327 0.197591
v 0.163145 -0.46173 -2.66927
vn 0.897037 -0.395327 0.197591
v 0.157632 -0.452668 -2.66013
vn 0.640776 0.206337 0.739481
v 0.137811 -0.454482 -2.65336
vn 0.103329 -0.422205 0.900592
v 0.785174 0.033313 -2.43869
vn 0.888137 0.216616 0.405328
v 0.775713 0.0327124 -2.42141
vn 0.783176 0.212064 0.58452
v 0.761059 0.00958735 -2.43238
vn 0.567224 -0.707511 0.421527
v 0.761059 0.00958735 -2.43238
vn 0.567224 -0.707511 0.421527
v 0.772648 0.0117493 -2.4533
vn 0.694426 -0.707042 0.133654
v 0.785174 0.033313 -2.43869
vn 0.888137 0.216616 0.405328
v 0.772648 0.0117493 -2.4533
vn 0.694426 -0.707042 0.133654
v 0.761059 0.00958735 -2.43238
vn 0.567224 -0.707511 0.421527
v 0.718358 -0.0248662 -2.4643
vn 0.408917 -0.860734 0.30319
v 0.78985 0.0350891 -2.45502
vn 0.995258 0.0970565 0.00649243
v 0.785174 0.033313 -2.43869
vn 0.888137 0.216616 0.405328
v 0.772648 0.0117493 -2.4533
vn 0.694426 -0.707042 0.133654
v 0.718358 -0.0248662 -2.4643
vn 0.408917 -0.860734 0.30319
v 0.739104 -0.0189424 -2.49386
vn 0.618996 -0.785276 0.0135759
v 0.772648 0.0117493 -2.4533
vn 0.694426 -0.707042 0.133654
v 0.739104 -0.0189424 -2.49386
vn 0.618996 -0.785276 0.0135759
v 0.718358 -0.0248662 -2.4643
vn 0.408917 -0.860734 0.30319
v 0.672522 -0.052921 -2.49854
vn 0.366221 -0.89008 0.271366
v 0.772648 0.0117493 -2.4533
vn 0.694426 -0.707042 0.133654
v 0.778867 0.0212078 -2.47712
vn 0.837931 -0.508354 -0.198616
v 0.78985 0.0350891 -2.45502
vn 0.995258 0.0970565 0.00649243
v 0.778867 0.0212078 -2.47712
vn 0.837931 -0.508354 -0.198616
v 0.772648 0.0117493 -2.4533
vn 0.694426 -0.707042 0.133654
v 0.739104 -0.0189424 -2.49386
vn 0.618996 -0.785276 0.0135759
v 0.672522 -0.052921 -2.49854
vn 0.366221 -0.89008 0.271366
v 0.698012 -0.0473253 -2.53069
vn 0.495709 -0.864942 0.0784088
v 0.739104 -0.0189424 -2.49386
vn 0.618996 -0.785276 0.0135759
v 0.739104 -0.0189424 -2.49386
vn 0.618996 -0.785276 0.0135759
v 0.752778 0.00470448 -2.52556
vn 0.863152 -0.385203 -0.326476
v 0.778867 0.0212078 -2.47712
vn 0.837931 -0.508354 -0.198616
v 0.698012 -0.0473253 -2.53069
vn 0.495709 -0.864942 0.0784088
v 0.672522 -0.052921 -2.49854
vn 0.366221 -0.89008 0.271366
v 0.638031 -0.0752624 -2.52431
vn 0.347419 -0.901724 0.257281
v 0.739104 -0.0189424 -2.49386
vn 0.618996 -0.785276 0.0135759
v 0.698012 -0.0473253 -2.53069
vn 0.495709 -0.864942 0.0784088
v 0.719043 -0.0300937 -2.55922
vn 0.692922 -0.679992 -0.239729
v 0.719043 -0.0300937 -2.55922
vn 0.692922 -0.679992 -0.239729
v 0.752778 0.00470448 -2.52556
vn 0.863152 -0.385203 -0.326476
v 0.739104 -0.0189424 -2.49386
vn 0.618996 -0.785276 0.0135759
v 0.638031 -0.0752624 -2.52431
vn 0.347419 -0.901724 0.257281
v 0.662538 -0.0686913 -2.55846
vn 0.511784 -0.85797 -0.0443248
v 0.698012 -0.0473253 -2.53069
vn 0.495709 -0.864942 0.0784088
v 0.719043 -0.0300937 -2.55922
vn 0.692922 -0.679992 -0.239729
v 0.698012 -0.0473253 -2.53069
vn 0.495709 -0.864942 0.0784088
v 0.662538 -0.0686913 -2.55846
vn 0.511784 -0.85797 -0.0443248
v 0.626708 -0.088504 -2.57915
vn 0.422494 -0.904725 -0.0545171
v 0.662538 -0.0686913 -2.55846
vn 0.511784 -0.85797 -0.0443248
v 0.638031 -0.0752624 -2.52431
vn 0.347419 -0.901724 0.257281
v 0.638031 -0.0752624 -2.52431
vn 0.347419 -0.901724 0.257281
v 0.605853 -0.0936842 -2.54835
vn 0.257813 -0.947257 0.190361
v 0.626708 -0.088504 -2.57915
vn 0.422494 -0.904725 -0.0545171
v 0.626708 -0.088504 -2.57915
vn 0.422494 -0.904725 -0.0545171
v 0.605853 -0.0936842 -2.54835
vn 0.257813 -0.947257 0.190361
v 0.556298 -0.107669 -2.58533
vn 0.159628 -0.980211 0.117068
v 0.556298 -0.107669 -2.58533
vn 0.159628 -0.980211 0.117068
v 0.574755 -0.10273 -2.61204
vn 0.322256 -0.933676 -0.156206
v 0.626708 -0.088504 -2.57915
vn 0.422494 -0.904725 -0.0545171
v 0.574755 -0.10273 -2.61204
vn 0.322256 -0.933676 -0.156206
v 0.556298 -0.107669 -2.58533
vn 0.159628 -0.980211 0.117068
v 0.496245 -0.119686 -2.6301
vn 0.0767785 -0.99551 0.0553631
v 0.684156 -0.0442703 -2.59694
vn 0.603036 -0.730585 -0.320302
v 0.662538 -0.0686913 -2.55846
vn 0.511784 -0.85797 -0.0443248
v 0.626708 -0.088504 -2.57915
vn 0.422494 -0.904725 -0.0545171
v 0.662538 -0.0686913 -2.55846
vn 0.511784 -0.85797 -0.0443248
v 0.684156 -0.0442703 -2.59694
vn 0.603036 -0.730585 -0.320302
v 0.719043 -0.0300937 -2.55922
vn 0.692922 -0.679992 -0.239729
v 0.496245 -0.119686 -2.6301
vn 0.0767785 -0.99551 0.0553631
v 0.514294 -0.114341 -2.65555
vn 0.293597 -0.922151 -0.25187
v 0.574755 -0.10273 -2.61204
vn 0.322256 -0.933676 -0.156206
v 0.719043 -0.0300937 -2.55922
vn 0.692922 -0.679992 -0.239729
v 0.684156 -0.0442703 -2.59694
vn 0.603036 -0.730585 -0.320302
v 0.702822 -0.00962469 -2.6134
vn 0.677582 -0.513431 -0.526566
v 0.368211 -0.120608 -2.76056
vn 0.262903 -0.960739 -0.0886738
v 0.514294 -0.114341 -2.65555
vn 0.293597 -0.922151 -0.25187
v 0.496245 -0.119686 -2.6301
vn 0.0767785 -0.99551 0.0553631
v 0.496245 -0.119686 -2.6301
vn 0.0767785 -0.99551 0.0553631
v 0.35244 -0.126182 -2.73741
vn 0.129239 -0.987111 0.0943904
v 0.368211 -0.120608 -2.76056
vn 0.262903 -0.960739 -0.0886738
v 0.312092 -0.138512 -2.80589
vn 0.226815 -0.972369 0.055259
v 0.368211 -0.120608 -2.76056
vn 0.262903 -0.960739 -0.0886738
v 0.35244 -0.126182 -2.73741
vn 0.129239 -0.987111 0.0943904
v 0.35244 -0.126182 -2.73741
vn 0.129239 -0.987111 0.0943904
v 0.297294 -0.139723 -2.77856
vn 0.146822 -0.983303 0.107511
v 0.312092 -0.138512 -2.80589
vn 0.226815 -0.972369 0.055259
v 0.249904 -0.152939 -2.84886
vn 0.118339 -0.988814 0.0907885
v 0.312092 -0.138512 -2.80589
vn 0.226815 -0.972369 0.055259
v 0.297294 -0.139723 -2.77856
vn 0.146822 -0.983303 0.107511
v 0.297294 -0.139723 -2.77856
vn 0.146822 -0.983303 0.107511
v 0.235951 -0.152735 -2.82434
vn 0.10813 -0.991022 0.0786394
v 0.249904 -0.152939 -2.84886
vn 0.118339 -0.988814 0.0907885
v 0.235951 -0.152735 -2.82434
vn 0.10813 -0.991022 0.0786394
v 0.162521 -0.164578 -2.87912
vn 0.102615 -0.991926 0.0745241
v 0.178437 -0.16301 -2.91305
vn 0.051878 -0.998417 0.0217479
v 0.178437 -0.16301 -2.91305
vn 0.051878 -0.998417 0.0217479
v 0.249904 -0.152939 -2.84886
vn 0.118339 -0.988814 0.0907885
v 0.235951 -0.152735 -2.82434
vn 0.10813 -0.991022 0.0786394
v 0.178437 -0.16301 -2.91305
vn 0.051878 -0.998417 0.0217479
v 0.257581 -0.156561 -2.88311
vn 0.0493236 -0.960364 0.274352
v 0.249904 -0.152939 -2.84886
vn 0.118339 -0.988814 0.0907885
v 0.312092 -0.138512 -2.80589
vn 0.226815 -0.972369 0.055259
v 0.249904 -0.152939 -2.84886
vn 0.118339 -0.988814 0.0907885
v 0.257581 -0.156561 -2.88311
vn 0.0493236 -0.960364 0.274352
v 0.257581 -0.156561 -2.88311
vn 0.0493236 -0.960364 0.274352
v 0.178437 -0.16301 -2.91305
vn 0.051878 -0.998417 0.0217479
v 0.173986 -0.170513 -2.97551
vn -0.587411 -0.808047 0.0448216
v 0.173986 -0.170513 -2.97551
vn -0.587411 -0.808047 0.0448216
v 0.252637 -0.184303 -2.92912
vn -0.38041 -0.582026 0.718703
v 0.257581 -0.156561 -2.88311
vn 0.0493236 -0.960364 0.274352
v 0.252637 -0.184303 -2.92912
vn -0.38041 -0.582026 0.718703
v 0.173986 -0.170513 -2.97551
vn -0.587411 -0.808047 0.0448216
v 0.190488 -0.203223 -2.99782
vn -0.81861 -0.473212 0.325497
v 0.190488 -0.203223 -2.99782
vn -0.81861 -0.473212 0.325497
v 0.234305 -0.241187 -2.9711
vn -0.667353 -0.247259 0.702498
v 0.252637 -0.184303 -2.92912
vn -0.38041 -0.582026 0.718703
v 0.190488 -0.203223 -2.99782
vn -0.81861 -0.473212 0.325497
v 0.212276 -0.249104 -3.00742
vn -0.920318 -0.338126 0.196688
v 0.234305 -0.241187 -2.9711
vn -0.667353 -0.247259 0.702498
v 0.242072 -0.293226 -2.97234
vn -0.793142 -0.15176 0.589826
v 0.234305 -0.241187 -2.9711
vn -0.667353 -0.247259 0.702498
v 0.212276 -0.249104 -3.00742
vn -0.920318 -0.338126 0.196688
v 0.212276 -0.249104 -3.00742
vn -0.920318 -0.338126 0.196688
v 0.224152 -0.283581 -3.00324
vn -0.929316 -0.369102 0.0116188
v 0.242072 -0.293226 -2.97234
vn -0.793142 -0.15176 0.589826
v 0.242072 -0.293226 -2.97234
vn -0.793142 -0.15176 0.589826
v 0.224152 -0.283581 -3.00324
vn -0.929316 -0.369102 0.0116188
v 0.233328 -0.306093 -2.99635
vn -0.959871 -0.260705 0.103342
v 0.25395 -0.329376 -2.96322
vn -0.677602 -0.0321101 0.734727
v 0.242072 -0.293226 -2.97234
vn -0.793142 -0.15176 0.589826
v 0.233328 -0.306093 -2.99635
vn -0.959871 -0.260705 0.103342
v 0.233328 -0.306093 -2.99635
vn -0.959871 -0.260705 0.103342
v 0.240469 -0.33692 -2.98605
vn -0.995396 0.086756 0.040756
v 0.25395 -0.329376 -2.96322
vn -0.677602 -0.0321101 0.734727
v 0.240469 -0.33692 -2.98605
vn -0.995396 0.086756 0.040756
v 0.23756 -0.361808 -2.98125
vn -0.840284 0.0937537 0.533978
v 0.254529 -0.370854 -2.96358
vn -0.699344 -0.0550887 0.712659
v 0.254529 -0.370854 -2.96358
vn -0.699344 -0.0550887 0.712659
v 0.25395 -0.329376 -2.96322
vn -0.677602 -0.0321101 0.734727
v 0.240469 -0.33692 -2.98605
vn -0.995396 0.086756 0.040756
v 0.25395 -0.329376 -2.96322
vn -0.677602 -0.0321101 0.734727
v 0.254529 -0.370854 -2.96358
vn -0.699344 -0.0550887 0.712659
v 0.277604 -0.372185 -2.9467
vn -0.429959 0.0972253 0.897598
v 0.277604 -0.372185 -2.9467
vn -0.429959 0.0972253 0.897598
v 0.254529 -0.370854 -2.96358
vn -0.699344 -0.0550887 0.712659
v 0.275592 -0.395336 -2.9466
vn -0.618162 0.040801 0.784991
v 0.275592 -0.395336 -2.9466
vn -0.618162 0.040801 0.784991
v 0.264625 -0.428963 -2.95306
vn -0.826579 -0.166609 0.537594
v 0.296797 -0.452185 -2.92728
vn -0.516853 -0.406654 0.753323
v 0.296797 -0.452185 -2.92728
vn -0.516853 -0.406654 0.753323
v 0.306316 -0.402653 -2.93199
vn -0.138194 0.218772 0.965941
v 0.275592 -0.395336 -2.9466
vn -0.618162 0.040801 0.784991
v 0.277604 -0.372185 -2.9467
vn -0.429959 0.0972253 0.897598
v 0.275592 -0.395336 -2.9466
vn -0.618162 0.040801 0.784991
v 0.306316 -0.402653 -2.93199
vn -0.138194 0.218772 0.965941
v 0.306316 -0.402653 -2.93199
vn -0.138194 0.218772 0.965941
v 0.296797 -0.452185 -2.92728
vn -0.516853 -0.406654 0.753323
v 0.336741 -0.454689 -2.91355
vn 0.110201 -0.675648 0.728941
v 0.336741 -0.454689 -2.91355
vn 0.110201 -0.675648 0.728941
v 0.333795 -0.418878 -2.93591
vn 0.710907 0.445451 0.544228
v 0.306316 -0.402653 -2.93199
vn -0.138194 0.218772 0.965941
v 0.333795 -0.418878 -2.93591
vn 0.710907 0.445451 0.544228
v 0.336741 -0.454689 -2.91355
vn 0.110201 -0.675648 0.728941
v 0.355411 -0.460159 -2.91164
vn 0.913626 0.0341204 0.405121
v 0.355411 -0.460159 -2.91164
vn 0.913626 0.0341204 0.405121
v 0.349763 -0.452432 -2.92685
vn 0.806518 -0.492296 -0.327374
v 0.333795 -0.418878 -2.93591
vn 0.710907 0.445451 0.544228
v 0.333795 -0.418878 -2.93591
vn 0.710907 0.445451 0.544228
v 0.349763 -0.452432 -2.92685
vn 0.806518 -0.492296 -0.327374
v 0.343695 -0.457096 -2.94395
vn 0.652599 -0.626188 0.426619
v 0.304833 -0.373936 -2.93756
vn 0.164139 0.307715 0.937214
v 0.306316 -0.402653 -2.93199
vn -0.138194 0.218772 0.965941
v 0.333795 -0.418878 -2.93591
vn 0.710907 0.445451 0.544228
v 0.306316 -0.402653 -2.93199
vn -0.138194 0.218772 0.965941
v 0.304833 -0.373936 -2.93756
vn 0.164139 0.307715 0.937214
v 0.277604 -0.372185 -2.9467
vn -0.429959 0.0972253 0.897598
v 0.304833 -0.373936 -2.93756
vn 0.164139 0.307715 0.937214
v 0.28658 -0.336021 -2.95001
vn 0.11623 0.167222 0.979044
v 0.277604 -0.372185 -2.9467
vn -0.429959 0.0972253 0.897598
v 0.277604 -0.372185 -2.9467
vn -0.429959 0.0972253 0.897598
v 0.28658 -0.336021 -2.95001
vn 0.11623 0.167222 0.979044
v 0.25395 -0.329376 -2.96322
vn -0.677602 -0.0321101 0.734727
v 0.333795 -0.418878 -2.93591
vn 0.710907 0.445451 0.544228
v 0.332245 -0.383894 -2.95272
vn 0.677153 0.35396 0.645117
v 0.304833 -0.373936 -2.93756
vn 0.164139 0.307715 0.937214
v 0.28658 -0.336021 -2.95001
vn 0.11623 0.167222 0.979044
v 0.304833 -0.373936 -2.93756
vn 0.164139 0.307715 0.937214
v 0.332245 -0.383894 -2.95272
vn 0.677153 0.35396 0.645117
v 0.332245 -0.383894 -2.95272
vn 0.677153 0.35396 0.645117
v 0.333795 -0.418878 -2.93591
vn 0.710907 0.445451 0.544228
v 0.343695 -0.457096 -2.94395
vn 0.652599 -0.626188 0.426619
v 0.343695 -0.457096 -2.94395
vn 0.652599 -0.626188 0.426619
v 0.349058 -0.420854 -2.95466
vn 0.674054 0.405548 0.6174
v 0.332245 -0.383894 -2.95272
vn 0.677153 0.35396 0.645117
v 0.349058 -0.420854 -2.95466
vn 0.674054 0.405548 0.6174
v 0.343695 -0.457096 -2.94395
vn 0.652599 -0.626188 0.426619
v 0.364418 -0.461222 -2.93914
vn 0.445928 -0.396117 0.802646
v 0.364418 -0.461222 -2.93914
vn 0.445928 -0.396117 0.802646
v 0.371583 -0.452088 -2.94701
vn 0.890938 0.207382 0.404009
v 0.349058 -0.420854 -2.95466
vn 0.674054 0.405548 0.6174
v 0.349058 -0.420854 -2.95466
vn 0.674054 0.405548 0.6174
v 0.371583 -0.452088 -2.94701
vn 0.890938 0.207382 0.404009
v 0.372426 -0.453846 -2.96794
vn 0.89358 -0.419721 -0.159216
v 0.372426 -0.453846 -2.96794
vn 0.89358 -0.419721 -0.159216
v 0.350938 -0.4027 -2.98274
vn 0.961141 0.24728 -0.122725
v 0.349058 -0.420854 -2.95466
vn 0.674054 0.405548 0.6174
v 0.349058 -0.420854 -2.95466
vn 0.674054 0.405548 0.6174
v 0.350938 -0.4027 -2.98274
vn 0.961141 0.24728 -0.122725
v 0.344868 -0.375517 -2.9736
vn 0.916922 0.342948 0.204062
v 0.344868 -0.375517 -2.9736
vn 0.916922 0.342948 0.204062
v 0.332245 -0.383894 -2.95272
vn 0.677153 0.35396 0.645117
v 0.349058 -0.420854 -2.95466
vn 0.674054 0.405548 0.6174
v 0.338125 -0.413852 -3.01147
vn 0.719672 0.0441025 -0.692913
v 0.350938 -0.4027 -2.98274
vn 0.961141 0.24728 -0.122725
v 0.372426 -0.453846 -2.96794
vn 0.89358 -0.419721 -0.159216
v 0.372426 -0.453846 -2.96794
vn 0.89358 -0.419721 -0.159216
v 0.349522 -0.456548 -3.00023
vn 0.494298 -0.640121 -0.588145
v 0.338125 -0.413852 -3.01147
vn 0.719672 0.0441025 -0.692913
v 0.327733 -0.441031 -3.0181
vn 0.623776 -0.345363 -0.701162
v 0.338125 -0.413852 -3.01147
vn 0.719672 0.0441025 -0.692913
v 0.349522 -0.456548 -3.00023
vn 0.494298 -0.640121 -0.588145
v 0.327733 -0.441031 -3.0181
vn 0.623776 -0.345363 -0.701162
v 0.349522 -0.456548 -3.00023
vn 0.494298 -0.640121 -0.588145
v 0.316165 -0.460973 -3.00403
vn 0.0497905 -0.940311 -0.336654
v 0.316165 -0.460973 -3.00403
vn 0.0497905 -0.940311 -0.336654
v 0.31167 -0.457748 -3.01566
vn 0.0480964 -0.979449 -0.195872
v 0.327733 -0.441031 -3.0181
vn 0.623776 -0.345363 -0.701162
v 0.31167 -0.457748 -3.01566
vn 0.0480964 -0.979449 -0.195872
v 0.316165 -0.460973 -3.00403
vn 0.0497905 -0.940311 -0.336654
v 0.287177 -0.451122 -2.98783
vn -0.573503 -0.789934 -0.217023
v 0.327733 -0.441031 -3.0181
vn 0.623776 -0.345363 -0.701162
v 0.31167 -0.457748 -3.01566
vn 0.0480964 -0.979449 -0.195872
v 0.311509 -0.456619 -3.02628
vn 0.213228 -0.757148 -0.617464
v 0.287177 -0.451122 -2.98783
vn -0.573503 -0.789934 -0.217023
v 0.287861 -0.447523 -3.01947
vn -0.636834 -0.702645 -0.317383
v 0.31167 -0.457748 -3.01566
vn 0.0480964 -0.979449 -0.195872
v 0.311509 -0.456619 -3.02628
vn 0.213228 -0.757148 -0.617464
v 0.31167 -0.457748 -3.01566
vn 0.0480964 -0.979449 -0.195872
v 0.287861 -0.447523 -3.01947
vn -0.636834 -0.702645 -0.317383
v 0.287861 -0.447523 -3.01947
vn -0.636834 -0.702645 -0.317383
v 0.29955 -0.444867 -3.03343
vn -0.261873 -0.199161 -0.944329
v 0.311509 -0.456619 -3.02628
vn 0.213228 -0.757148 -0.617464
v 0.261065 -0.380684 -3.00952
vn -0.718619 -0.258668 -0.645506
v 0.287861 -0.447523 -3.01947
vn -0.636834 -0.702645 -0.317383
v 0.287177 -0.451122 -2.98783
vn -0.573503 -0.789934 -0.217023
v 0.29955 -0.444867 -3.03343
vn -0.261873 -0.199161 -0.944329
v 0.287861 -0.447523 -3.01947
vn -0.636834 -0.702645 -0.317383
v 0.261065 -0.380684 -3.00952
vn -0.718619 -0.258668 -0.645506
v 0.313423 -0.438555 -3.03079
vn 0.450682 -0.0779741 -0.889273
v 0.311509 -0.456619 -3.02628
vn 0.213228 -0.757148 -0.617464
v 0.29955 -0.444867 -3.03343
vn -0.261873 -0.199161 -0.944329
v 0.311509 -0.456619 -3.02628
vn 0.213228 -0.757148 -0.617464
v 0.313423 -0.438555 -3.03079
vn 0.450682 -0.0779741 -0.889273
v 0.327733 -0.441031 -3.0181
vn 0.623776 -0.345363 -0.701162
v 0.312491 -0.397948 -3.02613
vn 0.333608 0.0436779 -0.9417
v 0.313423 -0.438555 -3.03079
vn 0.450682 -0.0779741 -0.889273
v 0.29955 -0.444867 -3.03343
vn -0.261873 -0.199161 -0.944329
v 0.327733 -0.441031 -3.0181
vn 0.623776 -0.345363 -0.701162
v 0.313423 -0.438555 -3.03079
vn 0.450682 -0.0779741 -0.889273
v 0.312491 -0.397948 -3.02613
vn 0.333608 0.0436779 -0.9417
v 0.312491 -0.397948 -3.02613
vn 0.333608 0.0436779 -0.9417
v 0.338125 -0.413852 -3.01147
vn 0.719672 0.0441025 -0.692913
v 0.327733 -0.441031 -3.0181
vn 0.623776 -0.345363 -0.701162
v 0.29955 -0.444867 -3.03343
vn -0.261873 -0.199161 -0.944329
v 0.289289 -0.412046 -3.02864
vn -0.293807 -0.0307585 -0.95537
v 0.312491 -0.397948 -3.02613
vn 0.333608 0.0436779 -0.9417
v 0.261065 -0.380684 -3.00952
vn -0.718619 -0.258668 -0.645506
v 0.289289 -0.412046 -3.02864
vn -0.293807 -0.0307585 -0.95537
v 0.29955 -0.444867 -3.03343
vn -0.261873 -0.199161 -0.944329
v 0.286449 -0.363476 -3.03296
vn -0.0489037 -0.1087 -0.992871
v 0.312491 -0.397948 -3.02613
vn 0.333608 0.0436779 -0.9417
v 0.289289 -0.412046 -3.02864
vn -0.293807 -0.0307585 -0.95537
v 0.289289 -0.412046 -3.02864
vn -0.293807 -0.0307585 -0.95537
v 0.261065 -0.380684 -3.00952
vn -0.718619 -0.258668 -0.645506
v 0.286449 -0.363476 -3.03296
vn -0.0489037 -0.1087 -0.992871
v 0.332421 -0.364477 -3.01775
vn 0.744878 0.141143 -0.6521
v 0.350938 -0.4027 -2.98274
vn 0.961141 0.24728 -0.122725
v 0.338125 -0.413852 -3.01147
vn 0.719672 0.0441025 -0.692913
v 0.338125 -0.413852 -3.01147
vn 0.719672 0.0441025 -0.692913
v 0.312491 -0.397948 -3.02613
vn 0.333608 0.0436779 -0.9417
v 0.332421 -0.364477 -3.01775
vn 0.744878 0.141143 -0.6521
v 0.344868 -0.375517 -2.9736
vn 0.916922 0.342948 0.204062
v 0.350938 -0.4027 -2.98274
vn 0.961141 0.24728 -0.122725
v 0.332421 -0.364477 -3.01775
vn 0.744878 0.141143 -0.6521
v 0.332421 -0.364477 -3.01775
vn 0.744878 0.141143 -0.6521
v 0.312491 -0.397948 -3.02613
vn 0.333608 0.0436779 -0.9417
v 0.286449 -0.363476 -3.03296
vn -0.0489037 -0.1087 -0.992871
v 0.332421 -0.364477 -3.01775
vn 0.744878 0.141143 -0.6521
v 0.327799 -0.332747 -2.99712
vn 0.940353 0.340131 0.00691136
v 0.344868 -0.375517 -2.9736
vn 0.916922 0.342948 0.204062
v 0.332245 -0.383894 -2.95272
vn 0.677153 0.35396 0.645117
v 0.344868 -0.375517 -2.9736
vn 0.916922 0.342948 0.204062
v 0.327799 -0.332747 -2.99712
vn 0.940353 0.340131 0.00691136
v 0.304172 -0.329189 -3.03182
vn 0.54565 0.098072 -0.832255
v 0.327799 -0.332747 -2.99712
vn 0.940353 0.340131 0.00691136
v 0.332421 -0.364477 -3.01775
vn 0.744878 0.141143 -0.6521
v 0.286449 -0.363476 -3.03296
vn -0.0489037 -0.1087 -0.992871
v 0.304172 -0.329189 -3.03182
vn 0.54565 0.098072 -0.832255
v 0.332421 -0.364477 -3.01775
vn 0.744878 0.141143 -0.6521
v 0.315584 -0.28713 -3.00157
vn 0.970054 0.103006 -0.219965
v 0.327799 -0.332747 -2.99712
vn 0.940353 0.340131 0.00691136
v 0.304172 -0.329189 -3.03182
vn 0.54565 0.098072 -0.832255
v 0.304172 -0.329189 -3.03182
vn 0.54565 0.098072 -0.832255
v 0.292735 -0.2863 -3.03612
vn 0.492368 -0.0808925 -0.86662
v 0.315584 -0.28713 -3.00157
vn 0.970054 0.103006 -0.219965
v 0.292735 -0.2863 -3.03612
vn 0.492368 -0.0808925 -0.86662
v 0.304172 -0.329189 -3.03182
vn 0.54565 0.098072 -0.832255
v 0.265772 -0.318228 -3.03662
vn -0.288101 -0.25807 -0.92217
v 0.265772 -0.318228 -3.03662
vn -0.288101 -0.25807 -0.92217
v 0.304172 -0.329189 -3.03182
vn 0.54565 0.098072 -0.832255
v 0.286449 -0.363476 -3.03296
vn -0.0489037 -0.1087 -0.992871
v 0.265772 -0.318228 -3.03662
vn -0.288101 -0.25807 -0.92217
v 0.286449 -0.363476 -3.03296
vn -0.0489037 -0.1087 -0.992871
v 0.261065 -0.380684 -3.00952
vn -0.718619 -0.258668 -0.645506
v 0.265772 -0.318228 -3.03662
vn -0.288101 -0.25807 -0.92217
v 0.253151 -0.282489 -3.04525
vn -0.226089 -0.282666 -0.932193
v 0.292735 -0.2863 -3.03612
vn 0.492368 -0.0808925 -0.86662
v 0.229538 -0.280771 -3.0292
vn -0.712791 -0.43792 -0.547864
v 0.253151 -0.282489 -3.04525
vn -0.226089 -0.282666 -0.932193
v 0.265772 -0.318228 -3.03662
vn -0.288101 -0.25807 -0.92217
v 0.265772 -0.318228 -3.03662
vn -0.288101 -0.25807 -0.92217
v 0.243693 -0.313739 -3.02003
vn -0.801511 -0.388087 -0.454939
v 0.229538 -0.280771 -3.0292
vn -0.712791 -0.43792 -0.547864
v 0.261065 -0.380684 -3.00952
vn -0.718619 -0.258668 -0.645506
v 0.243693 -0.313739 -3.02003
vn -0.801511 -0.388087 -0.454939
v 0.265772 -0.318228 -3.03662
vn -0.288101 -0.25807 -0.92217
v 0.224152 -0.283581 -3.00324
vn -0.929316 -0.369102 0.0116188
v 0.229538 -0.280771 -3.0292
vn -0.712791 -0.43792 -0.547864
v 0.243693 -0.313739 -3.02003
vn -0.801511 -0.388087 -0.454939
v 0.243693 -0.313739 -3.02003
vn -0.801511 -0.388087 -0.454939
v 0.233328 -0.306093 -2.99635
vn -0.959871 -0.260705 0.103342
v 0.224152 -0.283581 -3.00324
vn -0.929316 -0.369102 0.0116188
v 0.233328 -0.306093 -2.99635
vn -0.959871 -0.260705 0.103342
v 0.243693 -0.313739 -3.02003
vn -0.801511 -0.388087 -0.454939
v 0.261065 -0.380684 -3.00952
vn -0.718619 -0.258668 -0.645506
v 0.261065 -0.380684 -3.00952
vn -0.718619 -0.258668 -0.645506
v 0.240469 -0.33692 -2.98605
vn -0.995396 0.086756 0.040756
v 0.233328 -0.306093 -2.99635
vn -0.959871 -0.260705 0.103342
v 0.240469 -0.33692 -2.98605
vn -0.995396 0.086756 0.040756
v 0.261065 -0.380684 -3.00952
vn -0.718619 -0.258668 -0.645506
v 0.238383 -0.373881 -2.99352
vn -0.660139 0.0430149 -0.749911
v 0.238383 -0.373881 -2.99352
vn -0.660139 0.0430149 -0.749911
v 0.235894 -0.355872 -2.9879
vn -0.974691 0.126554 -0.184288
v 0.240469 -0.33692 -2.98605
vn -0.995396 0.086756 0.040756
v 0.23756 -0.361808 -2.98125
vn -0.840284 0.0937537 0.533978
v 0.240469 -0.33692 -2.98605
vn -0.995396 0.086756 0.040756
v 0.235894 -0.355872 -2.9879
vn -0.974691 0.126554 -0.184288
v 0.235894 -0.355872 -2.9879
vn -0.974691 0.126554 -0.184288
v 0.238383 -0.373881 -2.99352
vn -0.660139 0.0430149 -0.749911
v 0.235077 -0.387312 -2.98664
vn -0.966434 -0.25302 -0.0445712
v 0.235077 -0.387312 -2.98664
vn -0.966434 -0.25302 -0.0445712
v 0.238383 -0.373881 -2.99352
vn -0.660139 0.0430149 -0.749911
v 0.261065 -0.380684 -3.00952
vn -0.718619 -0.258668 -0.645506
v 0.235077 -0.387312 -2.98664
vn -0.966434 -0.25302 -0.0445712
v 0.23756 -0.361808 -2.98125
vn -0.840284 0.0937537 0.533978
v 0.235894 -0.355872 -2.9879
vn -0.974691 0.126554 -0.184288
v 0.254529 -0.370854 -2.96358
vn -0.699344 -0.0550887 0.712659
v 0.23756 -0.361808 -2.98125
vn -0.840284 0.0937537 0.533978
v 0.235077 -0.387312 -2.98664
vn -0.966434 -0.25302 -0.0445712
v 0.235077 -0.387312 -2.98664
vn -0.966434 -0.25302 -0.0445712
v 0.250197 -0.406127 -2.98232
vn -0.90148 -0.428225 0.0628988
v 0.254529 -0.370854 -2.96358
vn -0.699344 -0.0550887 0.712659
v 0.275592 -0.395336 -2.9466
vn -0.618162 0.040801 0.784991
v 0.254529 -0.370854 -2.96358
vn -0.699344 -0.0550887 0.712659
v 0.250197 -0.406127 -2.98232
vn -0.90148 -0.428225 0.0628988
v 0.261065 -0.380684 -3.00952
vn -0.718619 -0.258668 -0.645506
v 0.250197 -0.406127 -2.98232
vn -0.90148 -0.428225 0.0628988
v 0.235077 -0.387312 -2.98664
vn -0.966434 -0.25302 -0.0445712
v 0.287177 -0.451122 -2.98783
vn -0.573503 -0.789934 -0.217023
v 0.250197 -0.406127 -2.98232
vn -0.90148 -0.428225 0.0628988
v 0.261065 -0.380684 -3.00952
vn -0.718619 -0.258668 -0.645506
v 0.250197 -0.406127 -2.98232
vn -0.90148 -0.428225 0.0628988
v 0.287177 -0.451122 -2.98783
vn -0.573503 -0.789934 -0.217023
v 0.273941 -0.450424 -2.95694
vn -0.666583 -0.739805 0.091414
v 0.273941 -0.450424 -2.95694
vn -0.666583 -0.739805 0.091414
v 0.264625 -0.428963 -2.95306
vn -0.826579 -0.166609 0.537594
v 0.250197 -0.406127 -2.98232
vn -0.90148 -0.428225 0.0628988
v 0.296797 -0.452185 -2.92728
vn -0.516853 -0.406654 0.753323
v 0.264625 -0.428963 -2.95306
vn -0.826579 -0.166609 0.537594
v 0.273941 -0.450424 -2.95694
vn -0.666583 -0.739805 0.091414
v 0.250197 -0.406127 -2.98232
vn -0.90148 -0.428225 0.0628988
v 0.264625 -0.428963 -2.95306
vn -0.826579 -0.166609 0.537594
v 0.275592 -0.395336 -2.9466
vn -0.618162 0.040801 0.784991
v 0.213675 -0.24386 -3.03832
vn -0.750422 -0.37605 -0.543556
v 0.229538 -0.280771 -3.0292
vn -0.712791 -0.43792 -0.547864
v 0.224152 -0.283581 -3.00324
vn -0.929316 -0.369102 0.0116188
v 0.253151 -0.282489 -3.04525
vn -0.226089 -0.282666 -0.932193
v 0.229538 -0.280771 -3.0292
vn -0.712791 -0.43792 -0.547864
v 0.213675 -0.24386 -3.03832
vn -0.750422 -0.37605 -0.543556
v 0.224152 -0.283581 -3.00324
vn -0.929316 -0.369102 0.0116188
v 0.212276 -0.249104 -3.00742
vn -0.920318 -0.338126 0.196688
v 0.213675 -0.24386 -3.03832
vn -0.750422 -0.37605 -0.543556
v 0.213675 -0.24386 -3.03832
vn -0.750422 -0.37605 -0.543556
v 0.243112 -0.237843 -3.05303
vn -0.128295 -0.252027 -0.959178
v 0.253151 -0.282489 -3.04525
vn -0.226089 -0.282666 -0.932193
v 0.292735 -0.2863 -3.03612
vn 0.492368 -0.0808925 -0.86662
v 0.253151 -0.282489 -3.04525
vn -0.226089 -0.282666 -0.932193
v 0.243112 -0.237843 -3.05303
vn -0.128295 -0.252027 -0.959178
v 0.192968 -0.185655 -3.04673
vn -0.774299 -0.395484 -0.494018
v 0.213675 -0.24386 -3.03832
vn -0.750422 -0.37605 -0.543556
v 0.212276 -0.249104 -3.00742
vn -0.920318 -0.338126 0.196688
v 0.243112 -0.237843 -3.05303
vn -0.128295 -0.252027 -0.959178
v 0.213675 -0.24386 -3.03832
vn -0.750422 -0.37605 -0.543556
v 0.192968 -0.185655 -3.04673
vn -0.774299 -0.395484 -0.494018
v 0.212276 -0.249104 -3.00742
vn -0.920318 -0.338126 0.196688
v 0.190488 -0.203223 -2.99782
vn -0.81861 -0.473212 0.325497
v 0.192968 -0.185655 -3.04673
vn -0.774299 -0.395484 -0.494018
v 0.192968 -0.185655 -3.04673
vn -0.774299 -0.395484 -0.494018
v 0.190488 -0.203223 -2.99782
vn -0.81861 -0.473212 0.325497
v 0.173986 -0.170513 -2.97551
vn -0.587411 -0.808047 0.0448216
v 0.173986 -0.170513 -2.97551
vn -0.587411 -0.808047 0.0448216
v 0.177397 -0.140705 -3.06362
vn -0.516725 -0.596162 -0.614481
v 0.192968 -0.185655 -3.04673
vn -0.774299 -0.395484 -0.494018
v 0.192968 -0.185655 -3.04673
vn -0.774299 -0.395484 -0.494018
v 0.230879 -0.165731 -3.07617
vn -0.0462793 -0.383487 -0.922386
v 0.243112 -0.237843 -3.05303
vn -0.128295 -0.252027 -0.959178
v 0.230879 -0.165731 -3.07617
vn -0.0462793 -0.383487 -0.922386
v 0.192968 -0.185655 -3.04673
vn -0.774299 -0.395484 -0.494018
v 0.177397 -0.140705 -3.06362
vn -0.516725 -0.596162 -0.614481
v 0.152176 -0.127346 -3.04752
vn -0.0480615 -0.883272 -0.466392
v 0.177397 -0.140705 -3.06362
vn -0.516725 -0.596162 -0.614481
v 0.173986 -0.170513 -2.97551
vn -0.587411 -0.808047 0.0448216
v 0.173986 -0.170513 -2.97551
vn -0.587411 -0.808047 0.0448216
v 0.143276 -0.154116 -2.98859
vn 0.135175 -0.959842 -0.245828
v 0.152176 -0.127346 -3.04752
vn -0.0480615 -0.883272 -0.466392
v 0.143276 -0.154116 -2.98859
vn 0.135175 -0.959842 -0.245828
v 0.173986 -0.170513 -2.97551
vn -0.587411 -0.808047 0.0448216
v 0.178437 -0.16301 -2.91305
vn 0.051878 -0.998417 0.0217479
v 0.178437 -0.16301 -2.91305
vn 0.051878 -0.998417 0.0217479
v 0.162521 -0.164578 -2.87912
vn 0.102615 -0.991926 0.0745241
v 0.0933971 -0.175482 -2.9307
vn 0.0735762 -0.995888 0.0528593
v 0.0933971 -0.175482 -2.9307
vn 0.0735762 -0.995888 0.0528593
v 0.112196 -0.170795 -2.96633
vn 0.242314 -0.957289 -0.157737
v 0.178437 -0.16301 -2.91305
vn 0.051878 -0.998417 0.0217479
v 0.178437 -0.16301 -2.91305
vn 0.051878 -0.998417 0.0217479
v 0.112196 -0.170795 -2.96633
vn 0.242314 -0.957289 -0.157737
v 0.143276 -0.154116 -2.98859
vn 0.135175 -0.959842 -0.245828
v -0.0790782 -0.18868 -3.11961
vn 0.0469617 -0.989079 -0.139707
v 0.112196 -0.170795 -2.96633
vn 0.242314 -0.957289 -0.157737
v 0.0933971 -0.175482 -2.9307
vn 0.0735762 -0.995888 0.0528593
v 0.0933971 -0.175482 -2.9307
vn 0.0735762 -0.995888 0.0528593
v -0.10765 -0.191443 -3.08067
vn -0.0300792 -0.999248 -0.0244534
v -0.0790782 -0.18868 -3.11961
vn 0.0469617 -0.989079 -0.139707
v -0.0790782 -0.18868 -3.11961
vn 0.0469617 -0.989079 -0.139707
v -0.10765 -0.191443 -3.08067
vn -0.0300792 -0.999248 -0.0244534
v -0.24361 -0.167367 -3.18202
vn -0.033894 -0.999053 -0.027298
v -0.24361 -0.167367 -3.18202
vn -0.033894 -0.999053 -0.027298
v -0.215693 -0.166193 -3.21981
vn 0.046557 -0.989571 -0.136318
v -0.0790782 -0.18868 -3.11961
vn 0.0469617 -0.989079 -0.139707
v 0.243112 -0.237843 -3.05303
vn -0.128295 -0.252027 -0.959178
v 0.289877 -0.234421 -3.04672
vn 0.514419 -0.22401 -0.827764
v 0.292735 -0.2863 -3.03612
vn 0.492368 -0.0808925 -0.86662
v -0.314659 -0.171683 -3.29278
vn 0.118921 -0.988712 -0.0911406
v -0.215693 -0.166193 -3.21981
vn 0.046557 -0.989571 -0.136318
v -0.24361 -0.167367 -3.18202
vn -0.033894 -0.999053 -0.027298
v -0.24361 -0.167367 -3.18202
vn -0.033894 -0.999053 -0.027298
v -0.342335 -0.174097 -3.25566
vn 0.0315538 -0.99927 0.0215123
v -0.314659 -0.171683 -3.29278
vn 0.118921 -0.988712 -0.0911406
v -0.18252 -0.151752 -3.26532
vn 0.122451 -0.96324 -0.239113
v -0.215693 -0.166193 -3.21981
vn 0.046557 -0.989571 -0.136318
v -0.314659 -0.171683 -3.29278
vn 0.118921 -0.988712 -0.0911406
v -0.0790782 -0.18868 -3.11961
vn 0.0469617 -0.989079 -0.139707
v -0.215693 -0.166193 -3.21981
vn 0.046557 -0.989571 -0.136318
v -0.18252 -0.151752 -3.26532
vn 0.122451 -0.96324 -0.239113
v -0.18252 -0.151752 -3.26532
vn 0.122451 -0.96324 -0.239113
v -0.0461953 -0.175293 -3.16501
vn 0.179859 -0.948896 -0.259319
v -0.0790782 -0.18868 -3.11961
vn 0.0469617 -0.989079 -0.139707
v 0.112196 -0.170795 -2.96633
vn 0.242314 -0.957289 -0.157737
v -0.0790782 -0.18868 -3.11961
vn 0.0469617 -0.989079 -0.139707
v -0.0461953 -0.175293 -3.16501
vn 0.179859 -0.948896 -0.259319
v 0.124796 -0.135709 -3.0713
vn 0.481376 -0.813681 -0.325885
v 0.152176 -0.127346 -3.04752
vn -0.0480615 -0.883272 -0.466392
v 0.143276 -0.154116 -2.98859
vn 0.135175 -0.959842 -0.245828
v 0.112196 -0.170795 -2.96633
vn 0.242314 -0.957289 -0.157737
v 0.10953 -0.159767 -3.01608
vn 0.344286 -0.906128 -0.245761
v 0.143276 -0.154116 -2.98859
vn 0.135175 -0.959842 -0.245828
v -0.0461953 -0.175293 -3.16501
vn 0.179859 -0.948896 -0.259319
v 0.10953 -0.159767 -3.01608
vn 0.344286 -0.906128 -0.245761
v 0.112196 -0.170795 -2.96633
vn 0.242314 -0.957289 -0.157737
v 0.143276 -0.154116 -2.98859
vn 0.135175 -0.959842 -0.245828
v 0.10953 -0.159767 -3.01608
vn 0.344286 -0.906128 -0.245761
v 0.124796 -0.135709 -3.0713
vn 0.481376 -0.813681 -0.325885
v 0.10953 -0.159767 -3.01608
vn 0.344286 -0.906128 -0.245761
v -0.0461953 -0.175293 -3.16501
vn 0.179859 -0.948896 -0.259319
v -0.00641835 -0.148071 -3.22007
vn 0.312949 -0.88989 -0.331901
v -0.00641835 -0.148071 -3.22007
vn 0.312949 -0.88989 -0.331901
v 0.124796 -0.135709 -3.0713
vn 0.481376 -0.813681 -0.325885
v 0.10953 -0.159767 -3.01608
vn 0.344286 -0.906128 -0.245761
v -0.0461953 -0.175293 -3.16501
vn 0.179859 -0.948896 -0.259319
v -0.18252 -0.151752 -3.26532
vn 0.122451 -0.96324 -0.239113
v -0.123226 -0.123354 -3.33086
vn 0.217894 -0.874114 -0.434105
v -0.123226 -0.123354 -3.33086
vn 0.217894 -0.874114 -0.434105
v -0.00641835 -0.148071 -3.22007
vn 0.312949 -0.88989 -0.331901
v -0.0461953 -0.175293 -3.16501
vn 0.179859 -0.948896 -0.259319
v -0.314659 -0.171683 -3.29278
vn 0.118921 -0.988712 -0.0911406
v -0.282842 -0.158465 -3.3353
vn 0.209545 -0.94192 -0.262444
v -0.18252 -0.151752 -3.26532
vn 0.122451 -0.96324 -0.239113
v -0.123226 -0.123354 -3.33086
vn 0.217894 -0.874114 -0.434105
v -0.18252 -0.151752 -3.26532
vn 0.122451 -0.96324 -0.239113
v -0.282842 -0.158465 -3.3353
vn 0.209545 -0.94192 -0.262444
v -0.282842 -0.158465 -3.3353
vn 0.209545 -0.94192 -0.262444
v -0.314659 -0.171683 -3.29278
vn 0.118921 -0.988712 -0.0911406
v -0.374651 -0.173765 -3.33851
vn 0.1109 -0.987819 -0.109156
v -0.374651 -0.173765 -3.33851
vn 0.1109 -0.987819 -0.109156
v -0.314659 -0.171683 -3.29278
vn 0.118921 -0.988712 -0.0911406
v -0.342335 -0.174097 -3.25566
vn 0.0315538 -0.99927 0.0215123
v -0.342335 -0.174097 -3.25566
vn 0.0315538 -0.99927 0.0215123
v -0.403826 -0.17654 -3.30148
vn 0.0165554 -0.999809 0.0103641
v -0.374651 -0.173765 -3.33851
vn 0.1109 -0.987819 -0.109156
v -0.374651 -0.173765 -3.33851
vn 0.1109 -0.987819 -0.109156
v -0.403826 -0.17654 -3.30148
vn 0.0165554 -0.999809 0.0103641
v -0.494446 -0.177345 -3.36912
vn -0.0898331 -0.993555 -0.069121
v -0.494446 -0.177345 -3.36912
vn -0.0898331 -0.993555 -0.069121
v -0.445828 -0.175192 -3.39202
vn -0.00666338 -0.986569 -0.163211
v -0.374651 -0.173765 -3.33851
vn 0.1109 -0.987819 -0.109156
v -0.374651 -0.173765 -3.33851
vn 0.1109 -0.987819 -0.109156
v -0.445828 -0.175192 -3.39202
vn -0.00666338 -0.986569 -0.163211
v -0.401825 -0.163765 -3.42019
vn 0.313458 -0.925071 -0.214449
v -0.401825 -0.163765 -3.42019
vn 0.313458 -0.925071 -0.214449
v -0.335244 -0.154991 -3.39
vn 0.254216 -0.878474 -0.404547
v -0.374651 -0.173765 -3.33851
vn 0.1109 -0.987819 -0.109156
v -0.374651 -0.173765 -3.33851
vn 0.1109 -0.987819 -0.109156
v -0.335244 -0.154991 -3.39
vn 0.254216 -0.878474 -0.404547
v -0.282842 -0.158465 -3.3353
vn 0.209545 -0.94192 -0.262444
v -0.326109 -0.110554 -3.44237
vn 0.46406 -0.804739 -0.370194
v -0.335244 -0.154991 -3.39
vn 0.254216 -0.878474 -0.404547
v -0.401825 -0.163765 -3.42019
vn 0.313458 -0.925071 -0.214449
v -0.401825 -0.163765 -3.42019
vn 0.313458 -0.925071 -0.214449
v -0.339905 -0.124698 -3.46525
vn 0.654572 -0.755993 0.00298326
v -0.326109 -0.110554 -3.44237
vn 0.46406 -0.804739 -0.370194
v -0.339905 -0.124698 -3.46525
vn 0.654572 -0.755993 0.00298326
v -0.401825 -0.163765 -3.42019
vn 0.313458 -0.925071 -0.214449
v -0.434748 -0.168472 -3.43746
vn 0.227106 -0.907616 0.353067
v -0.434748 -0.168472 -3.43746
vn 0.227106 -0.907616 0.353067
v -0.383123 -0.17397 -3.47569
vn 0.656808 -0.661798 0.361422
v -0.339905 -0.124698 -3.46525
vn 0.654572 -0.755993 0.00298326
v -0.383123 -0.17397 -3.47569
vn 0.656808 -0.661798 0.361422
v -0.434748 -0.168472 -3.43746
vn 0.227106 -0.907616 0.353067
v -0.45048 -0.191064 -3.44773
vn 0.03502 -0.594591 0.803266
v -0.45048 -0.191064 -3.44773
vn 0.03502 -0.594591 0.803266
v -0.429873 -0.221662 -3.48919
vn 0.530971 -0.659711 0.531837
v -0.383123 -0.17397 -3.47569
vn 0.656808 -0.661798 0.361422
v -0.383123 -0.17397 -3.47569
vn 0.656808 -0.661798 0.361422
v -0.429873 -0.221662 -3.48919
vn 0.530971 -0.659711 0.531837
v -0.411763 -0.212142 -3.55023
vn 0.788093 -0.435981 -0.434546
v 0.152176 -0.127346 -3.04752
vn -0.0480615 -0.883272 -0.466392
v 0.124796 -0.135709 -3.0713
vn 0.481376 -0.813681 -0.325885
v 0.146494 -0.0965887 -3.11167
vn 0.506752 -0.701645 -0.500896
v -0.411763 -0.212142 -3.55023
vn 0.788093 -0.435981 -0.434546
v -0.38065 -0.162521 -3.54627
vn 0.708324 -0.46776 -0.528657
v -0.383123 -0.17397 -3.47569
vn 0.656808 -0.661798 0.361422
v -0.339905 -0.124698 -3.46525
vn 0.654572 -0.755993 0.00298326
v -0.383123 -0.17397 -3.47569
vn 0.656808 -0.661798 0.361422
v -0.38065 -0.162521 -3.54627
vn 0.708324 -0.46776 -0.528657
v 0.152176 -0.127346 -3.04752
vn -0.0480615 -0.883272 -0.466392
v 0.146494 -0.0965887 -3.11167
vn 0.506752 -0.701645 -0.500896
v 0.176548 -0.093085 -3.10643
vn -0.0964677 -0.661563 -0.743658
v 0.176548 -0.093085 -3.10643
vn -0.0964677 -0.661563 -0.743658
v 0.177397 -0.140705 -3.06362
vn -0.516725 -0.596162 -0.614481
v 0.152176 -0.127346 -3.04752
vn -0.0480615 -0.883272 -0.466392
v 0.177397 -0.140705 -3.06362
vn -0.516725 -0.596162 -0.614481
v 0.176548 -0.093085 -3.10643
vn -0.0964677 -0.661563 -0.743658
v 0.199484 -0.105175 -3.10756
vn -0.171071 -0.560345 -0.8104
v 0.177397 -0.140705 -3.06362
vn -0.516725 -0.596162 -0.614481
v 0.199484 -0.105175 -3.10756
vn -0.171071 -0.560345 -0.8104
v 0.239228 -0.111291 -3.10571
vn 0.0795405 -0.523857 -0.848085
v 0.199484 -0.105175 -3.10756
vn -0.171071 -0.560345 -0.8104
v 0.176548 -0.093085 -3.10643
vn -0.0964677 -0.661563 -0.743658
v 0.192689 -0.0306826 -3.14425
vn 0.116992 -0.379774 -0.917652
v 0.239228 -0.111291 -3.10571
vn 0.0795405 -0.523857 -0.848085
v 0.199484 -0.105175 -3.10756
vn -0.171071 -0.560345 -0.8104
v 0.233023 -0.0532816 -3.13653
vn 0.132434 -0.295836 -0.946014
v 0.192689 -0.0306826 -3.14425
vn 0.116992 -0.379774 -0.917652
v 0.233023 -0.0532816 -3.13653
vn 0.132434 -0.295836 -0.946014
v 0.199484 -0.105175 -3.10756
vn -0.171071 -0.560345 -0.8104
v 0.239228 -0.111291 -3.10571
vn 0.0795405 -0.523857 -0.848085
v 0.230879 -0.165731 -3.07617
vn -0.0462793 -0.383487 -0.922386
v 0.177397 -0.140705 -3.06362
vn -0.516725 -0.596162 -0.614481
v 0.289877 -0.234421 -3.04672
vn 0.514419 -0.22401 -0.827764
v 0.243112 -0.237843 -3.05303
vn -0.128295 -0.252027 -0.959178
v 0.230879 -0.165731 -3.07617
vn -0.0462793 -0.383487 -0.922386
v 0.230879 -0.165731 -3.07617
vn -0.0462793 -0.383487 -0.922386
v 0.239228 -0.111291 -3.10571
vn 0.0795405 -0.523857 -0.848085
v 0.305384 -0.0996609 -3.08511
vn 0.477614 -0.427834 -0.767361
v 0.305384 -0.0996609 -3.08511
vn 0.477614 -0.427834 -0.767361
v 0.296094 -0.164982 -3.06077
vn 0.532909 -0.304913 -0.789326
v 0.230879 -0.165731 -3.07617
vn -0.0462793 -0.383487 -0.922386
v 0.230879 -0.165731 -3.07617
vn -0.0462793 -0.383487 -0.922386
v 0.296094 -0.164982 -3.06077
vn 0.532909 -0.304913 -0.789326
v 0.289877 -0.234421 -3.04672
vn 0.514419 -0.22401 -0.827764
v -0.280549 -0.121909 -3.41783
vn 0.306363 -0.701191 -0.643796
v -0.335244 -0.154991 -3.39
vn 0.254216 -0.878474 -0.404547
v -0.326109 -0.110554 -3.44237
vn 0.46406 -0.804739 -0.370194
v 0.289877 -0.234421 -3.04672
vn 0.514419 -0.22401 -0.827764
v 0.296094 -0.164982 -3.06077
vn 0.532909 -0.304913 -0.789326
v 0.336373 -0.16607 -3.01595
vn 0.859435 -0.381142 -0.340739
v -0.335244 -0.154991 -3.39
vn 0.254216 -0.878474 -0.404547
v -0.280549 -0.121909 -3.41783
vn 0.306363 -0.701191 -0.643796
v -0.244772 -0.123233 -3.38945
vn 0.3083 -0.792514 -0.526187
v -0.244772 -0.123233 -3.38945
vn 0.3083 -0.792514 -0.526187
v -0.282842 -0.158465 -3.3353
vn 0.209545 -0.94192 -0.262444
v -0.335244 -0.154991 -3.39
vn 0.254216 -0.878474 -0.404547
v -0.282842 -0.158465 -3.3353
vn 0.209545 -0.94192 -0.262444
v -0.244772 -0.123233 -3.38945
vn 0.3083 -0.792514 -0.526187
v -0.123226 -0.123354 -3.33086
vn 0.217894 -0.874114 -0.434105
v -0.0961519 -0.0697471 -3.38395
vn 0.378704 -0.557655 -0.73865
v -0.123226 -0.123354 -3.33086
vn 0.217894 -0.874114 -0.434105
v -0.244772 -0.123233 -3.38945
vn 0.3083 -0.792514 -0.526187
v 0.0288961 -0.111372 -3.26714
vn 0.45774 -0.742408 -0.489187
v -0.00641835 -0.148071 -3.22007
vn 0.312949 -0.88989 -0.331901
v -0.123226 -0.123354 -3.33086
vn 0.217894 -0.874114 -0.434105
v 0.124796 -0.135709 -3.0713
vn 0.481376 -0.813681 -0.325885
v -0.00641835 -0.148071 -3.22007
vn 0.312949 -0.88989 -0.331901
v 0.0288961 -0.111372 -3.26714
vn 0.45774 -0.742408 -0.489187
v 0.0288961 -0.111372 -3.26714
vn 0.45774 -0.742408 -0.489187
v 0.146494 -0.0965887 -3.11167
vn 0.506752 -0.701645 -0.500896
v 0.124796 -0.135709 -3.0713
vn 0.481376 -0.813681 -0.325885
v 0.0288961 -0.111372 -3.26714
vn 0.45774 -0.742408 -0.489187
v -0.123226 -0.123354 -3.33086
vn 0.217894 -0.874114 -0.434105
v -0.0961519 -0.0697471 -3.38395
vn 0.378704 -0.557655 -0.73865
v 0.146494 -0.0965887 -3.11167
vn 0.506752 -0.701645 -0.500896
v 0.0288961 -0.111372 -3.26714
vn 0.45774 -0.742408 -0.489187
v 0.0548965 -0.0622343 -3.29529
vn 0.628938 -0.497478 -0.597455
v -0.0961519 -0.0697471 -3.38395
vn 0.378704 -0.557655 -0.73865
v 0.0548965 -0.0622343 -3.29529
vn 0.628938 -0.497478 -0.597455
v 0.0288961 -0.111372 -3.26714
vn 0.45774 -0.742408 -0.489187
v 0.176548 -0.093085 -3.10643
vn -0.0964677 -0.661563 -0.743658
v 0.146494 -0.0965887 -3.11167
vn 0.506752 -0.701645 -0.500896
v 0.165079 -0.0301244 -3.15816
vn 0.583179 -0.432245 -0.687799
v 0.0548965 -0.0622343 -3.29529
vn 0.628938 -0.497478 -0.597455
v 0.165079 -0.0301244 -3.15816
vn 0.583179 -0.432245 -0.687799
v 0.146494 -0.0965887 -3.11167
vn 0.506752 -0.701645 -0.500896
v 0.165079 -0.0301244 -3.15816
vn 0.583179 -0.432245 -0.687799
v 0.192689 -0.0306826 -3.14425
vn 0.116992 -0.379774 -0.917652
v 0.176548 -0.093085 -3.10643
vn -0.0964677 -0.661563 -0.743658
v 0.21742 0.0628621 -3.15514
vn 0.405322 -0.145162 -0.902575
v 0.192689 -0.0306826 -3.14425
vn 0.116992 -0.379774 -0.917652
v 0.165079 -0.0301244 -3.15816
vn 0.583179 -0.432245 -0.687799
v 0.233023 -0.0532816 -3.13653
vn 0.132434 -0.295836 -0.946014
v 0.192689 -0.0306826 -3.14425
vn 0.116992 -0.379774 -0.917652
v 0.21742 0.0628621 -3.15514
vn 0.405322 -0.145162 -0.902575
v 0.21742 0.0628621 -3.15514
vn 0.405322 -0.145162 -0.902575
v 0.256711 0.0566218 -3.14435
vn 0.336655 -0.0170666 -0.941473
v 0.233023 -0.0532816 -3.13653
vn 0.132434 -0.295836 -0.946014
v 0.293917 -0.0430432 -3.12179
vn 0.451287 -0.243144 -0.858616
v 0.233023 -0.0532816 -3.13653
vn 0.132434 -0.295836 -0.946014
v 0.256711 0.0566218 -3.14435
vn 0.336655 -0.0170666 -0.941473
v 0.239228 -0.111291 -3.10571
vn 0.0795405 -0.523857 -0.848085
v 0.233023 -0.0532816 -3.13653
vn 0.132434 -0.295836 -0.946014
v 0.293917 -0.0430432 -3.12179
vn 0.451287 -0.243144 -0.858616
v 0.293917 -0.0430432 -3.12179
vn 0.451287 -0.243144 -0.858616
v 0.305384 -0.0996609 -3.08511
vn 0.477614 -0.427834 -0.767361
v 0.239228 -0.111291 -3.10571
vn 0.0795405 -0.523857 -0.848085
v 0.296094 -0.164982 -3.06077
vn 0.532909 -0.304913 -0.789326
v 0.305384 -0.0996609 -3.08511
vn 0.477614 -0.427834 -0.767361
v 0.364378 -0.104228 -3.01914
vn 0.753601 -0.502223 -0.424096
v 0.364378 -0.104228 -3.01914
vn 0.753601 -0.502223 -0.424096
v 0.336373 -0.16607 -3.01595
vn 0.859435 -0.381142 -0.340739
v 0.296094 -0.164982 -3.06077
vn 0.532909 -0.304913 -0.789326
v -0.244772 -0.123233 -3.38945
vn 0.3083 -0.792514 -0.526187
v -0.216661 -0.0639473 -3.43431
vn 0.349378 -0.566973 -0.745973
v -0.0961519 -0.0697471 -3.38395
vn 0.378704 -0.557655 -0.73865
v -0.216661 -0.0639473 -3.43431
vn 0.349378 -0.566973 -0.745973
v -0.244772 -0.123233 -3.38945
vn 0.3083 -0.792514 -0.526187
v -0.280549 -0.121909 -3.41783
vn 0.306363 -0.701191 -0.643796
v -0.280549 -0.121909 -3.41783
vn 0.306363 -0.701191 -0.643796
v -0.260793 -0.0658416 -3.45264
vn 0.517143 -0.624439 -0.585354
v -0.216661 -0.0639473 -3.43431
vn 0.349378 -0.566973 -0.745973
v -0.326109 -0.110554 -3.44237
vn 0.46406 -0.804739 -0.370194
v -0.260793 -0.0658416 -3.45264
vn 0.517143 -0.624439 -0.585354
v -0.280549 -0.121909 -3.41783
vn 0.306363 -0.701191 -0.643796
v -0.260793 -0.0658416 -3.45264
vn 0.517143 -0.624439 -0.585354
v -0.1982 0.0113317 -3.46799
vn 0.54396 -0.36882 -0.75371
v -0.216661 -0.0639473 -3.43431
vn 0.349378 -0.566973 -0.745973
v -0.0961519 -0.0697471 -3.38395
vn 0.378704 -0.557655 -0.73865
v -0.216661 -0.0639473 -3.43431
vn 0.349378 -0.566973 -0.745973
v -0.1982 0.0113317 -3.46799
vn 0.54396 -0.36882 -0.75371
v -0.259902 -0.0539782 -3.4882
vn 0.693825 -0.614564 -0.37539
v -0.260793 -0.0658416 -3.45264
vn 0.517143 -0.624439 -0.585354
v -0.326109 -0.110554 -3.44237
vn 0.46406 -0.804739 -0.370194
v -0.326109 -0.110554 -3.44237
vn 0.46406 -0.804739 -0.370194
v -0.339905 -0.124698 -3.46525
vn 0.654572 -0.755993 0.00298326
v -0.259902 -0.0539782 -3.4882
vn 0.693825 -0.614564 -0.37539
v -0.259902 -0.0539782 -3.4882
vn 0.693825 -0.614564 -0.37539
v -0.339905 -0.124698 -3.46525
vn 0.654572 -0.755993 0.00298326
v -0.343126 -0.0990436 -3.54974
vn 0.635564 -0.515727 -0.57453
v -0.38065 -0.162521 -3.54627
vn 0.708324 -0.46776 -0.528657
v -0.343126 -0.0990436 -3.54974
vn 0.635564 -0.515727 -0.57453
v -0.339905 -0.124698 -3.46525
vn 0.654572 -0.755993 0.00298326
v -0.343126 -0.0990436 -3.54974
vn 0.635564 -0.515727 -0.57453
v -0.325903 -0.0227109 -3.58179
vn 0.521359 -0.386753 -0.760662
v -0.259902 -0.0539782 -3.4882
vn 0.693825 -0.614564 -0.37539
v -0.325903 -0.0227109 -3.58179
vn 0.521359 -0.386753 -0.760662
v -0.343126 -0.0990436 -3.54974
vn 0.635564 -0.515727 -0.57453
v -0.478938 -0.0893051 -3.62564
vn 0.179119 -0.453269 -0.873192
v -0.478938 -0.0893051 -3.62564
vn 0.179119 -0.453269 -0.873192
v -0.343126 -0.0990436 -3.54974
vn 0.635564 -0.515727 -0.57453
v -0.38065 -0.162521 -3.54627
vn 0.708324 -0.46776 -0.528657
v -0.259902 -0.0539782 -3.4882
vn 0.693825 -0.614564 -0.37539
v -0.325903 -0.0227109 -3.58179
vn 0.521359 -0.386753 -0.760662
v -0.293989 0.0571331 -3.59653
vn 0.621548 -0.265849 -0.736887
v -0.38065 -0.162521 -3.54627
vn 0.708324 -0.46776 -0.528657
v -0.466779 -0.148785 -3.59772
vn 0.0191963 -0.18118 -0.983262
v -0.478938 -0.0893051 -3.62564
vn 0.179119 -0.453269 -0.873192
v -0.466779 -0.148785 -3.59772
vn 0.0191963 -0.18118 -0.983262
v -0.38065 -0.162521 -3.54627
vn 0.708324 -0.46776 -0.528657
v -0.411763 -0.212142 -3.55023
vn 0.788093 -0.435981 -0.434546
v -0.293989 0.0571331 -3.59653
vn 0.621548 -0.265849 -0.736887
v -0.211813 0.0297492 -3.50154
vn 0.765976 -0.381978 -0.517082
v -0.259902 -0.0539782 -3.4882
vn 0.693825 -0.614564 -0.37539
v -0.260793 -0.0658416 -3.45264
vn 0.517143 -0.624439 -0.585354
v -0.259902 -0.0539782 -3.4882
vn 0.693825 -0.614564 -0.37539
v -0.211813 0.0297492 -3.50154
vn 0.765976 -0.381978 -0.517082
v -0.211813 0.0297492 -3.50154
vn 0.765976 -0.381978 -0.517082
v -0.1982 0.0113317 -3.46799
vn 0.54396 -0.36882 -0.75371
v -0.260793 -0.0658416 -3.45264
vn 0.517143 -0.624439 -0.585354
v -0.200906 0.13143 -3.51086
vn 0.770585 -0.0633662 -0.63418
v -0.211813 0.0297492 -3.50154
vn 0.765976 -0.381978 -0.517082
v -0.293989 0.0571331 -3.59653
vn 0.621548 -0.265849 -0.736887
v -0.1982 0.0113317 -3.46799
vn 0.54396 -0.36882 -0.75371
v -0.211813 0.0297492 -3.50154
vn 0.765976 -0.381978 -0.517082
v -0.200906 0.13143 -3.51086
vn 0.770585 -0.0633662 -0.63418
v -0.200906 0.13143 -3.51086
vn 0.770585 -0.0633662 -0.63418
v -0.179449 0.128159 -3.487
vn 0.573391 -0.0815127 -0.815217
v -0.1982 0.0113317 -3.46799
vn 0.54396 -0.36882 -0.75371
v -0.179449 0.128159 -3.487
vn 0.573391 -0.0815127 -0.815217
v -0.200906 0.13143 -3.51086
vn 0.770585 -0.0633662 -0.63418
v -0.203135 0.226993 -3.49444
vn 0.615183 0.229499 -0.754242
v -0.0722773 0.00444728 -3.40963
vn 0.470771 -0.254213 -0.844838
v -0.1982 0.0113317 -3.46799
vn 0.54396 -0.36882 -0.75371
v -0.179449 0.128159 -3.487
vn 0.573391 -0.0815127 -0.815217
v -0.1982 0.0113317 -3.46799
vn 0.54396 -0.36882 -0.75371
v -0.0722773 0.00444728 -3.40963
vn 0.470771 -0.254213 -0.844838
v -0.0961519 -0.0697471 -3.38395
vn 0.378704 -0.557655 -0.73865
v -0.179449 0.128159 -3.487
vn 0.573391 -0.0815127 -0.815217
v -0.0595606 0.134044 -3.42351
vn 0.50124 0.0192627 -0.865094
v -0.0722773 0.00444728 -3.40963
vn 0.470771 -0.254213 -0.844838
v -0.0595606 0.134044 -3.42351
vn 0.50124 0.0192627 -0.865094
v -0.179449 0.128159 -3.487
vn 0.573391 -0.0815127 -0.815217
v -0.203135 0.226993 -3.49444
vn 0.615183 0.229499 -0.754242
v -0.0961519 -0.0697471 -3.38395
vn 0.378704 -0.557655 -0.73865
v -0.0722773 0.00444728 -3.40963
vn 0.470771 -0.254213 -0.844838
v 0.0756277 0.0119993 -3.31404
vn 0.684276 -0.278567 -0.673919
v 0.0756277 0.0119993 -3.31404
vn 0.684276 -0.278567 -0.673919
v 0.0548965 -0.0622343 -3.29529
vn 0.628938 -0.497478 -0.597455
v -0.0961519 -0.0697471 -3.38395
vn 0.378704 -0.557655 -0.73865
v 0.165079 -0.0301244 -3.15816
vn 0.583179 -0.432245 -0.687799
v 0.0548965 -0.0622343 -3.29529
vn 0.628938 -0.497478 -0.597455
v 0.0756277 0.0119993 -3.31404
vn 0.684276 -0.278567 -0.673919
v 0.0756277 0.0119993 -3.31404
vn 0.684276 -0.278567 -0.673919
v 0.185475 0.0575633 -3.18212
vn 0.71227 -0.179541 -0.678555
v 0.165079 -0.0301244 -3.15816
vn 0.583179 -0.432245 -0.687799
v 0.165079 -0.0301244 -3.15816
vn 0.583179 -0.432245 -0.687799
v 0.185475 0.0575633 -3.18212
vn 0.71227 -0.179541 -0.678555
v 0.21742 0.0628621 -3.15514
vn 0.405322 -0.145162 -0.902575
v 0.235941 0.152916 -3.14641
vn 0.534758 0.0518818 -0.843411
v 0.21742 0.0628621 -3.15514
vn 0.405322 -0.145162 -0.902575
v 0.185475 0.0575633 -3.18212
vn 0.71227 -0.179541 -0.678555
v 0.196649 0.154954 -3.18174
vn 0.74014 -0.00385453 -0.672441
v 0.185475 0.0575633 -3.18212
vn 0.71227 -0.179541 -0.678555
v 0.0756277 0.0119993 -3.31404
vn 0.684276 -0.278567 -0.673919
v 0.256711 0.0566218 -3.14435
vn 0.336655 -0.0170666 -0.941473
v 0.21742 0.0628621 -3.15514
vn 0.405322 -0.145162 -0.902575
v 0.235941 0.152916 -3.14641
vn 0.534758 0.0518818 -0.843411
v 0.185475 0.0575633 -3.18212
vn 0.71227 -0.179541 -0.678555
v 0.196649 0.154954 -3.18174
vn 0.74014 -0.00385453 -0.672441
v 0.235941 0.152916 -3.14641
vn 0.534758 0.0518818 -0.843411
v 0.235941 0.152916 -3.14641
vn 0.534758 0.0518818 -0.843411
v 0.272553 0.151798 -3.12805
vn 0.455149 0.150746 -0.877562
v 0.256711 0.0566218 -3.14435
vn 0.336655 -0.0170666 -0.941473
v 0.272553 0.151798 -3.12805
vn 0.455149 0.150746 -0.877562
v 0.235941 0.152916 -3.14641
vn 0.534758 0.0518818 -0.843411
v 0.263494 0.235463 -3.11073
vn 0.540144 0.24388 -0.805461
v 0.263494 0.235463 -3.11073
vn 0.540144 0.24388 -0.805461
v 0.235941 0.152916 -3.14641
vn 0.534758 0.0518818 -0.843411
v 0.196649 0.154954 -3.18174
vn 0.74014 -0.00385453 -0.672441
v 0.308696 0.0522764 -3.12206
vn 0.515019 0.0345283 -0.856483
v 0.256711 0.0566218 -3.14435
vn 0.336655 -0.0170666 -0.941473
v 0.272553 0.151798 -3.12805
vn 0.455149 0.150746 -0.877562
v 0.256711 0.0566218 -3.14435
vn 0.336655 -0.0170666 -0.941473
v 0.308696 0.0522764 -3.12206
vn 0.515019 0.0345283 -0.856483
v 0.293917 -0.0430432 -3.12179
vn 0.451287 -0.243144 -0.858616
v 0.305384 -0.0996609 -3.08511
vn 0.477614 -0.427834 -0.767361
v 0.293917 -0.0430432 -3.12179
vn 0.451287 -0.243144 -0.858616
v 0.385142 -0.0429457 -3.04829
vn 0.729124 -0.312083 -0.609083
v 0.293917 -0.0430432 -3.12179
vn 0.451287 -0.243144 -0.858616
v 0.308696 0.0522764 -3.12206
vn 0.515019 0.0345283 -0.856483
v 0.416434 0.0534206 -3.03949
vn 0.757463 -0.0965562 -0.645699
v 0.416434 0.0534206 -3.03949
vn 0.757463 -0.0965562 -0.645699
v 0.385142 -0.0429457 -3.04829
vn 0.729124 -0.312083 -0.609083
v 0.293917 -0.0430432 -3.12179
vn 0.451287 -0.243144 -0.858616
v 0.385142 -0.0429457 -3.04829
vn 0.729124 -0.312083 -0.609083
v 0.364378 -0.104228 -3.01914
vn 0.753601 -0.502223 -0.424096
v 0.305384 -0.0996609 -3.08511
vn 0.477614 -0.427834 -0.767361
v 0.385142 -0.0429457 -3.04829
vn 0.729124 -0.312083 -0.609083
v 0.416434 0.0534206 -3.03949
vn 0.757463 -0.0965562 -0.645699
v 0.502182 0.0717457 -2.88983
vn 0.848726 -0.220111 -0.480848
v 0.385142 -0.0429457 -3.04829
vn 0.729124 -0.312083 -0.609083
v 0.428998 -0.0473623 -2.97704
vn 0.825345 -0.47858 -0.29961
v 0.364378 -0.104228 -3.01914
vn 0.753601 -0.502223 -0.424096
v 0.385142 -0.0429457 -3.04829
vn 0.729124 -0.312083 -0.609083
v 0.502182 0.0717457 -2.88983
vn 0.848726 -0.220111 -0.480848
v 0.428998 -0.0473623 -2.97704
vn 0.825345 -0.47858 -0.29961
v 0.364378 -0.104228 -3.01914
vn 0.753601 -0.502223 -0.424096
v 0.428998 -0.0473623 -2.97704
vn 0.825345 -0.47858 -0.29961
v 0.408067 -0.0853707 -2.91703
vn 0.659777 -0.744939 0.0987953
v 0.336373 -0.16607 -3.01595
vn 0.859435 -0.381142 -0.340739
v 0.364378 -0.104228 -3.01914
vn 0.753601 -0.502223 -0.424096
v 0.3668 -0.121847 -2.95193
vn 0.727375 -0.670445 0.146387
v 0.408067 -0.0853707 -2.91703
vn 0.659777 -0.744939 0.0987953
v 0.3668 -0.121847 -2.95193
vn 0.727375 -0.670445 0.146387
v 0.364378 -0.104228 -3.01914
vn 0.753601 -0.502223 -0.424096
v 0.3668 -0.121847 -2.95193
vn 0.727375 -0.670445 0.146387
v 0.338574 -0.159901 -2.96459
vn 0.851804 -0.467739 0.235901
v 0.336373 -0.16607 -3.01595
vn 0.859435 -0.381142 -0.340739
v 0.345583 -0.119319 -2.9106
vn 0.626307 -0.745798 0.226991
v 0.3668 -0.121847 -2.95193
vn 0.727375 -0.670445 0.146387
v 0.408067 -0.0853707 -2.91703
vn 0.659777 -0.744939 0.0987953
v 0.327284 -0.145549 -2.93141
vn 0.714164 -0.554865 0.426724
v 0.338574 -0.159901 -2.96459
vn 0.851804 -0.467739 0.235901
v 0.3668 -0.121847 -2.95193
vn 0.727375 -0.670445 0.146387
v 0.3668 -0.121847 -2.95193
vn 0.727375 -0.670445 0.146387
v 0.345583 -0.119319 -2.9106
vn 0.626307 -0.745798 0.226991
v 0.327284 -0.145549 -2.93141
vn 0.714164 -0.554865 0.426724
v 0.30822 -0.226163 -2.95855
vn 0.83364 -0.25267 0.491123
v 0.338574 -0.159901 -2.96459
vn 0.851804 -0.467739 0.235901
v 0.327284 -0.145549 -2.93141
vn 0.714164 -0.554865 0.426724
v 0.315489 -0.234072 -3.00864
vn 0.951278 -0.19905 -0.235475
v 0.336373 -0.16607 -3.01595
vn 0.859435 -0.381142 -0.340739
v 0.338574 -0.159901 -2.96459
vn 0.851804 -0.467739 0.235901
v 0.338574 -0.159901 -2.96459
vn 0.851804 -0.467739 0.235901
v 0.30822 -0.226163 -2.95855
vn 0.83364 -0.25267 0.491123
v 0.315489 -0.234072 -3.00864
vn 0.951278 -0.19905 -0.235475
v 0.336373 -0.16607 -3.01595
vn 0.859435 -0.381142 -0.340739
v 0.315489 -0.234072 -3.00864
vn 0.951278 -0.19905 -0.235475
v 0.289877 -0.234421 -3.04672
vn 0.514419 -0.22401 -0.827764
v 0.292735 -0.2863 -3.03612
vn 0.492368 -0.0808925 -0.86662
v 0.289877 -0.234421 -3.04672
vn 0.514419 -0.22401 -0.827764
v 0.315489 -0.234072 -3.00864
vn 0.951278 -0.19905 -0.235475
v 0.315489 -0.234072 -3.00864
vn 0.951278 -0.19905 -0.235475
v 0.315584 -0.28713 -3.00157
vn 0.970054 0.103006 -0.219965
v 0.292735 -0.2863 -3.03612
vn 0.492368 -0.0808925 -0.86662
v 0.315584 -0.28713 -3.00157
vn 0.970054 0.103006 -0.219965
v 0.315489 -0.234072 -3.00864
vn 0.951278 -0.19905 -0.235475
v 0.30822 -0.226163 -2.95855
vn 0.83364 -0.25267 0.491123
v 0.0926513 0.136 -3.3315
vn 0.68618 -0.0287418 -0.726864
v 0.0756277 0.0119993 -3.31404
vn 0.684276 -0.278567 -0.673919
v -0.0722773 0.00444728 -3.40963
vn 0.470771 -0.254213 -0.844838
v 0.0756277 0.0119993 -3.31404
vn 0.684276 -0.278567 -0.673919
v 0.0926513 0.136 -3.3315
vn 0.68618 -0.0287418 -0.726864
v 0.196649 0.154954 -3.18174
vn 0.74014 -0.00385453 -0.672441
v -0.0722773 0.00444728 -3.40963
vn 0.470771 -0.254213 -0.844838
v -0.0595606 0.134044 -3.42351
vn 0.50124 0.0192627 -0.865094
v 0.0926513 0.136 -3.3315
vn 0.68618 -0.0287418 -0.726864
v 0.0810408 0.275382 -3.31662
vn 0.634823 0.31966 -0.703432
v 0.0926513 0.136 -3.3315
vn 0.68618 -0.0287418 -0.726864
v -0.0595606 0.134044 -3.42351
vn 0.50124 0.0192627 -0.865094
v -0.203135 0.226993 -3.49444
vn 0.615183 0.229499 -0.754242
v -0.0653522 0.271522 -3.40948
vn 0.453434 0.389983 -0.801443
v -0.0595606 0.134044 -3.42351
vn 0.50124 0.0192627 -0.865094
v -0.0595606 0.134044 -3.42351
vn 0.50124 0.0192627 -0.865094
v -0.0653522 0.271522 -3.40948
vn 0.453434 0.389983 -0.801443
v 0.0810408 0.275382 -3.31662
vn 0.634823 0.31966 -0.703432
v -0.0653522 0.271522 -3.40948
vn 0.453434 0.389983 -0.801443
v -0.203135 0.226993 -3.49444
vn 0.615183 0.229499 -0.754242
v -0.24851 0.356085 -3.44079
vn 0.408424 0.627911 -0.662508
v 0.030864 0.395711 -3.25335
vn 0.464128 0.70324 -0.538553
v 0.0810408 0.275382 -3.31662
vn 0.634823 0.31966 -0.703432
v -0.0653522 0.271522 -3.40948
vn 0.453434 0.389983 -0.801443
v -0.24851 0.356085 -3.44079
vn 0.408424 0.627911 -0.662508
v -0.103767 0.3943 -3.34373
vn 0.296606 0.76455 -0.572266
v -0.0653522 0.271522 -3.40948
vn 0.453434 0.389983 -0.801443
v -0.0653522 0.271522 -3.40948
vn 0.453434 0.389983 -0.801443
v -0.103767 0.3943 -3.34373
vn 0.296606 0.76455 -0.572266
v 0.030864 0.395711 -3.25335
vn 0.464128 0.70324 -0.538553
v -0.103767 0.3943 -3.34373
vn 0.296606 0.76455 -0.572266
v -0.24851 0.356085 -3.44079
vn 0.408424 0.627911 -0.662508
v -0.304049 0.420791 -3.36849
vn 0.108424 0.915627 -0.387132
v 0.30822 -0.226163 -2.95855
vn 0.83364 -0.25267 0.491123
v 0.3106 -0.287792 -2.96467
vn 0.744038 0.0844466 0.662779
v 0.315584 -0.28713 -3.00157
vn 0.970054 0.103006 -0.219965
v 0.327799 -0.332747 -2.99712
vn 0.940353 0.340131 0.00691136
v 0.315584 -0.28713 -3.00157
vn 0.970054 0.103006 -0.219965
v 0.3106 -0.287792 -2.96467
vn 0.744038 0.0844466 0.662779
v 0.3106 -0.287792 -2.96467
vn 0.744038 0.0844466 0.662779
v 0.30822 -0.226163 -2.95855
vn 0.83364 -0.25267 0.491123
v 0.272019 -0.245035 -2.9452
vn 0.0202462 -0.245782 0.969114
v 0.28658 -0.336021 -2.95001
vn 0.11623 0.167222 0.979044
v 0.317267 -0.330637 -2.96331
vn 0.717315 0.230232 0.657611
v 0.3106 -0.287792 -2.96467
vn 0.744038 0.0844466 0.662779
v 0.332245 -0.383894 -2.95272
vn 0.677153 0.35396 0.645117
v 0.317267 -0.330637 -2.96331
vn 0.717315 0.230232 0.657611
v 0.28658 -0.336021 -2.95001
vn 0.11623 0.167222 0.979044
v 0.327799 -0.332747 -2.99712
vn 0.940353 0.340131 0.00691136
v 0.317267 -0.330637 -2.96331
vn 0.717315 0.230232 0.657611
v 0.332245 -0.383894 -2.95272
vn 0.677153 0.35396 0.645117
v 0.3106 -0.287792 -2.96467
vn 0.744038 0.0844466 0.662779
v 0.317267 -0.330637 -2.96331
vn 0.717315 0.230232 0.657611
v 0.327799 -0.332747 -2.99712
vn 0.940353 0.340131 0.00691136
v 0.3106 -0.287792 -2.96467
vn 0.744038 0.0844466 0.662779
v 0.278305 -0.291739 -2.94621
vn -0.219749 -0.0526451 0.974135
v 0.28658 -0.336021 -2.95001
vn 0.11623 0.167222 0.979044
v 0.272019 -0.245035 -2.9452
vn 0.0202462 -0.245782 0.969114
v 0.278305 -0.291739 -2.94621
vn -0.219749 -0.0526451 0.974135
v 0.3106 -0.287792 -2.96467
vn 0.744038 0.0844466 0.662779
v 0.25395 -0.329376 -2.96322
vn -0.677602 -0.0321101 0.734727
v 0.28658 -0.336021 -2.95001
vn 0.11623 0.167222 0.979044
v 0.278305 -0.291739 -2.94621
vn -0.219749 -0.0526451 0.974135
v 0.278305 -0.291739 -2.94621
vn -0.219749 -0.0526451 0.974135
v 0.242072 -0.293226 -2.97234
vn -0.793142 -0.15176 0.589826
v 0.25395 -0.329376 -2.96322
vn -0.677602 -0.0321101 0.734727
v 0.234305 -0.241187 -2.9711
vn -0.667353 -0.247259 0.702498
v 0.242072 -0.293226 -2.97234
vn -0.793142 -0.15176 0.589826
v 0.278305 -0.291739 -2.94621
vn -0.219749 -0.0526451 0.974135
v 0.278305 -0.291739 -2.94621
vn -0.219749 -0.0526451 0.974135
v 0.272019 -0.245035 -2.9452
vn 0.0202462 -0.245782 0.969114
v 0.234305 -0.241187 -2.9711
vn -0.667353 -0.247259 0.702498
v 0.252637 -0.184303 -2.92912
vn -0.38041 -0.582026 0.718703
v 0.234305 -0.241187 -2.9711
vn -0.667353 -0.247259 0.702498
v 0.272019 -0.245035 -2.9452
vn 0.0202462 -0.245782 0.969114
v 0.272019 -0.245035 -2.9452
vn 0.0202462 -0.245782 0.969114
v 0.30822 -0.226163 -2.95855
vn 0.83364 -0.25267 0.491123
v 0.30294 -0.165905 -2.91487
vn 0.454704 -0.687788 0.565854
v 0.327284 -0.145549 -2.93141
vn 0.714164 -0.554865 0.426724
v 0.30294 -0.165905 -2.91487
vn 0.454704 -0.687788 0.565854
v 0.30822 -0.226163 -2.95855
vn 0.83364 -0.25267 0.491123
v 0.30294 -0.165905 -2.91487
vn 0.454704 -0.687788 0.565854
v 0.252637 -0.184303 -2.92912
vn -0.38041 -0.582026 0.718703
v 0.272019 -0.245035 -2.9452
vn 0.0202462 -0.245782 0.969114
v 0.257581 -0.156561 -2.88311
vn 0.0493236 -0.960364 0.274352
v 0.252637 -0.184303 -2.92912
vn -0.38041 -0.582026 0.718703
v 0.30294 -0.165905 -2.91487
vn 0.454704 -0.687788 0.565854
v 0.30294 -0.165905 -2.91487
vn 0.454704 -0.687788 0.565854
v 0.322682 -0.138342 -2.86351
vn 0.481086 -0.875849 0.0380108
v 0.257581 -0.156561 -2.88311
vn 0.0493236 -0.960364 0.274352
v 0.257581 -0.156561 -2.88311
vn 0.0493236 -0.960364 0.274352
v 0.322682 -0.138342 -2.86351
vn 0.481086 -0.875849 0.0380108
v 0.312092 -0.138512 -2.80589
vn 0.226815 -0.972369 0.055259
v 0.368211 -0.120608 -2.76056
vn 0.262903 -0.960739 -0.0886738
v 0.312092 -0.138512 -2.80589
vn 0.226815 -0.972369 0.055259
v 0.322682 -0.138342 -2.86351
vn 0.481086 -0.875849 0.0380108
v 0.345583 -0.119319 -2.9106
vn 0.626307 -0.745798 0.226991
v 0.322682 -0.138342 -2.86351
vn 0.481086 -0.875849 0.0380108
v 0.30294 -0.165905 -2.91487
vn 0.454704 -0.687788 0.565854
v 0.30294 -0.165905 -2.91487
vn 0.454704 -0.687788 0.565854
v 0.327284 -0.145549 -2.93141
vn 0.714164 -0.554865 0.426724
v 0.345583 -0.119319 -2.9106
vn 0.626307 -0.745798 0.226991
v 0.408067 -0.0853707 -2.91703
vn 0.659777 -0.744939 0.0987953
v 0.378158 -0.0851031 -2.87414
vn 0.62512 -0.780151 -0.0242889
v 0.345583 -0.119319 -2.9106
vn 0.626307 -0.745798 0.226991
v 0.322682 -0.138342 -2.86351
vn 0.481086 -0.875849 0.0380108
v 0.345583 -0.119319 -2.9106
vn 0.626307 -0.745798 0.226991
v 0.378158 -0.0851031 -2.87414
vn 0.62512 -0.780151 -0.0242889
v 0.458154 -0.0236993 -2.87913
vn 0.750015 -0.621359 -0.226694
v 0.408067 -0.0853707 -2.91703
vn 0.659777 -0.744939 0.0987953
v 0.428998 -0.0473623 -2.97704
vn 0.825345 -0.47858 -0.29961
v 0.378158 -0.0851031 -2.87414
vn 0.62512 -0.780151 -0.0242889
v 0.408067 -0.0853707 -2.91703
vn 0.659777 -0.744939 0.0987953
v 0.458154 -0.0236993 -2.87913
vn 0.750015 -0.621359 -0.226694
v 0.502182 0.0717457 -2.88983
vn 0.848726 -0.220111 -0.480848
v 0.458154 -0.0236993 -2.87913
vn 0.750015 -0.621359 -0.226694
v 0.428998 -0.0473623 -2.97704
vn 0.825345 -0.47858 -0.29961
v 0.458154 -0.0236993 -2.87913
vn 0.750015 -0.621359 -0.226694
v 0.4291 -0.0604937 -2.83313
vn 0.56439 -0.709498 -0.421991
v 0.378158 -0.0851031 -2.87414
vn 0.62512 -0.780151 -0.0242889
v 0.378158 -0.0851031 -2.87414
vn 0.62512 -0.780151 -0.0242889
v 0.4291 -0.0604937 -2.83313
vn 0.56439 -0.709498 -0.421991
v 0.392889 -0.102828 -2.80981
vn 0.485535 -0.814189 -0.318358
v 0.378158 -0.0851031 -2.87414
vn 0.62512 -0.780151 -0.0242889
v 0.392889 -0.102828 -2.80981
vn 0.485535 -0.814189 -0.318358
v 0.322682 -0.138342 -2.86351
vn 0.481086 -0.875849 0.0380108
v 0.322682 -0.138342 -2.86351
vn 0.481086 -0.875849 0.0380108
v 0.392889 -0.102828 -2.80981
vn 0.485535 -0.814189 -0.318358
v 0.368211 -0.120608 -2.76056
vn 0.262903 -0.960739 -0.0886738
v 0.514294 -0.114341 -2.65555
vn 0.293597 -0.922151 -0.25187
v 0.368211 -0.120608 -2.76056
vn 0.262903 -0.960739 -0.0886738
v 0.392889 -0.102828 -2.80981
vn 0.485535 -0.814189 -0.318358
v 0.532336 -0.0896635 -2.68936
vn 0.462956 -0.749863 -0.472628
v 0.392889 -0.102828 -2.80981
vn 0.485535 -0.814189 -0.318358
v 0.4291 -0.0604937 -2.83313
vn 0.56439 -0.709498 -0.421991
v 0.392889 -0.102828 -2.80981
vn 0.485535 -0.814189 -0.318358
v 0.532336 -0.0896635 -2.68936
vn 0.462956 -0.749863 -0.472628
v 0.514294 -0.114341 -2.65555
vn 0.293597 -0.922151 -0.25187
v 0.514294 -0.114341 -2.65555
vn 0.293597 -0.922151 -0.25187
v 0.532336 -0.0896635 -2.68936
vn 0.462956 -0.749863 -0.472628
v 0.590604 -0.0851868 -2.6434
vn 0.447037 -0.779214 -0.439298
v 0.590604 -0.0851868 -2.6434
vn 0.447037 -0.779214 -0.439298
v 0.574755 -0.10273 -2.61204
vn 0.322256 -0.933676 -0.156206
v 0.514294 -0.114341 -2.65555
vn 0.293597 -0.922151 -0.25187
v 0.590604 -0.0851868 -2.6434
vn 0.447037 -0.779214 -0.439298
v 0.532336 -0.0896635 -2.68936
vn 0.462956 -0.749863 -0.472628
v 0.543661 -0.0554069 -2.72269
vn 0.530704 -0.630182 -0.566766
v 0.4291 -0.0604937 -2.83313
vn 0.56439 -0.709498 -0.421991
v 0.543661 -0.0554069 -2.72269
vn 0.530704 -0.630182 -0.566766
v 0.532336 -0.0896635 -2.68936
vn 0.462956 -0.749863 -0.472628
v 0.574755 -0.10273 -2.61204
vn 0.322256 -0.933676 -0.156206
v 0.590604 -0.0851868 -2.6434
vn 0.447037 -0.779214 -0.439298
v 0.641505 -0.0702668 -2.61444
vn 0.525273 -0.740812 -0.418672
v 0.641505 -0.0702668 -2.61444
vn 0.525273 -0.740812 -0.418672
v 0.626708 -0.088504 -2.57915
vn 0.422494 -0.904725 -0.0545171
v 0.574755 -0.10273 -2.61204
vn 0.322256 -0.933676 -0.156206
v 0.626708 -0.088504 -2.57915
vn 0.422494 -0.904725 -0.0545171
v 0.641505 -0.0702668 -2.61444
vn 0.525273 -0.740812 -0.418672
v 0.684156 -0.0442703 -2.59694
vn 0.603036 -0.730585 -0.320302
v 0.702822 -0.00962469 -2.6134
vn 0.677582 -0.513431 -0.526566
v 0.684156 -0.0442703 -2.59694
vn 0.603036 -0.730585 -0.320302
v 0.641505 -0.0702668 -2.61444
vn 0.525273 -0.740812 -0.418672
v 0.641505 -0.0702668 -2.61444
vn 0.525273 -0.740812 -0.418672
v 0.590604 -0.0851868 -2.6434
vn 0.447037 -0.779214 -0.439298
v 0.594537 -0.0531188 -2.67994
vn 0.525199 -0.613719 -0.589504
v 0.543661 -0.0554069 -2.72269
vn 0.530704 -0.630182 -0.566766
v 0.594537 -0.0531188 -2.67994
vn 0.525199 -0.613719 -0.589504
v 0.590604 -0.0851868 -2.6434
vn 0.447037 -0.779214 -0.439298
v 0.594537 -0.0531188 -2.67994
vn 0.525199 -0.613719 -0.589504
v 0.640703 -0.0401697 -2.65245
vn 0.574623 -0.578042 -0.579375
v 0.641505 -0.0702668 -2.61444
vn 0.525273 -0.740812 -0.418672
v 0.641505 -0.0702668 -2.61444
vn 0.525273 -0.740812 -0.418672
v 0.640703 -0.0401697 -2.65245
vn 0.574623 -0.578042 -0.579375
v 0.702822 -0.00962469 -2.6134
vn 0.677582 -0.513431 -0.526566
v 0.635533 -0.00155568 -2.68824
vn 0.621396 -0.481612 -0.617994
v 0.640703 -0.0401697 -2.65245
vn 0.574623 -0.578042 -0.579375
v 0.594537 -0.0531188 -2.67994
vn 0.525199 -0.613719 -0.589504
v 0.702822 -0.00962469 -2.6134
vn 0.677582 -0.513431 -0.526566
v 0.640703 -0.0401697 -2.65245
vn 0.574623 -0.578042 -0.579375
v 0.635533 -0.00155568 -2.68824
vn 0.621396 -0.481612 -0.617994
v 0.635533 -0.00155568 -2.68824
vn 0.621396 -0.481612 -0.617994
v 0.703285 0.0262397 -2.63737
vn 0.773853 -0.278063 -0.569063
v 0.702822 -0.00962469 -2.6134
vn 0.677582 -0.513431 -0.526566
v 0.727012 -0.00211421 -2.58038
vn 0.84169 -0.329885 -0.427474
v 0.702822 -0.00962469 -2.6134
vn 0.677582 -0.513431 -0.526566
v 0.703285 0.0262397 -2.63737
vn 0.773853 -0.278063 -0.569063
v 0.702822 -0.00962469 -2.6134
vn 0.677582 -0.513431 -0.526566
v 0.727012 -0.00211421 -2.58038
vn 0.84169 -0.329885 -0.427474
v 0.719043 -0.0300937 -2.55922
vn 0.692922 -0.679992 -0.239729
v 0.752778 0.00470448 -2.52556
vn 0.863152 -0.385203 -0.326476
v 0.719043 -0.0300937 -2.55922
vn 0.692922 -0.679992 -0.239729
v 0.727012 -0.00211421 -2.58038
vn 0.84169 -0.329885 -0.427474
v 0.703285 0.0262397 -2.63737
vn 0.773853 -0.278063 -0.569063
v 0.722356 0.0366089 -2.60524
vn 0.878931 -0.127629 -0.459556
v 0.727012 -0.00211421 -2.58038
vn 0.84169 -0.329885 -0.427474
v 0.744377 0.0225774 -2.5557
vn 0.902274 -0.150305 -0.404117
v 0.727012 -0.00211421 -2.58038
vn 0.84169 -0.329885 -0.427474
v 0.722356 0.0366089 -2.60524
vn 0.878931 -0.127629 -0.459556
v 0.727012 -0.00211421 -2.58038
vn 0.84169 -0.329885 -0.427474
v 0.744377 0.0225774 -2.5557
vn 0.902274 -0.150305 -0.404117
v 0.752778 0.00470448 -2.52556
vn 0.863152 -0.385203 -0.326476
v 0.752778 0.00470448 -2.52556
vn 0.863152 -0.385203 -0.326476
v 0.744377 0.0225774 -2.5557
vn 0.902274 -0.150305 -0.404117
v 0.756659 0.0408017 -2.53163
vn 0.921707 0.183284 -0.341854
v 0.756659 0.0408017 -2.53163
vn 0.921707 0.183284 -0.341854
v 0.744377 0.0225774 -2.5557
vn 0.902274 -0.150305 -0.404117
v 0.735998 0.0461906 -2.57885
vn 0.915612 -0.0514289 -0.398761
v 0.722356 0.0366089 -2.60524
vn 0.878931 -0.127629 -0.459556
v 0.735998 0.0461906 -2.57885
vn 0.915612 -0.0514289 -0.398761
v 0.744377 0.0225774 -2.5557
vn 0.902274 -0.150305 -0.404117
v 0.752778 0.00470448 -2.52556
vn 0.863152 -0.385203 -0.326476
v 0.756659 0.0408017 -2.53163
vn 0.921707 0.183284 -0.341854
v 0.777736 0.0377609 -2.49299
vn 0.906024 0.133034 -0.401775
v 0.777736 0.0377609 -2.49299
vn 0.906024 0.133034 -0.401775
v 0.778867 0.0212078 -2.47712
vn 0.837931 -0.508354 -0.198616
v 0.752778 0.00470448 -2.52556
vn 0.863152 -0.385203 -0.326476
v 0.78985 0.0350891 -2.45502
vn 0.995258 0.0970565 0.00649243
v 0.778867 0.0212078 -2.47712
vn 0.837931 -0.508354 -0.198616
v 0.777736 0.0377609 -2.49299
vn 0.906024 0.133034 -0.401775
v 0.777736 0.0377609 -2.49299
vn 0.906024 0.133034 -0.401775
v 0.784735 0.042273 -2.46931
vn 0.597032 0.802115 0.0128565
v 0.78985 0.0350891 -2.45502
vn 0.995258 0.0970565 0.00649243
v 0.777736 0.0377609 -2.49299
vn 0.906024 0.133034 -0.401775
v 0.771815 0.0499172 -2.49075
vn 0.446369 0.89455 -0.0231375
v 0.784735 0.042273 -2.46931
vn 0.597032 0.802115 0.0128565
v 0.750909 0.0577664 -2.5163
vn 0.57207 0.813199 -0.106975
v 0.771815 0.0499172 -2.49075
vn 0.446369 0.89455 -0.0231375
v 0.777736 0.0377609 -2.49299
vn 0.906024 0.133034 -0.401775
v 0.777736 0.0377609 -2.49299
vn 0.906024 0.133034 -0.401775
v 0.756659 0.0408017 -2.53163
vn 0.921707 0.183284 -0.341854
v 0.750909 0.0577664 -2.5163
vn 0.57207 0.813199 -0.106975
v 0.744662 0.0587449 -2.52779
vn 0.847347 -0.470705 -0.245842
v 0.750909 0.0577664 -2.5163
vn 0.57207 0.813199 -0.106975
v 0.756659 0.0408017 -2.53163
vn 0.921707 0.183284 -0.341854
v 0.756659 0.0408017 -2.53163
vn 0.921707 0.183284 -0.341854
v 0.748026 0.0620453 -2.55526
vn 0.914123 0.0649534 -0.4002
v 0.744662 0.0587449 -2.52779
vn 0.847347 -0.470705 -0.245842
v 0.735998 0.0461906 -2.57885
vn 0.915612 -0.0514289 -0.398761
v 0.748026 0.0620453 -2.55526
vn 0.914123 0.0649534 -0.4002
v 0.756659 0.0408017 -2.53163
vn 0.921707 0.183284 -0.341854
v 0.744662 0.0587449 -2.52779
vn 0.847347 -0.470705 -0.245842
v 0.748026 0.0620453 -2.55526
vn 0.914123 0.0649534 -0.4002
v 0.76467 0.0595675 -2.53376
vn 0.521089 -0.599219 -0.607785
v 0.76467 0.0595675 -2.53376
vn 0.521089 -0.599219 -0.607785
v 0.753965 0.0573996 -2.52066
vn -0.0641724 -0.997023 -0.0427561
v 0.744662 0.0587449 -2.52779
vn 0.847347 -0.470705 -0.245842
v 0.753965 0.0573996 -2.52066
vn -0.0641724 -0.997023 -0.0427561
v 0.76467 0.0595675 -2.53376
vn 0.521089 -0.599219 -0.607785
v 0.808684 0.0429741 -2.48247
vn 0.482439 -0.689961 -0.539636
v 0.808684 0.0429741 -2.48247
vn 0.482439 -0.689961 -0.539636
v 0.793518 0.0379948 -2.47741
vn -0.291103 -0.94065 -0.174461
v 0.753965 0.0573996 -2.52066
vn -0.0641724 -0.997023 -0.0427561
v 0.80007 0.0315934 -2.45997
vn -0.199306 -0.944614 -0.260733
v 0.793518 0.0379948 -2.47741
vn -0.291103 -0.94065 -0.174461
v 0.808684 0.0429741 -2.48247
vn 0.482439 -0.689961 -0.539636
v 0.808684 0.0429741 -2.48247
vn 0.482439 -0.689961 -0.539636
v 0.815021 0.0387162 -2.46406
vn 0.668089 -0.722656 -0.177273
v 0.80007 0.0315934 -2.45997
vn -0.199306 -0.944614 -0.260733
v 0.797821 0.0255536 -2.43892
vn 0.0182664 -0.994203 -0.105952
v 0.80007 0.0315934 -2.45997
vn -0.199306 -0.944614 -0.260733
v 0.815021 0.0387162 -2.46406
vn 0.668089 -0.722656 -0.177273
v 0.830217 0.0752174 -2.46263
vn 0.977634 -0.1504 -0.147008
v 0.815021 0.0387162 -2.46406
vn 0.668089 -0.722656 -0.177273
v 0.808684 0.0429741 -2.48247
vn 0.482439 -0.689961 -0.539636
v 0.810018 0.0345126 -2.4387
vn 0.836467 -0.457193 0.302154
v 0.815021 0.0387162 -2.46406
vn 0.668089 -0.722656 -0.177273
v 0.830217 0.0752174 -2.46263
vn 0.977634 -0.1504 -0.147008
v 0.815021 0.0387162 -2.46406
vn 0.668089 -0.722656 -0.177273
v 0.810018 0.0345126 -2.4387
vn 0.836467 -0.457193 0.302154
v 0.797821 0.0255536 -2.43892
vn 0.0182664 -0.994203 -0.105952
v 0.793588 0.0351345 -2.40807
vn 0.740055 -0.385421 0.551152
v 0.785081 0.0235188 -2.41444
vn -0.35154 -0.89818 -0.263994
v 0.797821 0.0255536 -2.43892
vn 0.0182664 -0.994203 -0.105952
v 0.797821 0.0255536 -2.43892
vn 0.0182664 -0.994203 -0.105952
v 0.810018 0.0345126 -2.4387
vn 0.836467 -0.457193 0.302154
v 0.793588 0.0351345 -2.40807
vn 0.740055 -0.385421 0.551152
v 0.793588 0.0351345 -2.40807
vn 0.740055 -0.385421 0.551152
v 0.810018 0.0345126 -2.4387
vn 0.836467 -0.457193 0.302154
v 0.809623 0.0547737 -2.42681
vn 0.866359 -0.103565 0.488565
v 0.793588 0.0351345 -2.40807
vn 0.740055 -0.385421 0.551152
v 0.809623 0.0547737 -2.42681
vn 0.866359 -0.103565 0.488565
v 0.811548 0.0925238 -2.42624
vn 0.819593 -0.108963 0.562489
v 0.811548 0.0925238 -2.42624
vn 0.819593 -0.108963 0.562489
v 0.796921 0.098963 -2.40546
vn 0.796208 -0.117145 0.593573
v 0.793588 0.0351345 -2.40807
vn 0.740055 -0.385421 0.551152
v 0.803307 0.146092 -2.4006
vn 0.787074 0.196484 0.58473
v 0.796921 0.098963 -2.40546
vn 0.796208 -0.117145 0.593573
v 0.811548 0.0925238 -2.42624
vn 0.819593 -0.108963 0.562489
v 0.811548 0.0925238 -2.42624
vn 0.819593 -0.108963 0.562489
v 0.809623 0.0547737 -2.42681
vn 0.866359 -0.103565 0.488565
v 0.815296 0.0755682 -2.43661
vn 0.850423 -0.0841682 0.519324
v 0.820561 0.124693 -2.43014
vn 0.863039 -0.105809 0.493932
v 0.811548 0.0925238 -2.42624
vn 0.819593 -0.108963 0.562489
v 0.815296 0.0755682 -2.43661
vn 0.850423 -0.0841682 0.519324
v 0.811548 0.0925238 -2.42624
vn 0.819593 -0.108963 0.562489
v 0.820561 0.124693 -2.43014
vn 0.863039 -0.105809 0.493932
v 0.803307 0.146092 -2.4006
vn 0.787074 0.196484 0.58473
v 0.815296 0.0755682 -2.43661
vn 0.850423 -0.0841682 0.519324
v 0.822506 0.0770705 -2.44738
vn 0.880268 -0.112103 0.461043
v 0.820561 0.124693 -2.43014
vn 0.863039 -0.105809 0.493932
v 0.822506 0.0770705 -2.44738
vn 0.880268 -0.112103 0.461043
v 0.815296 0.0755682 -2.43661
vn 0.850423 -0.0841682 0.519324
v 0.809623 0.0547737 -2.42681
vn 0.866359 -0.103565 0.488565
v 0.809623 0.0547737 -2.42681
vn 0.866359 -0.103565 0.488565
v 0.810018 0.0345126 -2.4387
vn 0.836467 -0.457193 0.302154
v 0.822506 0.0770705 -2.44738
vn 0.880268 -0.112103 0.461043
v 0.830217 0.0752174 -2.46263
vn 0.977634 -0.1504 -0.147008
v 0.822506 0.0770705 -2.44738
vn 0.880268 -0.112103 0.461043
v 0.810018 0.0345126 -2.4387
vn 0.836467 -0.457193 0.302154
v 0.822506 0.0770705 -2.44738
vn 0.880268 -0.112103 0.461043
v 0.830217 0.0752174 -2.46263
vn 0.977634 -0.1504 -0.147008
v 0.827306 0.119971 -2.44795
vn 0.897663 0.343455 -0.276115
v 0.827306 0.119971 -2.44795
vn 0.897663 0.343455 -0.276115
v 0.820561 0.124693 -2.43014
vn 0.863039 -0.105809 0.493932
v 0.822506 0.0770705 -2.44738
vn 0.880268 -0.112103 0.461043
v 0.827306 0.119971 -2.44795
vn 0.897663 0.343455 -0.276115
v 0.830217 0.0752174 -2.46263
vn 0.977634 -0.1504 -0.147008
v 0.818007 0.0736651 -2.47489
vn 0.666508 0.20575 -0.716543
v 0.808684 0.0429741 -2.48247
vn 0.482439 -0.689961 -0.539636
v 0.818007 0.0736651 -2.47489
vn 0.666508 0.20575 -0.716543
v 0.830217 0.0752174 -2.46263
vn 0.977634 -0.1504 -0.147008
v 0.818007 0.0736651 -2.47489
vn 0.666508 0.20575 -0.716543
v 0.808684 0.0429741 -2.48247
vn 0.482439 -0.689961 -0.539636
v 0.76467 0.0595675 -2.53376
vn 0.521089 -0.599219 -0.607785
v 0.818007 0.0736651 -2.47489
vn 0.666508 0.20575 -0.716543
v 0.813493 0.11119 -2.4602
vn 0.446664 0.566263 -0.692704
v 0.827306 0.119971 -2.44795
vn 0.897663 0.343455 -0.276115
v 0.813493 0.11119 -2.4602
vn 0.446664 0.566263 -0.692704
v 0.818007 0.0736651 -2.47489
vn 0.666508 0.20575 -0.716543
v 0.763779 0.0891763 -2.52015
vn 0.686317 0.393188 -0.611859
v 0.76467 0.0595675 -2.53376
vn 0.521089 -0.599219 -0.607785
v 0.763779 0.0891763 -2.52015
vn 0.686317 0.393188 -0.611859
v 0.818007 0.0736651 -2.47489
vn 0.666508 0.20575 -0.716543
v 0.763779 0.0891763 -2.52015
vn 0.686317 0.393188 -0.611859
v 0.757396 0.123788 -2.49533
vn 0.588398 0.629599 -0.507339
v 0.813493 0.11119 -2.4602
vn 0.446664 0.566263 -0.692704
v 0.763779 0.0891763 -2.52015
vn 0.686317 0.393188 -0.611859
v 0.76467 0.0595675 -2.53376
vn 0.521089 -0.599219 -0.607785
v 0.748026 0.0620453 -2.55526
vn 0.914123 0.0649534 -0.4002
v 0.757396 0.123788 -2.49533
vn 0.588398 0.629599 -0.507339
v 0.763779 0.0891763 -2.52015
vn 0.686317 0.393188 -0.611859
v 0.739379 0.103145 -2.54251
vn 0.824686 0.409616 -0.39001
v 0.748026 0.0620453 -2.55526
vn 0.914123 0.0649534 -0.4002
v 0.739379 0.103145 -2.54251
vn 0.824686 0.409616 -0.39001
v 0.763779 0.0891763 -2.52015
vn 0.686317 0.393188 -0.611859
v 0.739379 0.103145 -2.54251
vn 0.824686 0.409616 -0.39001
v 0.748026 0.0620453 -2.55526
vn 0.914123 0.0649534 -0.4002
v 0.73408 0.0878918 -2.58048
vn 0.943925 0.178873 -0.277508
v 0.73408 0.0878918 -2.58048
vn 0.943925 0.178873 -0.277508
v 0.748026 0.0620453 -2.55526
vn 0.914123 0.0649534 -0.4002
v 0.735998 0.0461906 -2.57885
vn 0.915612 -0.0514289 -0.398761
v 0.735998 0.0461906 -2.57885
vn 0.915612 -0.0514289 -0.398761
v 0.730134 0.0737351 -2.59795
vn 0.926707 -0.0110084 -0.375623
v 0.73408 0.0878918 -2.58048
vn 0.943925 0.178873 -0.277508
v 0.730134 0.0737351 -2.59795
vn 0.926707 -0.0110084 -0.375623
v 0.735998 0.0461906 -2.57885
vn 0.915612 -0.0514289 -0.398761
v 0.722356 0.0366089 -2.60524
vn 0.878931 -0.127629 -0.459556
v 0.722356 0.0366089 -2.60524
vn 0.878931 -0.127629 -0.459556
v 0.716048 0.0700913 -2.62517
vn 0.874464 -0.0477692 -0.482732
v 0.730134 0.0737351 -2.59795
vn 0.926707 -0.0110084 -0.375623
v 0.722356 0.0366089 -2.60524
vn 0.878931 -0.127629 -0.459556
v 0.703285 0.0262397 -2.63737
vn 0.773853 -0.278063 -0.569063
v 0.695188 0.0644197 -2.65712
vn 0.810843 -0.0953061 -0.577452
v 0.695188 0.0644197 -2.65712
vn 0.810843 -0.0953061 -0.577452
v 0.716048 0.0700913 -2.62517
vn 0.874464 -0.0477692 -0.482732
v 0.722356 0.0366089 -2.60524
vn 0.878931 -0.127629 -0.459556
v 0.635964 0.0442666 -2.71899
vn 0.699861 -0.269221 -0.6616
v 0.695188 0.0644197 -2.65712
vn 0.810843 -0.0953061 -0.577452
v 0.703285 0.0262397 -2.63737
vn 0.773853 -0.278063 -0.569063
v 0.703285 0.0262397 -2.63737
vn 0.773853 -0.278063 -0.569063
v 0.635533 -0.00155568 -2.68824
vn 0.621396 -0.481612 -0.617994
v 0.635964 0.0442666 -2.71899
vn 0.699861 -0.269221 -0.6616
v 0.695188 0.0644197 -2.65712
vn 0.810843 -0.0953061 -0.577452
v 0.635964 0.0442666 -2.71899
vn 0.699861 -0.269221 -0.6616
v 0.635908 0.107503 -2.73608
vn 0.760938 -0.0153441 -0.648643
v 0.603772 0.027475 -2.74378
vn 0.606799 -0.394083 -0.690285
v 0.635964 0.0442666 -2.71899
vn 0.699861 -0.269221 -0.6616
v 0.635533 -0.00155568 -2.68824
vn 0.621396 -0.481612 -0.617994
v 0.635533 -0.00155568 -2.68824
vn 0.621396 -0.481612 -0.617994
v 0.598478 -0.0139386 -2.71449
vn 0.552181 -0.555692 -0.621533
v 0.603772 0.027475 -2.74378
vn 0.606799 -0.394083 -0.690285
v 0.594537 -0.0531188 -2.67994
vn 0.525199 -0.613719 -0.589504
v 0.598478 -0.0139386 -2.71449
vn 0.552181 -0.555692 -0.621533
v 0.635533 -0.00155568 -2.68824
vn 0.621396 -0.481612 -0.617994
v 0.56242 -0.00190264 -2.75308
vn 0.570976 -0.554286 -0.605601
v 0.598478 -0.0139386 -2.71449
vn 0.552181 -0.555692 -0.621533
v 0.594537 -0.0531188 -2.67994
vn 0.525199 -0.613719 -0.589504
v 0.56242 -0.00190264 -2.75308
vn 0.570976 -0.554286 -0.605601
v 0.603772 0.027475 -2.74378
vn 0.606799 -0.394083 -0.690285
v 0.598478 -0.0139386 -2.71449
vn 0.552181 -0.555692 -0.621533
v 0.594537 -0.0531188 -2.67994
vn 0.525199 -0.613719 -0.589504
v 0.543661 -0.0554069 -2.72269
vn 0.530704 -0.630182 -0.566766
v 0.56242 -0.00190264 -2.75308
vn 0.570976 -0.554286 -0.605601
v 0.56242 -0.00190264 -2.75308
vn 0.570976 -0.554286 -0.605601
v 0.543661 -0.0554069 -2.72269
vn 0.530704 -0.630182 -0.566766
v 0.4291 -0.0604937 -2.83313
vn 0.56439 -0.709498 -0.421991
v 0.4291 -0.0604937 -2.83313
vn 0.56439 -0.709498 -0.421991
v 0.458154 -0.0236993 -2.87913
vn 0.750015 -0.621359 -0.226694
v 0.56242 -0.00190264 -2.75308
vn 0.570976 -0.554286 -0.605601
v 0.566368 0.0664987 -2.78873
vn 0.694243 -0.312213 -0.648498
v 0.56242 -0.00190264 -2.75308
vn 0.570976 -0.554286 -0.605601
v 0.458154 -0.0236993 -2.87913
vn 0.750015 -0.621359 -0.226694
v 0.603772 0.027475 -2.74378
vn 0.606799 -0.394083 -0.690285
v 0.56242 -0.00190264 -2.75308
vn 0.570976 -0.554286 -0.605601
v 0.566368 0.0664987 -2.78873
vn 0.694243 -0.312213 -0.648498
v 0.458154 -0.0236993 -2.87913
vn 0.750015 -0.621359 -0.226694
v 0.502182 0.0717457 -2.88983
vn 0.848726 -0.220111 -0.480848
v 0.566368 0.0664987 -2.78873
vn 0.694243 -0.312213 -0.648498
v 0.566368 0.0664987 -2.78873
vn 0.694243 -0.312213 -0.648498
v 0.60131 0.104266 -2.76994
vn 0.695894 -0.133453 -0.705636
v 0.603772 0.027475 -2.74378
vn 0.606799 -0.394083 -0.690285
v 0.635964 0.0442666 -2.71899
vn 0.699861 -0.269221 -0.6616
v 0.603772 0.027475 -2.74378
vn 0.606799 -0.394083 -0.690285
v 0.60131 0.104266 -2.76994
vn 0.695894 -0.133453 -0.705636
v 0.60131 0.104266 -2.76994
vn 0.695894 -0.133453 -0.705636
v 0.635908 0.107503 -2.73608
vn 0.760938 -0.0153441 -0.648643
v 0.635964 0.0442666 -2.71899
vn 0.699861 -0.269221 -0.6616
v 0.566368 0.0664987 -2.78873
vn 0.694243 -0.312213 -0.648498
v 0.573091 0.135957 -2.80523
vn 0.770033 -0.0276763 -0.637403
v 0.60131 0.104266 -2.76994
vn 0.695894 -0.133453 -0.705636
v 0.573091 0.135957 -2.80523
vn 0.770033 -0.0276763 -0.637403
v 0.566368 0.0664987 -2.78873
vn 0.694243 -0.312213 -0.648498
v 0.502182 0.0717457 -2.88983
vn 0.848726 -0.220111 -0.480848
v 0.502182 0.0717457 -2.88983
vn 0.848726 -0.220111 -0.480848
v 0.508838 0.165023 -2.88835
vn 0.840756 0.0375209 -0.540113
v 0.573091 0.135957 -2.80523
vn 0.770033 -0.0276763 -0.637403
v 0.508838 0.165023 -2.88835
vn 0.840756 0.0375209 -0.540113
v 0.502182 0.0717457 -2.88983
vn 0.848726 -0.220111 -0.480848
v 0.416434 0.0534206 -3.03949
vn 0.757463 -0.0965562 -0.645699
v 0.438974 0.164616 -3.01733
vn 0.738054 0.12183 -0.663652
v 0.416434 0.0534206 -3.03949
vn 0.757463 -0.0965562 -0.645699
v 0.308696 0.0522764 -3.12206
vn 0.515019 0.0345283 -0.856483
v 0.416434 0.0534206 -3.03949
vn 0.757463 -0.0965562 -0.645699
v 0.438974 0.164616 -3.01733
vn 0.738054 0.12183 -0.663652
v 0.508838 0.165023 -2.88835
vn 0.840756 0.0375209 -0.540113
v 0.308696 0.0522764 -3.12206
vn 0.515019 0.0345283 -0.856483
v 0.323336 0.156254 -3.09794
vn 0.529287 0.199357 -0.824689
v 0.438974 0.164616 -3.01733
vn 0.738054 0.12183 -0.663652
v 0.272553 0.151798 -3.12805
vn 0.455149 0.150746 -0.877562
v 0.323336 0.156254 -3.09794
vn 0.529287 0.199357 -0.824689
v 0.308696 0.0522764 -3.12206
vn 0.515019 0.0345283 -0.856483
v 0.323336 0.156254 -3.09794
vn 0.529287 0.199357 -0.824689
v 0.272553 0.151798 -3.12805
vn 0.455149 0.150746 -0.877562
v 0.263494 0.235463 -3.11073
vn 0.540144 0.24388 -0.805461
v 0.263494 0.235463 -3.11073
vn 0.540144 0.24388 -0.805461
v 0.330895 0.254394 -3.06725
vn 0.509901 0.341022 -0.78975
v 0.323336 0.156254 -3.09794
vn 0.529287 0.199357 -0.824689
v 0.323336 0.156254 -3.09794
vn 0.529287 0.199357 -0.824689
v 0.330895 0.254394 -3.06725
vn 0.509901 0.341022 -0.78975
v 0.436047 0.261954 -2.98194
vn 0.678976 0.350082 -0.645317
v 0.436047 0.261954 -2.98194
vn 0.678976 0.350082 -0.645317
v 0.438974 0.164616 -3.01733
vn 0.738054 0.12183 -0.663652
v 0.323336 0.156254 -3.09794
vn 0.529287 0.199357 -0.824689
v 0.319618 0.357195 -3.01087
vn 0.513528 0.523905 -0.679568
v 0.330895 0.254394 -3.06725
vn 0.509901 0.341022 -0.78975
v 0.263494 0.235463 -3.11073
vn 0.540144 0.24388 -0.805461
v 0.436047 0.261954 -2.98194
vn 0.678976 0.350082 -0.645317
v 0.330895 0.254394 -3.06725
vn 0.509901 0.341022 -0.78975
v 0.319618 0.357195 -3.01087
vn 0.513528 0.523905 -0.679568
v 0.5759 0.223161 -2.78145
vn 0.717231 0.254892 -0.648544
v 0.573091 0.135957 -2.80523
vn 0.770033 -0.0276763 -0.637403
v 0.508838 0.165023 -2.88835
vn 0.840756 0.0375209 -0.540113
v 0.508838 0.165023 -2.88835
vn 0.840756 0.0375209 -0.540113
v 0.502189 0.250303 -2.87662
vn 0.826525 0.237996 -0.510112
v 0.5759 0.223161 -2.78145
vn 0.717231 0.254892 -0.648544
v 0.502189 0.250303 -2.87662
vn 0.826525 0.237996 -0.510112
v 0.508838 0.165023 -2.88835
vn 0.840756 0.0375209 -0.540113
v 0.438974 0.164616 -3.01733
vn 0.738054 0.12183 -0.663652
v 0.438974 0.164616 -3.01733
vn 0.738054 0.12183 -0.663652
v 0.436047 0.261954 -2.98194
vn 0.678976 0.350082 -0.645317
v 0.502189 0.250303 -2.87662
vn 0.826525 0.237996 -0.510112
v 0.481726 0.32853 -2.85411
vn 0.741588 0.499053 -0.448323
v 0.502189 0.250303 -2.87662
vn 0.826525 0.237996 -0.510112
v 0.436047 0.261954 -2.98194
vn 0.678976 0.350082 -0.645317
v 0.5759 0.223161 -2.78145
vn 0.717231 0.254892 -0.648544
v 0.502189 0.250303 -2.87662
vn 0.826525 0.237996 -0.510112
v 0.481726 0.32853 -2.85411
vn 0.741588 0.499053 -0.448323
v 0.196649 0.154954 -3.18174
vn 0.74014 -0.00385453 -0.672441
v 0.201769 0.252902 -3.15927
vn 0.70727 0.249337 -0.661514
v 0.263494 0.235463 -3.11073
vn 0.540144 0.24388 -0.805461
v 0.201769 0.252902 -3.15927
vn 0.70727 0.249337 -0.661514
v 0.196649 0.154954 -3.18174
vn 0.74014 -0.00385453 -0.672441
v 0.0926513 0.136 -3.3315
vn 0.68618 -0.0287418 -0.726864
v 0.0926513 0.136 -3.3315
vn 0.68618 -0.0287418 -0.726864
v 0.0810408 0.275382 -3.31662
vn 0.634823 0.31966 -0.703432
v 0.201769 0.252902 -3.15927
vn 0.70727 0.249337 -0.661514
v 0.319618 0.357195 -3.01087
vn 0.513528 0.523905 -0.679568
v 0.263494 0.235463 -3.11073
vn 0.540144 0.24388 -0.805461
v 0.201769 0.252902 -3.15927
vn 0.70727 0.249337 -0.661514
v 0.188636 0.36651 -3.09855
vn 0.558778 0.608543 -0.563421
v 0.201769 0.252902 -3.15927
vn 0.70727 0.249337 -0.661514
v 0.0810408 0.275382 -3.31662
vn 0.634823 0.31966 -0.703432
v 0.319618 0.357195 -3.01087
vn 0.513528 0.523905 -0.679568
v 0.201769 0.252902 -3.15927
vn 0.70727 0.249337 -0.661514
v 0.188636 0.36651 -3.09855
vn 0.558778 0.608543 -0.563421
v 0.0810408 0.275382 -3.31662
vn 0.634823 0.31966 -0.703432
v 0.030864 0.395711 -3.25335
vn 0.464128 0.70324 -0.538553
v 0.188636 0.36651 -3.09855
vn 0.558778 0.608543 -0.563421
v 0.278177 0.433599 -2.93881
vn 0.360642 0.859855 -0.361368
v 0.319618 0.357195 -3.01087
vn 0.513528 0.523905 -0.679568
v 0.188636 0.36651 -3.09855
vn 0.558778 0.608543 -0.563421
v 0.188636 0.36651 -3.09855
vn 0.558778 0.608543 -0.563421
v 0.152798 0.434477 -3.03043
vn 0.35695 0.861453 -0.361228
v 0.278177 0.433599 -2.93881
vn 0.360642 0.859855 -0.361368
v 0.152798 0.434477 -3.03043
vn 0.35695 0.861453 -0.361228
v 0.188636 0.36651 -3.09855
vn 0.558778 0.608543 -0.563421
v 0.030864 0.395711 -3.25335
vn 0.464128 0.70324 -0.538553
v 0.030864 0.395711 -3.25335
vn 0.464128 0.70324 -0.538553
v -0.036026 0.456173 -3.16707
vn 0.197348 0.951183 -0.237288
v 0.152798 0.434477 -3.03043
vn 0.35695 0.861453 -0.361228
v -0.036026 0.456173 -3.16707
vn 0.197348 0.951183 -0.237288
v 0.030864 0.395711 -3.25335
vn 0.464128 0.70324 -0.538553
v -0.103767 0.3943 -3.34373
vn 0.296606 0.76455 -0.572266
v -0.103767 0.3943 -3.34373
vn 0.296606 0.76455 -0.572266
v -0.162042 0.454376 -3.25475
vn 0.112721 0.945527 -0.305407
v -0.036026 0.456173 -3.16707
vn 0.197348 0.951183 -0.237288
v -0.304049 0.420791 -3.36849
vn 0.108424 0.915627 -0.387132
v -0.162042 0.454376 -3.25475
vn 0.112721 0.945527 -0.305407
v -0.103767 0.3943 -3.34373
vn 0.296606 0.76455 -0.572266
v -0.036026 0.456173 -3.16707
vn 0.197348 0.951183 -0.237288
v -0.162042 0.454376 -3.25475
vn 0.112721 0.945527 -0.305407
v -0.199687 0.462424 -3.2042
vn -0.0134285 0.994348 -0.105315
v -0.199687 0.462424 -3.2042
vn -0.0134285 0.994348 -0.105315
v -0.162042 0.454376 -3.25475
vn 0.112721 0.945527 -0.305407
v -0.304049 0.420791 -3.36849
vn 0.108424 0.915627 -0.387132
v -0.199687 0.462424 -3.2042
vn -0.0134285 0.994348 -0.105315
v -0.0762804 0.463211 -3.11456
vn 0.0443096 0.998509 -0.0318667
v -0.036026 0.456173 -3.16707
vn 0.197348 0.951183 -0.237288
v -0.036026 0.456173 -3.16707
vn 0.197348 0.951183 -0.237288
v -0.0762804 0.463211 -3.11456
vn 0.0443096 0.998509 -0.0318667
v 0.120168 0.453363 -2.98596
vn 0.117454 0.98901 -0.0897984
v 0.120168 0.453363 -2.98596
vn 0.117454 0.98901 -0.0897984
v 0.152798 0.434477 -3.03043
vn 0.35695 0.861453 -0.361228
v -0.036026 0.456173 -3.16707
vn 0.197348 0.951183 -0.237288
v -0.132453 0.463059 -3.03924
vn -0.00862816 0.999154 0.0402067
v -0.0762804 0.463211 -3.11456
vn 0.0443096 0.998509 -0.0318667
v -0.199687 0.462424 -3.2042
vn -0.0134285 0.994348 -0.105315
v 0.120168 0.453363 -2.98596
vn 0.117454 0.98901 -0.0897984
v -0.0762804 0.463211 -3.11456
vn 0.0443096 0.998509 -0.0318667
v -0.132453 0.463059 -3.03924
vn -0.00862816 0.999154 0.0402067
v 0.278177 0.433599 -2.93881
vn 0.360642 0.859855 -0.361368
v 0.152798 0.434477 -3.03043
vn 0.35695 0.861453 -0.361228
v 0.120168 0.453363 -2.98596
vn 0.117454 0.98901 -0.0897984
v -0.132453 0.463059 -3.03924
vn -0.00862816 0.999154 0.0402067
v 0.0468511 0.453165 -2.88765
vn -0.0549267 0.98856 0.14047
v 0.120168 0.453363 -2.98596
vn 0.117454 0.98901 -0.0897984
v 0.120168 0.453363 -2.98596
vn 0.117454 0.98901 -0.0897984
v 0.242864 0.447463 -2.89484
vn 0.164522 0.986348 -0.00711176
v 0.278177 0.433599 -2.93881
vn 0.360642 0.859855 -0.361368
v 0.242864 0.447463 -2.89484
vn 0.164522 0.986348 -0.00711176
v 0.120168 0.453363 -2.98596
vn 0.117454 0.98901 -0.0897984
v 0.0468511 0.453165 -2.88765
vn -0.0549267 0.98856 0.14047
v 0.0468511 0.453165 -2.88765
vn -0.0549267 0.98856 0.14047
v -0.132453 0.463059 -3.03924
vn -0.00862816 0.999154 0.0402067
v -0.171291 0.455806 -2.9857
vn -0.172999 0.950179 0.259291
v 0.0468511 0.453165 -2.88765
vn -0.0549267 0.98856 0.14047
v 0.169217 0.447263 -2.79602
vn 0.0165897 0.979889 0.198853
v 0.242864 0.447463 -2.89484
vn 0.164522 0.986348 -0.00711176
v -0.171291 0.455806 -2.9857
vn -0.172999 0.950179 0.259291
v 0.0135629 0.4341 -2.84374
vn -0.246105 0.859818 0.447376
v 0.0468511 0.453165 -2.88765
vn -0.0549267 0.98856 0.14047
v 0.137137 0.433217 -2.7497
vn -0.245198 0.858199 0.450969
v 0.169217 0.447263 -2.79602
vn 0.0165897 0.979889 0.198853
v 0.0468511 0.453165 -2.88765
vn -0.0549267 0.98856 0.14047
v 0.0468511 0.453165 -2.88765
vn -0.0549267 0.98856 0.14047
v 0.0135629 0.4341 -2.84374
vn -0.246105 0.859818 0.447376
v 0.137137 0.433217 -2.7497
vn -0.245198 0.858199 0.450969
v 0.137137 0.433217 -2.7497
vn -0.245198 0.858199 0.450969
v 0.0135629 0.4341 -2.84374
vn -0.246105 0.859818 0.447376
v -0.0413773 0.365886 -2.79014
vn -0.381856 0.605993 0.697824
v -0.234793 0.394991 -2.89714
vn -0.385196 0.700937 0.60026
v -0.0413773 0.365886 -2.79014
vn -0.381856 0.605993 0.697824
v 0.0135629 0.4341 -2.84374
vn -0.246105 0.859818 0.447376
v 0.0135629 0.4341 -2.84374
vn -0.246105 0.859818 0.447376
v -0.171291 0.455806 -2.9857
vn -0.172999 0.950179 0.259291
v -0.234793 0.394991 -2.89714
vn -0.385196 0.700937 0.60026
v -0.0413773 0.365886 -2.79014
vn -0.381856 0.605993 0.697824
v -0.234793 0.394991 -2.89714
vn -0.385196 0.700937 0.60026
v -0.280899 0.274401 -2.83132
vn -0.493807 0.3166 0.809888
v 0.436047 0.261954 -2.98194
vn 0.678976 0.350082 -0.645317
v 0.418264 0.34009 -2.94232
vn 0.589619 0.659174 -0.466732
v 0.481726 0.32853 -2.85411
vn 0.741588 0.499053 -0.448323
v 0.319618 0.357195 -3.01087
vn 0.513528 0.523905 -0.679568
v 0.418264 0.34009 -2.94232
vn 0.589619 0.659174 -0.466732
v 0.436047 0.261954 -2.98194
vn 0.678976 0.350082 -0.645317
v 0.418264 0.34009 -2.94232
vn 0.589619 0.659174 -0.466732
v 0.319618 0.357195 -3.01087
vn 0.513528 0.523905 -0.679568
v 0.278177 0.433599 -2.93881
vn 0.360642 0.859855 -0.361368
v 0.278177 0.433599 -2.93881
vn 0.360642 0.859855 -0.361368
v 0.371064 0.409027 -2.86822
vn 0.421486 0.885768 -0.194332
v 0.418264 0.34009 -2.94232
vn 0.589619 0.659174 -0.466732
v 0.371064 0.409027 -2.86822
vn 0.421486 0.885768 -0.194332
v 0.278177 0.433599 -2.93881
vn 0.360642 0.859855 -0.361368
v 0.242864 0.447463 -2.89484
vn 0.164522 0.986348 -0.00711176
v 0.444937 0.377356 -2.81385
vn 0.562549 0.778988 -0.276978
v 0.481726 0.32853 -2.85411
vn 0.741588 0.499053 -0.448323
v 0.418264 0.34009 -2.94232
vn 0.589619 0.659174 -0.466732
v 0.418264 0.34009 -2.94232
vn 0.589619 0.659174 -0.466732
v 0.371064 0.409027 -2.86822
vn 0.421486 0.885768 -0.194332
v 0.444937 0.377356 -2.81385
vn 0.562549 0.778988 -0.276978
v 0.559928 0.311415 -2.74413
vn 0.505722 0.673462 -0.539162
v 0.481726 0.32853 -2.85411
vn 0.741588 0.499053 -0.448323
v 0.444937 0.377356 -2.81385
vn 0.562549 0.778988 -0.276978
v 0.481726 0.32853 -2.85411
vn 0.741588 0.499053 -0.448323
v 0.559928 0.311415 -2.74413
vn 0.505722 0.673462 -0.539162
v 0.5759 0.223161 -2.78145
vn 0.717231 0.254892 -0.648544
v 0.5759 0.223161 -2.78145
vn 0.717231 0.254892 -0.648544
v 0.559928 0.311415 -2.74413
vn 0.505722 0.673462 -0.539162
v 0.607205 0.316239 -2.71663
vn 0.249171 0.464789 -0.849638
v 0.594697 0.347759 -2.67812
vn 0.0097078 0.937209 -0.348632
v 0.607205 0.316239 -2.71663
vn 0.249171 0.464789 -0.849638
v 0.559928 0.311415 -2.74413
vn 0.505722 0.673462 -0.539162
v 0.607205 0.316239 -2.71663
vn 0.249171 0.464789 -0.849638
v 0.627806 0.249828 -2.72489
vn 0.720855 0.0182974 -0.692844
v 0.5759 0.223161 -2.78145
vn 0.717231 0.254892 -0.648544
v 0.5759 0.223161 -2.78145
vn 0.717231 0.254892 -0.648544
v 0.627806 0.249828 -2.72489
vn 0.720855 0.0182974 -0.692844
v 0.61067 0.190726 -2.75426
vn 0.753742 0.0969479 -0.649979
v 0.573091 0.135957 -2.80523
vn 0.770033 -0.0276763 -0.637403
v 0.5759 0.223161 -2.78145
vn 0.717231 0.254892 -0.648544
v 0.61067 0.190726 -2.75426
vn 0.753742 0.0969479 -0.649979
v 0.61067 0.190726 -2.75426
vn 0.753742 0.0969479 -0.649979
v 0.60131 0.104266 -2.76994
vn 0.695894 -0.133453 -0.705636
v 0.573091 0.135957 -2.80523
vn 0.770033 -0.0276763 -0.637403
v 0.635908 0.107503 -2.73608
vn 0.760938 -0.0153441 -0.648643
v 0.60131 0.104266 -2.76994
vn 0.695894 -0.133453 -0.705636
v 0.61067 0.190726 -2.75426
vn 0.753742 0.0969479 -0.649979
v 0.61067 0.190726 -2.75426
vn 0.753742 0.0969479 -0.649979
v 0.634941 0.17636 -2.7224
vn 0.784241 0.0865132 -0.614396
v 0.635908 0.107503 -2.73608
vn 0.760938 -0.0153441 -0.648643
v 0.634941 0.17636 -2.7224
vn 0.784241 0.0865132 -0.614396
v 0.61067 0.190726 -2.75426
vn 0.753742 0.0969479 -0.649979
v 0.627806 0.249828 -2.72489
vn 0.720855 0.0182974 -0.692844
v 0.635908 0.107503 -2.73608
vn 0.760938 -0.0153441 -0.648643
v 0.689651 0.108548 -2.6671
vn 0.804811 0.0610449 -0.590384
v 0.695188 0.0644197 -2.65712
vn 0.810843 -0.0953061 -0.577452
v 0.689651 0.108548 -2.6671
vn 0.804811 0.0610449 -0.590384
v 0.635908 0.107503 -2.73608
vn 0.760938 -0.0153441 -0.648643
v 0.634941 0.17636 -2.7224
vn 0.784241 0.0865132 -0.614396
v 0.695188 0.0644197 -2.65712
vn 0.810843 -0.0953061 -0.577452
v 0.689651 0.108548 -2.6671
vn 0.804811 0.0610449 -0.590384
v 0.711876 0.106828 -2.63344
vn 0.870246 0.0780668 -0.486393
v 0.711876 0.106828 -2.63344
vn 0.870246 0.0780668 -0.486393
v 0.716048 0.0700913 -2.62517
vn 0.874464 -0.0477692 -0.482732
v 0.695188 0.0644197 -2.65712
vn 0.810843 -0.0953061 -0.577452
v 0.634941 0.17636 -2.7224
vn 0.784241 0.0865132 -0.614396
v 0.685782 0.159263 -2.66235
vn 0.795316 0.592029 -0.130283
v 0.689651 0.108548 -2.6671
vn 0.804811 0.0610449 -0.590384
v 0.711876 0.106828 -2.63344
vn 0.870246 0.0780668 -0.486393
v 0.689651 0.108548 -2.6671
vn 0.804811 0.0610449 -0.590384
v 0.685782 0.159263 -2.66235
vn 0.795316 0.592029 -0.130283
v 0.685782 0.159263 -2.66235
vn 0.795316 0.592029 -0.130283
v 0.634941 0.17636 -2.7224
vn 0.784241 0.0865132 -0.614396
v 0.659544 0.231384 -2.68982
vn 0.936834 0.12631 -0.326171
v 0.627806 0.249828 -2.72489
vn 0.720855 0.0182974 -0.692844
v 0.659544 0.231384 -2.68982
vn 0.936834 0.12631 -0.326171
v 0.634941 0.17636 -2.7224
vn 0.784241 0.0865132 -0.614396
v 0.716048 0.0700913 -2.62517
vn 0.874464 -0.0477692 -0.482732
v 0.711876 0.106828 -2.63344
vn 0.870246 0.0780668 -0.486393
v 0.726296 0.101003 -2.6033
vn 0.937738 0.184849 -0.294073
v 0.726296 0.101003 -2.6033
vn 0.937738 0.184849 -0.294073
v 0.730134 0.0737351 -2.59795
vn 0.926707 -0.0110084 -0.375623
v 0.716048 0.0700913 -2.62517
vn 0.874464 -0.0477692 -0.482732
v 0.726296 0.101003 -2.6033
vn 0.937738 0.184849 -0.294073
v 0.73408 0.0878918 -2.58048
vn 0.943925 0.178873 -0.277508
v 0.730134 0.0737351 -2.59795
vn 0.926707 -0.0110084 -0.375623
v 0.73408 0.0878918 -2.58048
vn 0.943925 0.178873 -0.277508
v 0.725747 0.119701 -2.56738
vn 0.88965 0.425622 -0.165434
v 0.739379 0.103145 -2.54251
vn 0.824686 0.409616 -0.39001
v 0.725747 0.119701 -2.56738
vn 0.88965 0.425622 -0.165434
v 0.73408 0.0878918 -2.58048
vn 0.943925 0.178873 -0.277508
v 0.726296 0.101003 -2.6033
vn 0.937738 0.184849 -0.294073
v 0.726296 0.101003 -2.6033
vn 0.937738 0.184849 -0.294073
v 0.711876 0.106828 -2.63344
vn 0.870246 0.0780668 -0.486393
v 0.70389 0.153022 -2.62871
vn 0.739603 0.65087 -0.171334
v 0.685782 0.159263 -2.66235
vn 0.795316 0.592029 -0.130283
v 0.70389 0.153022 -2.62871
vn 0.739603 0.65087 -0.171334
v 0.711876 0.106828 -2.63344
vn 0.870246 0.0780668 -0.486393
v 0.70389 0.153022 -2.62871
vn 0.739603 0.65087 -0.171334
v 0.716055 0.132839 -2.59812
vn 0.899086 0.428963 -0.0873814
v 0.726296 0.101003 -2.6033
vn 0.937738 0.184849 -0.294073
v 0.726296 0.101003 -2.6033
vn 0.937738 0.184849 -0.294073
v 0.716055 0.132839 -2.59812
vn 0.899086 0.428963 -0.0873814
v 0.725747 0.119701 -2.56738
vn 0.88965 0.425622 -0.165434
v 0.703214 0.153652 -2.59729
vn 0.943821 0.315995 -0.096689
v 0.716055 0.132839 -2.59812
vn 0.899086 0.428963 -0.0873814
v 0.70389 0.153022 -2.62871
vn 0.739603 0.65087 -0.171334
v 0.725747 0.119701 -2.56738
vn 0.88965 0.425622 -0.165434
v 0.716055 0.132839 -2.59812
vn 0.899086 0.428963 -0.0873814
v 0.703214 0.153652 -2.59729
vn 0.943821 0.315995 -0.096689
v 0.730021 0.135275 -2.51906
vn 0.729114 0.601 -0.327402
v 0.739379 0.103145 -2.54251
vn 0.824686 0.409616 -0.39001
v 0.725747 0.119701 -2.56738
vn 0.88965 0.425622 -0.165434
v 0.739379 0.103145 -2.54251
vn 0.824686 0.409616 -0.39001
v 0.730021 0.135275 -2.51906
vn 0.729114 0.601 -0.327402
v 0.757396 0.123788 -2.49533
vn 0.588398 0.629599 -0.507339
v 0.725747 0.119701 -2.56738
vn 0.88965 0.425622 -0.165434
v 0.710291 0.148716 -2.55394
vn 0.851181 0.510418 -0.122324
v 0.730021 0.135275 -2.51906
vn 0.729114 0.601 -0.327402
v 0.703214 0.153652 -2.59729
vn 0.943821 0.315995 -0.096689
v 0.710291 0.148716 -2.55394
vn 0.851181 0.510418 -0.122324
v 0.725747 0.119701 -2.56738
vn 0.88965 0.425622 -0.165434
v 0.749342 0.145739 -2.4706
vn 0.396209 0.905896 -0.149568
v 0.757396 0.123788 -2.49533
vn 0.588398 0.629599 -0.507339
v 0.730021 0.135275 -2.51906
vn 0.729114 0.601 -0.327402
v 0.757396 0.123788 -2.49533
vn 0.588398 0.629599 -0.507339
v 0.749342 0.145739 -2.4706
vn 0.396209 0.905896 -0.149568
v 0.79172 0.134163 -2.44697
vn 0.234525 0.88618 -0.399604
v 0.79172 0.134163 -2.44697
vn 0.234525 0.88618 -0.399604
v 0.813493 0.11119 -2.4602
vn 0.446664 0.566263 -0.692704
v 0.757396 0.123788 -2.49533
vn 0.588398 0.629599 -0.507339
v 0.813493 0.11119 -2.4602
vn 0.446664 0.566263 -0.692704
v 0.79172 0.134163 -2.44697
vn 0.234525 0.88618 -0.399604
v 0.811299 0.145772 -2.42957
vn 0.0588134 0.891069 -0.450042
v 0.811299 0.145772 -2.42957
vn 0.0588134 0.891069 -0.450042
v 0.827306 0.119971 -2.44795
vn 0.897663 0.343455 -0.276115
v 0.813493 0.11119 -2.4602
vn 0.446664 0.566263 -0.692704
v 0.827306 0.119971 -2.44795
vn 0.897663 0.343455 -0.276115
v 0.811299 0.145772 -2.42957
vn 0.0588134 0.891069 -0.450042
v 0.816201 0.147168 -2.42007
vn 0.655405 0.74321 0.134476
v 0.816201 0.147168 -2.42007
vn 0.655405 0.74321 0.134476
v 0.820561 0.124693 -2.43014
vn 0.863039 -0.105809 0.493932
v 0.827306 0.119971 -2.44795
vn 0.897663 0.343455 -0.276115
v 0.816201 0.147168 -2.42007
vn 0.655405 0.74321 0.134476
v 0.803307 0.146092 -2.4006
vn 0.787074 0.196484 0.58473
v 0.820561 0.124693 -2.43014
vn 0.863039 -0.105809 0.493932
v 0.816201 0.147168 -2.42007
vn 0.655405 0.74321 0.134476
v 0.811299 0.145772 -2.42957
vn 0.0588134 0.891069 -0.450042
v 0.777821 0.145681 -2.38468
vn -0.315711 0.930121 0.187622
v 0.816201 0.147168 -2.42007
vn 0.655405 0.74321 0.134476
v 0.777821 0.145681 -2.38468
vn -0.315711 0.930121 0.187622
v 0.803307 0.146092 -2.4006
vn 0.787074 0.196484 0.58473
v 0.777821 0.145681 -2.38468
vn -0.315711 0.930121 0.187622
v 0.788318 0.147092 -2.38269
vn 0.373887 0.57819 0.725193
v 0.803307 0.146092 -2.4006
vn 0.787074 0.196484 0.58473
v 0.788318 0.147092 -2.38269
vn 0.373887 0.57819 0.725193
v 0.777821 0.145681 -2.38468
vn -0.315711 0.930121 0.187622
v 0.764817 0.119801 -2.36416
vn -0.00932643 0.340996 0.940018
v -0.411636 0.270583 -2.94516
vn -0.639612 0.38702 0.664163
v -0.280899 0.274401 -2.83132
vn -0.493807 0.3166 0.809888
v -0.234793 0.394991 -2.89714
vn -0.385196 0.700937 0.60026
v 0.764817 0.119801 -2.36416
vn -0.00932643 0.340996 0.940018
v 0.779955 0.124583 -2.37569
vn 0.719741 -0.106198 0.686072
v 0.788318 0.147092 -2.38269
vn 0.373887 0.57819 0.725193
v 0.788318 0.147092 -2.38269
vn 0.373887 0.57819 0.725193
v 0.779955 0.124583 -2.37569
vn 0.719741 -0.106198 0.686072
v 0.803307 0.146092 -2.4006
vn 0.787074 0.196484 0.58473
v 0.764077 0.0769121 -2.36904
vn 0.693143 -0.112611 0.711949
v 0.779955 0.124583 -2.37569
vn 0.719741 -0.106198 0.686072
v 0.764817 0.119801 -2.36416
vn -0.00932643 0.340996 0.940018
v 0.779955 0.124583 -2.37569
vn 0.719741 -0.106198 0.686072
v 0.764077 0.0769121 -2.36904
vn 0.693143 -0.112611 0.711949
v 0.772343 0.0754518 -2.37902
vn 0.740438 -0.0844664 0.666795
v 0.772343 0.0754518 -2.37902
vn 0.740438 -0.0844664 0.666795
v 0.781183 0.0924415 -2.38553
vn 0.773068 -0.109089 0.624873
v 0.779955 0.124583 -2.37569
vn 0.719741 -0.106198 0.686072
v 0.803307 0.146092 -2.4006
vn 0.787074 0.196484 0.58473
v 0.779955 0.124583 -2.37569
vn 0.719741 -0.106198 0.686072
v 0.781183 0.0924415 -2.38553
vn 0.773068 -0.109089 0.624873
v 0.781183 0.0924415 -2.38553
vn 0.773068 -0.109089 0.624873
v 0.796921 0.098963 -2.40546
vn 0.796208 -0.117145 0.593573
v 0.803307 0.146092 -2.4006
vn 0.787074 0.196484 0.58473
v 0.793588 0.0351345 -2.40807
vn 0.740055 -0.385421 0.551152
v 0.796921 0.098963 -2.40546
vn 0.796208 -0.117145 0.593573
v 0.781183 0.0924415 -2.38553
vn 0.773068 -0.109089 0.624873
v 0.781183 0.0924415 -2.38553
vn 0.773068 -0.109089 0.624873
v 0.772343 0.0754518 -2.37902
vn 0.740438 -0.0844664 0.666795
v 0.780161 0.0546938 -2.38731
vn 0.715539 -0.103974 0.690791
v 0.781183 0.0924415 -2.38553
vn 0.773068 -0.109089 0.624873
v 0.780161 0.0546938 -2.38731
vn 0.715539 -0.103974 0.690791
v 0.793588 0.0351345 -2.40807
vn 0.740055 -0.385421 0.551152
v 0.780161 0.0546938 -2.38731
vn 0.715539 -0.103974 0.690791
v 0.772343 0.0754518 -2.37902
vn 0.740438 -0.0844664 0.666795
v 0.764077 0.0769121 -2.36904
vn 0.693143 -0.112611 0.711949
v 0.793588 0.0351345 -2.40807
vn 0.740055 -0.385421 0.551152
v 0.780161 0.0546938 -2.38731
vn 0.715539 -0.103974 0.690791
v 0.768915 0.0344011 -2.38359
vn 0.52903 -0.458027 0.71438
v 0.764077 0.0769121 -2.36904
vn 0.693143 -0.112611 0.711949
v 0.768915 0.0344011 -2.38359
vn 0.52903 -0.458027 0.71438
v 0.780161 0.0546938 -2.38731
vn 0.715539 -0.103974 0.690791
v 0.793588 0.0351345 -2.40807
vn 0.740055 -0.385421 0.551152
v 0.768915 0.0344011 -2.38359
vn 0.52903 -0.458027 0.71438
v 0.765245 0.0254653 -2.39524
vn -0.0944168 -0.994509 0.0451385
v 0.765245 0.0254653 -2.39524
vn -0.0944168 -0.994509 0.0451385
v 0.785081 0.0235188 -2.41444
vn -0.35154 -0.89818 -0.263994
v 0.793588 0.0351345 -2.40807
vn 0.740055 -0.385421 0.551152
v 0.765245 0.0254653 -2.39524
vn -0.0944168 -0.994509 0.0451385
v 0.768915 0.0344011 -2.38359
vn 0.52903 -0.458027 0.71438
v 0.746034 0.0385292 -2.37156
vn 0.0215321 -0.7244 0.689043
v 0.746034 0.0385292 -2.37156
vn 0.0215321 -0.7244 0.689043
v 0.745702 0.0314461 -2.38707
vn -0.305233 -0.944838 -0.118801
v 0.765245 0.0254653 -2.39524
vn -0.0944168 -0.994509 0.0451385
v 0.745702 0.0314461 -2.38707
vn -0.305233 -0.944838 -0.118801
v 0.746034 0.0385292 -2.37156
vn 0.0215321 -0.7244 0.689043
v 0.726569 0.0427898 -2.37237
vn -0.378575 -0.69178 0.614916
v 0.726569 0.0427898 -2.37237
vn -0.378575 -0.69178 0.614916
v 0.727104 0.0378148 -2.38836
vn -0.248626 -0.940661 -0.230958
v 0.745702 0.0314461 -2.38707
vn -0.305233 -0.944838 -0.118801
v 0.674331 0.0571837 -2.41389
vn -0.057385 -0.99702 -0.0515525
v 0.727104 0.0378148 -2.38836
vn -0.248626 -0.940661 -0.230958
v 0.726569 0.0427898 -2.37237
vn -0.378575 -0.69178 0.614916
v 0.726569 0.0427898 -2.37237
vn -0.378575 -0.69178 0.614916
v 0.664823 0.0592968 -2.39988
vn -0.432669 -0.601837 0.67126
v 0.674331 0.0571837 -2.41389
vn -0.057385 -0.99702 -0.0515525
v 0.664848 0.0585285 -2.42077
vn 0.00691838 -0.472984 0.881044
v 0.674331 0.0571837 -2.41389
vn -0.057385 -0.99702 -0.0515525
v 0.664823 0.0592968 -2.39988
vn -0.432669 -0.601837 0.67126
v 0.664823 0.0592968 -2.39988
vn -0.432669 -0.601837 0.67126
v 0.726569 0.0427898 -2.37237
vn -0.378575 -0.69178 0.614916
v 0.736433 0.0734439 -2.36551
vn -0.497121 0.202566 0.843705
v 0.726569 0.0427898 -2.37237
vn -0.378575 -0.69178 0.614916
v 0.746034 0.0385292 -2.37156
vn 0.0215321 -0.7244 0.689043
v 0.751666 0.0750045 -2.3573
vn 0.138055 -0.152675 0.978586
v 0.751666 0.0750045 -2.3573
vn 0.138055 -0.152675 0.978586
v 0.736433 0.0734439 -2.36551
vn -0.497121 0.202566 0.843705
v 0.726569 0.0427898 -2.37237
vn -0.378575 -0.69178 0.614916
v 0.751666 0.0750045 -2.3573
vn 0.138055 -0.152675 0.978586
v 0.746034 0.0385292 -2.37156
vn 0.0215321 -0.7244 0.689043
v 0.768915 0.0344011 -2.38359
vn 0.52903 -0.458027 0.71438
v 0.768915 0.0344011 -2.38359
vn 0.52903 -0.458027 0.71438
v 0.764077 0.0769121 -2.36904
vn 0.693143 -0.112611 0.711949
v 0.751666 0.0750045 -2.3573
vn 0.138055 -0.152675 0.978586
v 0.764817 0.119801 -2.36416
vn -0.00932643 0.340996 0.940018
v 0.751666 0.0750045 -2.3573
vn 0.138055 -0.152675 0.978586
v 0.764077 0.0769121 -2.36904
vn 0.693143 -0.112611 0.711949
v 0.736433 0.0734439 -2.36551
vn -0.497121 0.202566 0.843705
v 0.751666 0.0750045 -2.3573
vn 0.138055 -0.152675 0.978586
v 0.764817 0.119801 -2.36416
vn -0.00932643 0.340996 0.940018
v 0.764817 0.119801 -2.36416
vn -0.00932643 0.340996 0.940018
v 0.749154 0.111016 -2.37393
vn -0.53766 0.563594 0.627123
v 0.736433 0.0734439 -2.36551
vn -0.497121 0.202566 0.843705
v 0.749154 0.111016 -2.37393
vn -0.53766 0.563594 0.627123
v 0.764817 0.119801 -2.36416
vn -0.00932643 0.340996 0.940018
v 0.777821 0.145681 -2.38468
vn -0.315711 0.930121 0.187622
v 0.777821 0.145681 -2.38468
vn -0.315711 0.930121 0.187622
v 0.75558 0.134065 -2.39851
vn -0.251732 0.940075 0.22998
v 0.749154 0.111016 -2.37393
vn -0.53766 0.563594 0.627123
v 0.75558 0.134065 -2.39851
vn -0.251732 0.940075 0.22998
v 0.777821 0.145681 -2.38468
vn -0.315711 0.930121 0.187622
v 0.811299 0.145772 -2.42957
vn 0.0588134 0.891069 -0.450042
v 0.811299 0.145772 -2.42957
vn 0.0588134 0.891069 -0.450042
v 0.79172 0.134163 -2.44697
vn 0.234525 0.88618 -0.399604
v 0.75558 0.134065 -2.39851
vn -0.251732 0.940075 0.22998
v 0.75558 0.134065 -2.39851
vn -0.251732 0.940075 0.22998
v 0.79172 0.134163 -2.44697
vn 0.234525 0.88618 -0.399604
v 0.749342 0.145739 -2.4706
vn 0.396209 0.905896 -0.149568
v 0.749342 0.145739 -2.4706
vn 0.396209 0.905896 -0.149568
v 0.720827 0.145662 -2.43236
vn -0.0305834 0.904298 0.425806
v 0.75558 0.134065 -2.39851
vn -0.251732 0.940075 0.22998
v 0.75558 0.134065 -2.39851
vn -0.251732 0.940075 0.22998
v 0.720827 0.145662 -2.43236
vn -0.0305834 0.904298 0.425806
v 0.699464 0.123631 -2.41765
vn -0.319725 0.627195 0.710212
v 0.699464 0.123631 -2.41765
vn -0.319725 0.627195 0.710212
v 0.749154 0.111016 -2.37393
vn -0.53766 0.563594 0.627123
v 0.75558 0.134065 -2.39851
vn -0.251732 0.940075 0.22998
v 0.720827 0.145662 -2.43236
vn -0.0305834 0.904298 0.425806
v 0.749342 0.145739 -2.4706
vn 0.396209 0.905896 -0.149568
v 0.721289 0.154843 -2.4931
vn 0.463921 0.884253 -0.053622
v 0.730021 0.135275 -2.51906
vn 0.729114 0.601 -0.327402
v 0.721289 0.154843 -2.4931
vn 0.463921 0.884253 -0.053622
v 0.749342 0.145739 -2.4706
vn 0.396209 0.905896 -0.149568
v 0.721289 0.154843 -2.4931
vn 0.463921 0.884253 -0.053622
v 0.691262 0.154762 -2.45284
vn 0.0856196 0.880391 0.466455
v 0.720827 0.145662 -2.43236
vn -0.0305834 0.904298 0.425806
v 0.691262 0.154762 -2.45284
vn 0.0856196 0.880391 0.466455
v 0.721289 0.154843 -2.4931
vn 0.463921 0.884253 -0.053622
v 0.702516 0.164625 -2.52172
vn 0.579359 0.805224 0.12632
v 0.710291 0.148716 -2.55394
vn 0.851181 0.510418 -0.122324
v 0.702516 0.164625 -2.52172
vn 0.579359 0.805224 0.12632
v 0.721289 0.154843 -2.4931
vn 0.463921 0.884253 -0.053622
v 0.721289 0.154843 -2.4931
vn 0.463921 0.884253 -0.053622
v 0.730021 0.135275 -2.51906
vn 0.729114 0.601 -0.327402
v 0.710291 0.148716 -2.55394
vn 0.851181 0.510418 -0.122324
v 0.695775 0.179133 -2.56043
vn 0.837061 0.543359 0.0639538
v 0.702516 0.164625 -2.52172
vn 0.579359 0.805224 0.12632
v 0.710291 0.148716 -2.55394
vn 0.851181 0.510418 -0.122324
v 0.710291 0.148716 -2.55394
vn 0.851181 0.510418 -0.122324
v 0.703214 0.153652 -2.59729
vn 0.943821 0.315995 -0.096689
v 0.701092 0.167959 -2.58058
vn 0.939323 0.341257 0.0348579
v 0.710291 0.148716 -2.55394
vn 0.851181 0.510418 -0.122324
v 0.701092 0.167959 -2.58058
vn 0.939323 0.341257 0.0348579
v 0.695775 0.179133 -2.56043
vn 0.837061 0.543359 0.0639538
v 0.703192 0.175772 -2.60517
vn 0.976423 0.215848 -0.00279587
v 0.701092 0.167959 -2.58058
vn 0.939323 0.341257 0.0348579
v 0.703214 0.153652 -2.59729
vn 0.943821 0.315995 -0.096689
v 0.686282 0.196401 -2.58192
vn 0.854359 0.490068 0.172926
v 0.695775 0.179133 -2.56043
vn 0.837061 0.543359 0.0639538
v 0.701092 0.167959 -2.58058
vn 0.939323 0.341257 0.0348579
v 0.701092 0.167959 -2.58058
vn 0.939323 0.341257 0.0348579
v 0.703192 0.175772 -2.60517
vn 0.976423 0.215848 -0.00279587
v 0.686282 0.196401 -2.58192
vn 0.854359 0.490068 0.172926
v 0.703214 0.153652 -2.59729
vn 0.943821 0.315995 -0.096689
v 0.701365 0.163947 -2.62417
vn 0.734889 -0.36131 -0.573928
v 0.703192 0.175772 -2.60517
vn 0.976423 0.215848 -0.00279587
v 0.675931 0.154222 -2.62376
vn 0.471129 0.802123 -0.366928
v 0.701365 0.163947 -2.62417
vn 0.734889 -0.36131 -0.573928
v 0.703214 0.153652 -2.59729
vn 0.943821 0.315995 -0.096689
v 0.703214 0.153652 -2.59729
vn 0.943821 0.315995 -0.096689
v 0.70389 0.153022 -2.62871
vn 0.739603 0.65087 -0.171334
v 0.675931 0.154222 -2.62376
vn 0.471129 0.802123 -0.366928
v 0.675931 0.154222 -2.62376
vn 0.471129 0.802123 -0.366928
v 0.70389 0.153022 -2.62871
vn 0.739603 0.65087 -0.171334
v 0.685782 0.159263 -2.66235
vn 0.795316 0.592029 -0.130283
v 0.672586 0.165737 -2.62063
vn 0.626716 -0.69932 -0.343771
v 0.701365 0.163947 -2.62417
vn 0.734889 -0.36131 -0.573928
v 0.675931 0.154222 -2.62376
vn 0.471129 0.802123 -0.366928
v 0.671854 0.15814 -2.6372
vn 0.870625 0.447443 0.204467
v 0.672586 0.165737 -2.62063
vn 0.626716 -0.69932 -0.343771
v 0.675931 0.154222 -2.62376
vn 0.471129 0.802123 -0.366928
v 0.685782 0.159263 -2.66235
vn 0.795316 0.592029 -0.130283
v 0.671854 0.15814 -2.6372
vn 0.870625 0.447443 0.204467
v 0.675931 0.154222 -2.62376
vn 0.471129 0.802123 -0.366928
v 0.685782 0.159263 -2.66235
vn 0.795316 0.592029 -0.130283
v 0.682241 0.162544 -2.66206
vn 0.999251 0.033362 0.0196191
v 0.671854 0.15814 -2.6372
vn 0.870625 0.447443 0.204467
v 0.659544 0.231384 -2.68982
vn 0.936834 0.12631 -0.326171
v 0.682241 0.162544 -2.66206
vn 0.999251 0.033362 0.0196191
v 0.685782 0.159263 -2.66235
vn 0.795316 0.592029 -0.130283
v 0.693258 0.167773 -2.64268
vn 0.763016 -0.528633 -0.37196
v 0.672586 0.165737 -2.62063
vn 0.626716 -0.69932 -0.343771
v 0.682241 0.162544 -2.66206
vn 0.999251 0.033362 0.0196191
v 0.699439 0.19419 -2.62714
vn 0.948912 0.269777 -0.163666
v 0.693258 0.167773 -2.64268
vn 0.763016 -0.528633 -0.37196
v 0.682241 0.162544 -2.66206
vn 0.999251 0.033362 0.0196191
v 0.697931 0.165991 -2.63214
vn 0.941422 0.0544436 -0.332808
v 0.693258 0.167773 -2.64268
vn 0.763016 -0.528633 -0.37196
v 0.699439 0.19419 -2.62714
vn 0.948912 0.269777 -0.163666
v 0.703192 0.175772 -2.60517
vn 0.976423 0.215848 -0.00279587
v 0.701365 0.163947 -2.62417
vn 0.734889 -0.36131 -0.573928
v 0.697931 0.165991 -2.63214
vn 0.941422 0.0544436 -0.332808
v 0.699439 0.19419 -2.62714
vn 0.948912 0.269777 -0.163666
v 0.703192 0.175772 -2.60517
vn 0.976423 0.215848 -0.00279587
v 0.697931 0.165991 -2.63214
vn 0.941422 0.0544436 -0.332808
v 0.686282 0.196401 -2.58192
vn 0.854359 0.490068 0.172926
v 0.703192 0.175772 -2.60517
vn 0.976423 0.215848 -0.00279587
v 0.699439 0.19419 -2.62714
vn 0.948912 0.269777 -0.163666
v 0.749154 0.111016 -2.37393
vn -0.53766 0.563594 0.627123
v 0.699464 0.123631 -2.41765
vn -0.319725 0.627195 0.710212
v 0.677558 0.0889425 -2.40454
vn -0.391495 0.390266 0.833321
v 0.677558 0.0889425 -2.40454
vn -0.391495 0.390266 0.833321
v 0.736433 0.0734439 -2.36551
vn -0.497121 0.202566 0.843705
v 0.749154 0.111016 -2.37393
vn -0.53766 0.563594 0.627123
v 0.736433 0.0734439 -2.36551
vn -0.497121 0.202566 0.843705
v 0.677558 0.0889425 -2.40454
vn -0.391495 0.390266 0.833321
v 0.664823 0.0592968 -2.39988
vn -0.432669 -0.601837 0.67126
v 0.639471 0.061751 -2.4097
vn -0.123025 0.0621415 0.990456
v 0.664823 0.0592968 -2.39988
vn -0.432669 -0.601837 0.67126
v 0.677558 0.0889425 -2.40454
vn -0.391495 0.390266 0.833321
v 0.649142 0.1029 -2.42152
vn -0.139393 0.407124 0.902673
v 0.677558 0.0889425 -2.40454
vn -0.391495 0.390266 0.833321
v 0.699464 0.123631 -2.41765
vn -0.319725 0.627195 0.710212
v 0.677558 0.0889425 -2.40454
vn -0.391495 0.390266 0.833321
v 0.649142 0.1029 -2.42152
vn -0.139393 0.407124 0.902673
v 0.639471 0.061751 -2.4097
vn -0.123025 0.0621415 0.990456
v 0.664823 0.0592968 -2.39988
vn -0.432669 -0.601837 0.67126
v 0.639471 0.061751 -2.4097
vn -0.123025 0.0621415 0.990456
v 0.664848 0.0585285 -2.42077
vn 0.00691838 -0.472984 0.881044
v 0.664848 0.0585285 -2.42077
vn 0.00691838 -0.472984 0.881044
v 0.639471 0.061751 -2.4097
vn -0.123025 0.0621415 0.990456
v 0.664617 0.0405522 -2.40822
vn -0.0651684 0.180608 0.981394
v 0.664617 0.0405522 -2.40822
vn -0.0651684 0.180608 0.981394
v 0.677637 0.0575678 -2.41806
vn 0.0590301 0.811808 0.580933
v 0.664848 0.0585285 -2.42077
vn 0.00691838 -0.472984 0.881044
v 0.677637 0.0575678 -2.41806
vn 0.0590301 0.811808 0.580933
v 0.664617 0.0405522 -2.40822
vn -0.0651684 0.180608 0.981394
v 0.707668 0.0375709 -2.39904
vn -0.126977 0.130233 0.983319
v 0.707668 0.0375709 -2.39904
vn -0.126977 0.130233 0.983319
v 0.708108 0.0497444 -2.40533
vn 0.103382 0.89362 0.436756
v 0.677637 0.0575678 -2.41806
vn 0.0590301 0.811808 0.580933
v 0.707668 0.0375709 -2.39904
vn -0.126977 0.130233 0.983319
v 0.732352 0.042131 -2.39908
vn 0.181025 0.800987 0.570657
v 0.708108 0.0497444 -2.40533
vn 0.103382 0.89362 0.436756
v 0.747529 0.0349744 -2.39827
vn 0.289751 0.0953301 0.952343
v 0.732352 0.042131 -2.39908
vn 0.181025 0.800987 0.570657
v 0.707668 0.0375709 -2.39904
vn -0.126977 0.130233 0.983319
v 0.707668 0.0375709 -2.39904
vn -0.126977 0.130233 0.983319
v 0.723236 0.021057 -2.40253
vn 0.0493472 -0.510339 0.858556
v 0.747529 0.0349744 -2.39827
vn 0.289751 0.0953301 0.952343
v 0.747529 0.0349744 -2.39827
vn 0.289751 0.0953301 0.952343
v 0.723236 0.021057 -2.40253
vn 0.0493472 -0.510339 0.858556
v 0.744291 0.0116724 -2.41528
vn 0.32745 -0.707894 0.62583
v 0.744291 0.0116724 -2.41528
vn 0.32745 -0.707894 0.62583
v 0.761848 0.0332498 -2.40741
vn 0.641375 0.216043 0.736182
v 0.747529 0.0349744 -2.39827
vn 0.289751 0.0953301 0.952343
v 0.761059 0.00958735 -2.43238
vn 0.567224 -0.707511 0.421527
v 0.775713 0.0327124 -2.42141
vn 0.783176 0.212064 0.58452
v 0.761848 0.0332498 -2.40741
vn 0.641375 0.216043 0.736182
v 0.761848 0.0332498 -2.40741
vn 0.641375 0.216043 0.736182
v 0.744291 0.0116724 -2.41528
vn 0.32745 -0.707894 0.62583
v 0.761059 0.00958735 -2.43238
vn 0.567224 -0.707511 0.421527
v 0.718358 -0.0248662 -2.4643
vn 0.408917 -0.860734 0.30319
v 0.761059 0.00958735 -2.43238
vn 0.567224 -0.707511 0.421527
v 0.744291 0.0116724 -2.41528
vn 0.32745 -0.707894 0.62583
v 0.611268 0.0875589 -2.41581
vn 0.00284993 0.176321 0.984329
v 0.639471 0.061751 -2.4097
vn -0.123025 0.0621415 0.990456
v 0.649142 0.1029 -2.42152
vn -0.139393 0.407124 0.902673
v 0.613456 0.0458583 -2.41454
vn -0.120996 -0.0542393 0.99117
v 0.639471 0.061751 -2.4097
vn -0.123025 0.0621415 0.990456
v 0.611268 0.0875589 -2.41581
vn 0.00284993 0.176321 0.984329
v 0.664617 0.0405522 -2.40822
vn -0.0651684 0.180608 0.981394
v 0.639471 0.061751 -2.4097
vn -0.123025 0.0621415 0.990456
v 0.613456 0.0458583 -2.41454
vn -0.120996 -0.0542393 0.99117
v 0.613456 0.0458583 -2.41454
vn -0.120996 -0.0542393 0.99117
v 0.638078 0.0222892 -2.41317
vn -0.129741 -0.153103 0.979656
v 0.664617 0.0405522 -2.40822
vn -0.0651684 0.180608 0.981394
v 0.6694 0.00447845 -2.41376
vn -0.065932 -0.387025 0.919709
v 0.664617 0.0405522 -2.40822
vn -0.0651684 0.180608 0.981394
v 0.638078 0.0222892 -2.41317
vn -0.129741 -0.153103 0.979656
v 0.707668 0.0375709 -2.39904
vn -0.126977 0.130233 0.983319
v 0.664617 0.0405522 -2.40822
vn -0.0651684 0.180608 0.981394
v 0.6694 0.00447845 -2.41376
vn -0.065932 -0.387025 0.919709
v 0.6694 0.00447845 -2.41376
vn -0.065932 -0.387025 0.919709
v 0.723236 0.021057 -2.40253
vn 0.0493472 -0.510339 0.858556
v 0.707668 0.0375709 -2.39904
vn -0.126977 0.130233 0.983319
v 0.723236 0.021057 -2.40253
vn 0.0493472 -0.510339 0.858556
v 0.6694 0.00447845 -2.41376
vn -0.065932 -0.387025 0.919709
v 0.695926 -0.0190595 -2.43597
vn 0.191326 -0.786425 0.587308
v 0.695926 -0.0190595 -2.43597
vn 0.191326 -0.786425 0.587308
v 0.744291 0.0116724 -2.41528
vn 0.32745 -0.707894 0.62583
v 0.723236 0.021057 -2.40253
vn 0.0493472 -0.510339 0.858556
v 0.744291 0.0116724 -2.41528
vn 0.32745 -0.707894 0.62583
v 0.695926 -0.0190595 -2.43597
vn 0.191326 -0.786425 0.587308
v 0.718358 -0.0248662 -2.4643
vn 0.408917 -0.860734 0.30319
v 0.672522 -0.052921 -2.49854
vn 0.366221 -0.89008 0.271366
v 0.718358 -0.0248662 -2.4643
vn 0.408917 -0.860734 0.30319
v 0.695926 -0.0190595 -2.43597
vn 0.191326 -0.786425 0.587308
v 0.695926 -0.0190595 -2.43597
vn 0.191326 -0.786425 0.587308
v 0.6694 0.00447845 -2.41376
vn -0.065932 -0.387025 0.919709
v 0.627475 -0.030342 -2.43644
vn -0.0311165 -0.681515 0.731143
v 0.627475 -0.030342 -2.43644
vn -0.0311165 -0.681515 0.731143
v 0.648991 -0.0474582 -2.46496
vn 0.218753 -0.86587 0.449906
v 0.695926 -0.0190595 -2.43597
vn 0.191326 -0.786425 0.587308
v 0.695926 -0.0190595 -2.43597
vn 0.191326 -0.786425 0.587308
v 0.648991 -0.0474582 -2.46496
vn 0.218753 -0.86587 0.449906
v 0.672522 -0.052921 -2.49854
vn 0.366221 -0.89008 0.271366
v 0.638031 -0.0752624 -2.52431
vn 0.347419 -0.901724 0.257281
v 0.672522 -0.052921 -2.49854
vn 0.366221 -0.89008 0.271366
v 0.648991 -0.0474582 -2.46496
vn 0.218753 -0.86587 0.449906
v 0.612276 -0.0688276 -2.49107
vn 0.105232 -0.859321 0.500493
v 0.648991 -0.0474582 -2.46496
vn 0.218753 -0.86587 0.449906
v 0.627475 -0.030342 -2.43644
vn -0.0311165 -0.681515 0.731143
v 0.648991 -0.0474582 -2.46496
vn 0.218753 -0.86587 0.449906
v 0.612276 -0.0688276 -2.49107
vn 0.105232 -0.859321 0.500493
v 0.638031 -0.0752624 -2.52431
vn 0.347419 -0.901724 0.257281
v 0.638031 -0.0752624 -2.52431
vn 0.347419 -0.901724 0.257281
v 0.612276 -0.0688276 -2.49107
vn 0.105232 -0.859321 0.500493
v 0.582267 -0.0886244 -2.51956
vn 0.0699836 -0.90568 0.418145
v 0.582267 -0.0886244 -2.51956
vn 0.0699836 -0.90568 0.418145
v 0.605853 -0.0936842 -2.54835
vn 0.257813 -0.947257 0.190361
v 0.638031 -0.0752624 -2.52431
vn 0.347419 -0.901724 0.257281
v 0.556298 -0.107669 -2.58533
vn 0.159628 -0.980211 0.117068
v 0.605853 -0.0936842 -2.54835
vn 0.257813 -0.947257 0.190361
v 0.582267 -0.0886244 -2.51956
vn 0.0699836 -0.90568 0.418145
v 0.582267 -0.0886244 -2.51956
vn 0.0699836 -0.90568 0.418145
v 0.535953 -0.102836 -2.56001
vn -0.0560234 -0.934675 0.351062
v 0.556298 -0.107669 -2.58533
vn 0.159628 -0.980211 0.117068
v 0.496245 -0.119686 -2.6301
vn 0.0767785 -0.99551 0.0553631
v 0.556298 -0.107669 -2.58533
vn 0.159628 -0.980211 0.117068
v 0.535953 -0.102836 -2.56001
vn -0.0560234 -0.934675 0.351062
v 0.535953 -0.102836 -2.56001
vn -0.0560234 -0.934675 0.351062
v 0.582267 -0.0886244 -2.51956
vn 0.0699836 -0.90568 0.418145
v 0.552622 -0.0705078 -2.49526
vn -0.250058 -0.742914 0.620927
v 0.582267 -0.0886244 -2.51956
vn 0.0699836 -0.90568 0.418145
v 0.612276 -0.0688276 -2.49107
vn 0.105232 -0.859321 0.500493
v 0.581512 -0.0445486 -2.45931
vn -0.13443 -0.732748 0.66709
v 0.581512 -0.0445486 -2.45931
vn -0.13443 -0.732748 0.66709
v 0.552622 -0.0705078 -2.49526
vn -0.250058 -0.742914 0.620927
v 0.582267 -0.0886244 -2.51956
vn 0.0699836 -0.90568 0.418145
v 0.627475 -0.030342 -2.43644
vn -0.0311165 -0.681515 0.731143
v 0.581512 -0.0445486 -2.45931
vn -0.13443 -0.732748 0.66709
v 0.612276 -0.0688276 -2.49107
vn 0.105232 -0.859321 0.500493
v 0.570987 -0.00998214 -2.43663
vn -0.312797 -0.514655 0.798304
v 0.581512 -0.0445486 -2.45931
vn -0.13443 -0.732748 0.66709
v 0.627475 -0.030342 -2.43644
vn -0.0311165 -0.681515 0.731143
v 0.552622 -0.0705078 -2.49526
vn -0.250058 -0.742914 0.620927
v 0.581512 -0.0445486 -2.45931
vn -0.13443 -0.732748 0.66709
v 0.570987 -0.00998214 -2.43663
vn -0.312797 -0.514655 0.798304
v 0.627475 -0.030342 -2.43644
vn -0.0311165 -0.681515 0.731143
v 0.609524 -0.00243273 -2.42285
vn -0.169375 -0.33134 0.928184
v 0.570987 -0.00998214 -2.43663
vn -0.312797 -0.514655 0.798304
v 0.609524 -0.00243273 -2.42285
vn -0.169375 -0.33134 0.928184
v 0.627475 -0.030342 -2.43644
vn -0.0311165 -0.681515 0.731143
v 0.6694 0.00447845 -2.41376
vn -0.065932 -0.387025 0.919709
v 0.6694 0.00447845 -2.41376
vn -0.065932 -0.387025 0.919709
v 0.638078 0.0222892 -2.41317
vn -0.129741 -0.153103 0.979656
v 0.609524 -0.00243273 -2.42285
vn -0.169375 -0.33134 0.928184
v 0.584294 0.0362346 -2.42012
vn -0.189579 -0.130526 0.973151
v 0.609524 -0.00243273 -2.42285
vn -0.169375 -0.33134 0.928184
v 0.638078 0.0222892 -2.41317
vn -0.129741 -0.153103 0.979656
v 0.638078 0.0222892 -2.41317
vn -0.129741 -0.153103 0.979656
v 0.613456 0.0458583 -2.41454
vn -0.120996 -0.0542393 0.99117
v 0.584294 0.0362346 -2.42012
vn -0.189579 -0.130526 0.973151
v 0.584294 0.0362346 -2.42012
vn -0.189579 -0.130526 0.973151
v 0.613456 0.0458583 -2.41454
vn -0.120996 -0.0542393 0.99117
v 0.593425 0.0733645 -2.41465
vn -0.0957328 -0.0137804 0.995312
v 0.611268 0.0875589 -2.41581
vn 0.00284993 0.176321 0.984329
v 0.593425 0.0733645 -2.41465
vn -0.0957328 -0.0137804 0.995312
v 0.613456 0.0458583 -2.41454
vn -0.120996 -0.0542393 0.99117
v 0.593425 0.0733645 -2.41465
vn -0.0957328 -0.0137804 0.995312
v 0.563323 0.0696773 -2.42039
vn -0.213221 -0.050718 0.975687
v 0.584294 0.0362346 -2.42012
vn -0.189579 -0.130526 0.973151
v 0.563323 0.0696773 -2.42039
vn -0.213221 -0.050718 0.975687
v 0.593425 0.0733645 -2.41465
vn -0.0957328 -0.0137804 0.995312
v 0.587151 0.100626 -2.41673
vn -0.0148029 0.182267 0.983138
v 0.587151 0.100626 -2.41673
vn -0.0148029 0.182267 0.983138
v 0.593425 0.0733645 -2.41465
vn -0.0957328 -0.0137804 0.995312
v 0.611268 0.0875589 -2.41581
vn 0.00284993 0.176321 0.984329
v 0.584294 0.0362346 -2.42012
vn -0.189579 -0.130526 0.973151
v 0.563323 0.0696773 -2.42039
vn -0.213221 -0.050718 0.975687
v 0.526761 0.0639631 -2.43129
vn -0.335992 -0.0992134 0.936625
v 0.587151 0.100626 -2.41673
vn -0.0148029 0.182267 0.983138
v 0.611268 0.0875589 -2.41581
vn 0.00284993 0.176321 0.984329
v 0.621388 0.119418 -2.42745
vn 0.0953722 0.41741 0.9037
v 0.649142 0.1029 -2.42152
vn -0.139393 0.407124 0.902673
v 0.621388 0.119418 -2.42745
vn 0.0953722 0.41741 0.9037
v 0.611268 0.0875589 -2.41581
vn 0.00284993 0.176321 0.984329
v 0.621388 0.119418 -2.42745
vn 0.0953722 0.41741 0.9037
v 0.589137 0.132495 -2.42794
vn 0.161724 0.408412 0.898357
v 0.587151 0.100626 -2.41673
vn -0.0148029 0.182267 0.983138
v 0.587151 0.100626 -2.41673
vn -0.0148029 0.182267 0.983138
v 0.589137 0.132495 -2.42794
vn 0.161724 0.408412 0.898357
v 0.556307 0.152622 -2.43082
vn 0.0274045 0.646201 0.762675
v 0.609524 -0.00243273 -2.42285
vn -0.169375 -0.33134 0.928184
v 0.584294 0.0362346 -2.42012
vn -0.189579 -0.130526 0.973151
v 0.548078 0.0258189 -2.42926
vn -0.33289 -0.277866 0.901096
v 0.526761 0.0639631 -2.43129
vn -0.335992 -0.0992134 0.936625
v 0.548078 0.0258189 -2.42926
vn -0.33289 -0.277866 0.901096
v 0.584294 0.0362346 -2.42012
vn -0.189579 -0.130526 0.973151
v 0.548078 0.0258189 -2.42926
vn -0.33289 -0.277866 0.901096
v 0.570987 -0.00998214 -2.43663
vn -0.312797 -0.514655 0.798304
v 0.609524 -0.00243273 -2.42285
vn -0.169375 -0.33134 0.928184
v 0.556307 0.152622 -2.43082
vn 0.0274045 0.646201 0.762675
v 0.554143 0.1064 -2.42194
vn -0.218176 0.075116 0.973014
v 0.587151 0.100626 -2.41673
vn -0.0148029 0.182267 0.983138
v 0.587151 0.100626 -2.41673
vn -0.0148029 0.182267 0.983138
v 0.554143 0.1064 -2.42194
vn -0.218176 0.075116 0.973014
v 0.563323 0.0696773 -2.42039
vn -0.213221 -0.050718 0.975687
v 0.526761 0.0639631 -2.43129
vn -0.335992 -0.0992134 0.936625
v 0.563323 0.0696773 -2.42039
vn -0.213221 -0.050718 0.975687
v 0.554143 0.1064 -2.42194
vn -0.218176 0.075116 0.973014
v 0.554143 0.1064 -2.42194
vn -0.218176 0.075116 0.973014
v 0.556307 0.152622 -2.43082
vn 0.0274045 0.646201 0.762675
v 0.518889 0.15881 -2.43857
vn 0.0896128 0.599398 0.795419
v 0.518889 0.15881 -2.43857
vn 0.0896128 0.599398 0.795419
v 0.515539 0.108076 -2.43364
vn -0.351643 0.0434846 0.935124
v 0.554143 0.1064 -2.42194
vn -0.218176 0.075116 0.973014
v 0.554143 0.1064 -2.42194
vn -0.218176 0.075116 0.973014
v 0.515539 0.108076 -2.43364
vn -0.351643 0.0434846 0.935124
v 0.526761 0.0639631 -2.43129
vn -0.335992 -0.0992134 0.936625
v 0.526761 0.0639631 -2.43129
vn -0.335992 -0.0992134 0.936625
v 0.515539 0.108076 -2.43364
vn -0.351643 0.0434846 0.935124
v 0.438212 0.107389 -2.46796
vn -0.431358 -0.0356312 0.901477
v 0.450015 0.173298 -2.46769
vn -0.389486 0.0679685 0.918521
v 0.438212 0.107389 -2.46796
vn -0.431358 -0.0356312 0.901477
v 0.515539 0.108076 -2.43364
vn -0.351643 0.0434846 0.935124
v 0.438212 0.107389 -2.46796
vn -0.431358 -0.0356312 0.901477
v 0.452865 0.045978 -2.47166
vn -0.457899 -0.258886 0.850474
v 0.526761 0.0639631 -2.43129
vn -0.335992 -0.0992134 0.936625
v 0.548078 0.0258189 -2.42926
vn -0.33289 -0.277866 0.901096
v 0.526761 0.0639631 -2.43129
vn -0.335992 -0.0992134 0.936625
v 0.452865 0.045978 -2.47166
vn -0.457899 -0.258886 0.850474
v 0.452865 0.045978 -2.47166
vn -0.457899 -0.258886 0.850474
v 0.480577 -0.000552654 -2.47942
vn -0.436661 -0.463121 0.771263
v 0.548078 0.0258189 -2.42926
vn -0.33289 -0.277866 0.901096
v 0.570987 -0.00998214 -2.43663
vn -0.312797 -0.514655 0.798304
v 0.548078 0.0258189 -2.42926
vn -0.33289 -0.277866 0.901096
v 0.480577 -0.000552654 -2.47942
vn -0.436661 -0.463121 0.771263
v 0.480577 -0.000552654 -2.47942
vn -0.436661 -0.463121 0.771263
v 0.515906 -0.040508 -2.48512
vn -0.394236 -0.575611 0.716415
v 0.570987 -0.00998214 -2.43663
vn -0.312797 -0.514655 0.798304
v 0.570987 -0.00998214 -2.43663
vn -0.312797 -0.514655 0.798304
v 0.515906 -0.040508 -2.48512
vn -0.394236 -0.575611 0.716415
v 0.552622 -0.0705078 -2.49526
vn -0.250058 -0.742914 0.620927
v 0.552622 -0.0705078 -2.49526
vn -0.250058 -0.742914 0.620927
v 0.515906 -0.040508 -2.48512
vn -0.394236 -0.575611 0.716415
v 0.476417 -0.053439 -2.52156
vn -0.41742 -0.607097 0.676161
v 0.476417 -0.053439 -2.52156
vn -0.41742 -0.607097 0.676161
v 0.515906 -0.040508 -2.48512
vn -0.394236 -0.575611 0.716415
v 0.480577 -0.000552654 -2.47942
vn -0.436661 -0.463121 0.771263
v 0.552622 -0.0705078 -2.49526
vn -0.250058 -0.742914 0.620927
v 0.510383 -0.0854043 -2.53583
vn -0.292063 -0.781218 0.551722
v 0.535953 -0.102836 -2.56001
vn -0.0560234 -0.934675 0.351062
v 0.476417 -0.053439 -2.52156
vn -0.41742 -0.607097 0.676161
v 0.510383 -0.0854043 -2.53583
vn -0.292063 -0.781218 0.551722
v 0.552622 -0.0705078 -2.49526
vn -0.250058 -0.742914 0.620927
v 0.477026 -0.114442 -2.60558
vn -0.155972 -0.923318 0.350936
v 0.535953 -0.102836 -2.56001
vn -0.0560234 -0.934675 0.351062
v 0.510383 -0.0854043 -2.53583
vn -0.292063 -0.781218 0.551722
v 0.535953 -0.102836 -2.56001
vn -0.0560234 -0.934675 0.351062
v 0.477026 -0.114442 -2.60558
vn -0.155972 -0.923318 0.350936
v 0.496245 -0.119686 -2.6301
vn 0.0767785 -0.99551 0.0553631
v 0.496245 -0.119686 -2.6301
vn 0.0767785 -0.99551 0.0553631
v 0.477026 -0.114442 -2.60558
vn -0.155972 -0.923318 0.350936
v 0.334733 -0.120699 -2.71567
vn -0.00819413 -0.96146 0.274822
v 0.334733 -0.120699 -2.71567
vn -0.00819413 -0.96146 0.274822
v 0.35244 -0.126182 -2.73741
vn 0.129239 -0.987111 0.0943904
v 0.496245 -0.119686 -2.6301
vn 0.0767785 -0.99551 0.0553631
v 0.35244 -0.126182 -2.73741
vn 0.129239 -0.987111 0.0943904
v 0.334733 -0.120699 -2.71567
vn -0.00819413 -0.96146 0.274822
v 0.27532 -0.138612 -2.75658
vn 0.11953 -0.97266 0.199111
v 0.27532 -0.138612 -2.75658
vn 0.11953 -0.97266 0.199111
v 0.297294 -0.139723 -2.77856
vn 0.146822 -0.983303 0.107511
v 0.35244 -0.126182 -2.73741
vn 0.129239 -0.987111 0.0943904
v 0.297294 -0.139723 -2.77856
vn 0.146822 -0.983303 0.107511
v 0.27532 -0.138612 -2.75658
vn 0.11953 -0.97266 0.199111
v 0.216426 -0.15303 -2.80397
vn 0.122682 -0.988802 0.0849655
v 0.216426 -0.15303 -2.80397
vn 0.122682 -0.988802 0.0849655
v 0.235951 -0.152735 -2.82434
vn 0.10813 -0.991022 0.0786394
v 0.297294 -0.139723 -2.77856
vn 0.146822 -0.983303 0.107511
v 0.134537 -0.163129 -2.85419
vn 0.0375738 -0.998455 0.0409275
v 0.162521 -0.164578 -2.87912
vn 0.102615 -0.991926 0.0745241
v 0.235951 -0.152735 -2.82434
vn 0.10813 -0.991022 0.0786394
v 0.235951 -0.152735 -2.82434
vn 0.10813 -0.991022 0.0786394
v 0.216426 -0.15303 -2.80397
vn 0.122682 -0.988802 0.0849655
v 0.134537 -0.163129 -2.85419
vn 0.0375738 -0.998455 0.0409275
v 0.134537 -0.163129 -2.85419
vn 0.0375738 -0.998455 0.0409275
v 0.216426 -0.15303 -2.80397
vn 0.122682 -0.988802 0.0849655
v 0.185798 -0.156756 -2.78686
vn 0.278886 -0.959741 -0.0334563
v 0.185798 -0.156756 -2.78686
vn 0.278886 -0.959741 -0.0334563
v 0.216426 -0.15303 -2.80397
vn 0.122682 -0.988802 0.0849655
v 0.27532 -0.138612 -2.75658
vn 0.11953 -0.97266 0.199111
v 0.0734177 -0.170785 -2.84067
vn -0.122987 -0.806788 -0.577899
v 0.134537 -0.163129 -2.85419
vn 0.0375738 -0.998455 0.0409275
v 0.185798 -0.156756 -2.78686
vn 0.278886 -0.959741 -0.0334563
v 0.185798 -0.156756 -2.78686
vn 0.278886 -0.959741 -0.0334563
v 0.140338 -0.184608 -2.77854
vn 0.581504 -0.579418 -0.571075
v 0.0734177 -0.170785 -2.84067
vn -0.122987 -0.806788 -0.577899
v 0.0568017 -0.203585 -2.81857
vn 0.0794527 -0.470777 -0.878667
v 0.0734177 -0.170785 -2.84067
vn -0.122987 -0.806788 -0.577899
v 0.140338 -0.184608 -2.77854
vn 0.581504 -0.579418 -0.571075
v 0.168307 -0.16627 -2.73435
vn 0.673359 -0.687196 0.272672
v 0.140338 -0.184608 -2.77854
vn 0.581504 -0.579418 -0.571075
v 0.185798 -0.156756 -2.78686
vn 0.278886 -0.959741 -0.0334563
v 0.480577 -0.000552654 -2.47942
vn -0.436661 -0.463121 0.771263
v 0.444481 -0.0111947 -2.50716
vn -0.448266 -0.512656 0.732285
v 0.476417 -0.053439 -2.52156
vn -0.41742 -0.607097 0.676161
v 0.419865 0.0312729 -2.49658
vn -0.481586 -0.362507 0.797912
v 0.444481 -0.0111947 -2.50716
vn -0.448266 -0.512656 0.732285
v 0.480577 -0.000552654 -2.47942
vn -0.436661 -0.463121 0.771263
v 0.480577 -0.000552654 -2.47942
vn -0.436661 -0.463121 0.771263
v 0.452865 0.045978 -2.47166
vn -0.457899 -0.258886 0.850474
v 0.419865 0.0312729 -2.49658
vn -0.481586 -0.362507 0.797912
v 0.394471 0.104675 -2.4915
vn -0.468255 -0.126397 0.874506
v 0.419865 0.0312729 -2.49658
vn -0.481586 -0.362507 0.797912
v 0.452865 0.045978 -2.47166
vn -0.457899 -0.258886 0.850474
v 0.452865 0.045978 -2.47166
vn -0.457899 -0.258886 0.850474
v 0.438212 0.107389 -2.46796
vn -0.431358 -0.0356312 0.901477
v 0.394471 0.104675 -2.4915
vn -0.468255 -0.126397 0.874506
v 0.412809 0.187501 -2.4843
vn -0.428711 0.0639676 0.901174
v 0.394471 0.104675 -2.4915
vn -0.468255 -0.126397 0.874506
v 0.438212 0.107389 -2.46796
vn -0.431358 -0.0356312 0.901477
v 0.419865 0.0312729 -2.49658
vn -0.481586 -0.362507 0.797912
v 0.394471 0.104675 -2.4915
vn -0.468255 -0.126397 0.874506
v 0.363055 0.0700306 -2.51684
vn -0.397614 -0.283977 0.872502
v 0.363055 0.0700306 -2.51684
vn -0.397614 -0.283977 0.872502
v 0.394471 0.104675 -2.4915
vn -0.468255 -0.126397 0.874506
v 0.354132 0.13669 -2.50858
vn -0.380847 -0.0296415 0.924163
v 0.354132 0.13669 -2.50858
vn -0.380847 -0.0296415 0.924163
v 0.394471 0.104675 -2.4915
vn -0.468255 -0.126397 0.874506
v 0.412809 0.187501 -2.4843
vn -0.428711 0.0639676 0.901174
v 0.438212 0.107389 -2.46796
vn -0.431358 -0.0356312 0.901477
v 0.450015 0.173298 -2.46769
vn -0.389486 0.0679685 0.918521
v 0.412809 0.187501 -2.4843
vn -0.428711 0.0639676 0.901174
v 0.412809 0.187501 -2.4843
vn -0.428711 0.0639676 0.901174
v 0.373274 0.222612 -2.50976
vn -0.414301 0.234993 0.87928
v 0.354132 0.13669 -2.50858
vn -0.380847 -0.0296415 0.924163
v 0.373274 0.222612 -2.50976
vn -0.414301 0.234993 0.87928
v 0.412809 0.187501 -2.4843
vn -0.428711 0.0639676 0.901174
v 0.442234 0.249325 -2.47607
vn -0.46394 0.0116466 0.88579
v 0.442234 0.249325 -2.47607
vn -0.46394 0.0116466 0.88579
v 0.412809 0.187501 -2.4843
vn -0.428711 0.0639676 0.901174
v 0.450015 0.173298 -2.46769
vn -0.389486 0.0679685 0.918521
v 0.515539 0.108076 -2.43364
vn -0.351643 0.0434846 0.935124
v 0.518889 0.15881 -2.43857
vn 0.0896128 0.599398 0.795419
v 0.450015 0.173298 -2.46769
vn -0.389486 0.0679685 0.918521
v 0.450015 0.173298 -2.46769
vn -0.389486 0.0679685 0.918521
v 0.484936 0.23091 -2.4557
vn -0.0423792 0.126996 0.990998
v 0.442234 0.249325 -2.47607
vn -0.46394 0.0116466 0.88579
v 0.484936 0.23091 -2.4557
vn -0.0423792 0.126996 0.990998
v 0.450015 0.173298 -2.46769
vn -0.389486 0.0679685 0.918521
v 0.518889 0.15881 -2.43857
vn 0.0896128 0.599398 0.795419
v 0.49691 0.275602 -2.45101
vn 0.142505 -0.122571 0.982176
v 0.472007 0.281117 -2.44683
vn -0.301046 -0.450449 0.840516
v 0.442234 0.249325 -2.47607
vn -0.46394 0.0116466 0.88579
v 0.442234 0.249325 -2.47607
vn -0.46394 0.0116466 0.88579
v 0.484936 0.23091 -2.4557
vn -0.0423792 0.126996 0.990998
v 0.49691 0.275602 -2.45101
vn 0.142505 -0.122571 0.982176
v 0.373274 0.222612 -2.50976
vn -0.414301 0.234993 0.87928
v 0.442234 0.249325 -2.47607
vn -0.46394 0.0116466 0.88579
v 0.444147 0.315797 -2.498
vn -0.744229 0.462067 0.482304
v 0.538394 0.252148 -2.4605
vn 0.168197 0.256519 0.951792
v 0.49691 0.275602 -2.45101
vn 0.142505 -0.122571 0.982176
v 0.484936 0.23091 -2.4557
vn -0.0423792 0.126996 0.990998
v 0.564211 0.302171 -2.49015
vn 0.744943 0.321013 0.584817
v 0.506191 0.312556 -2.4506
vn 0.381178 -0.28491 0.879505
v 0.49691 0.275602 -2.45101
vn 0.142505 -0.122571 0.982176
v 0.49691 0.275602 -2.45101
vn 0.142505 -0.122571 0.982176
v 0.538394 0.252148 -2.4605
vn 0.168197 0.256519 0.951792
v 0.564211 0.302171 -2.49015
vn 0.744943 0.321013 0.584817
v 0.476417 -0.053439 -2.52156
vn -0.41742 -0.607097 0.676161
v 0.444481 -0.0111947 -2.50716
vn -0.448266 -0.512656 0.732285
v 0.396174 0.00107843 -2.52989
vn -0.40465 -0.53196 0.743826
v 0.396174 0.00107843 -2.52989
vn -0.40465 -0.53196 0.743826
v 0.444481 -0.0111947 -2.50716
vn -0.448266 -0.512656 0.732285
v 0.419865 0.0312729 -2.49658
vn -0.481586 -0.362507 0.797912
v 0.363055 0.0700306 -2.51684
vn -0.397614 -0.283977 0.872502
v 0.396174 0.00107843 -2.52989
vn -0.40465 -0.53196 0.743826
v 0.419865 0.0312729 -2.49658
vn -0.481586 -0.362507 0.797912
v 0.396174 0.00107843 -2.52989
vn -0.40465 -0.53196 0.743826
v 0.420938 -0.0557396 -2.55814
vn -0.391601 -0.630611 0.670058
v 0.476417 -0.053439 -2.52156
vn -0.41742 -0.607097 0.676161
v 0.510383 -0.0854043 -2.53583
vn -0.292063 -0.781218 0.551722
v 0.476417 -0.053439 -2.52156
vn -0.41742 -0.607097 0.676161
v 0.420938 -0.0557396 -2.55814
vn -0.391601 -0.630611 0.670058
v 0.282421 -0.0608914 -2.63646
vn -0.241048 -0.710553 0.661067
v 0.420938 -0.0557396 -2.55814
vn -0.391601 -0.630611 0.670058
v 0.396174 0.00107843 -2.52989
vn -0.40465 -0.53196 0.743826
v 0.449724 -0.0898875 -2.57859
vn -0.319526 -0.751984 0.576561
v 0.420938 -0.0557396 -2.55814
vn -0.391601 -0.630611 0.670058
v 0.282421 -0.0608914 -2.63646
vn -0.241048 -0.710553 0.661067
v 0.420938 -0.0557396 -2.55814
vn -0.391601 -0.630611 0.670058
v 0.449724 -0.0898875 -2.57859
vn -0.319526 -0.751984 0.576561
v 0.510383 -0.0854043 -2.53583
vn -0.292063 -0.781218 0.551722
v 0.510383 -0.0854043 -2.53583
vn -0.292063 -0.781218 0.551722
v 0.449724 -0.0898875 -2.57859
vn -0.319526 -0.751984 0.576561
v 0.477026 -0.114442 -2.60558
vn -0.155972 -0.923318 0.350936
v 0.477026 -0.114442 -2.60558
vn -0.155972 -0.923318 0.350936
v 0.449724 -0.0898875 -2.57859
vn -0.319526 -0.751984 0.576561
v 0.294531 -0.103095 -2.67793
vn -0.165099 -0.815953 0.554042
v 0.282421 -0.0608914 -2.63646
vn -0.241048 -0.710553 0.661067
v 0.294531 -0.103095 -2.67793
vn -0.165099 -0.815953 0.554042
v 0.449724 -0.0898875 -2.57859
vn -0.319526 -0.751984 0.576561
v 0.294531 -0.103095 -2.67793
vn -0.165099 -0.815953 0.554042
v 0.334733 -0.120699 -2.71567
vn -0.00819413 -0.96146 0.274822
v 0.477026 -0.114442 -2.60558
vn -0.155972 -0.923318 0.350936
v 0.334733 -0.120699 -2.71567
vn -0.00819413 -0.96146 0.274822
v 0.294531 -0.103095 -2.67793
vn -0.165099 -0.815953 0.554042
v 0.223106 -0.138612 -2.73
vn 0.175322 -0.876678 0.447994
v 0.223106 -0.138612 -2.73
vn 0.175322 -0.876678 0.447994
v 0.27532 -0.138612 -2.75658
vn 0.11953 -0.97266 0.199111
v 0.334733 -0.120699 -2.71567
vn -0.00819413 -0.96146 0.274822
v 0.27532 -0.138612 -2.75658
vn 0.11953 -0.97266 0.199111
v 0.223106 -0.138612 -2.73
vn 0.175322 -0.876678 0.447994
v 0.185798 -0.156756 -2.78686
vn 0.278886 -0.959741 -0.0334563
v 0.185798 -0.156756 -2.78686
vn 0.278886 -0.959741 -0.0334563
v 0.223106 -0.138612 -2.73
vn 0.175322 -0.876678 0.447994
v 0.168307 -0.16627 -2.73435
vn 0.673359 -0.687196 0.272672
v 0.223106 -0.138612 -2.73
vn 0.175322 -0.876678 0.447994
v 0.294531 -0.103095 -2.67793
vn -0.165099 -0.815953 0.554042
v 0.228635 -0.0855084 -2.67366
vn 0.156498 -0.781421 0.604061
v 0.228635 -0.0855084 -2.67366
vn 0.156498 -0.781421 0.604061
v 0.294531 -0.103095 -2.67793
vn -0.165099 -0.815953 0.554042
v 0.282421 -0.0608914 -2.63646
vn -0.241048 -0.710553 0.661067
v 0.228635 -0.0855084 -2.67366
vn 0.156498 -0.781421 0.604061
v 0.282421 -0.0608914 -2.63646
vn -0.241048 -0.710553 0.661067
v 0.246549 -0.024273 -2.5954
vn -0.000413017 -0.621204 0.783649
v 0.396174 0.00107843 -2.52989
vn -0.40465 -0.53196 0.743826
v 0.246549 -0.024273 -2.5954
vn -0.000413017 -0.621204 0.783649
v 0.282421 -0.0608914 -2.63646
vn -0.241048 -0.710553 0.661067
v 0.251799 0.164326 -2.5437
vn -0.268431 0.0261106 0.962945
v 0.354132 0.13669 -2.50858
vn -0.380847 -0.0296415 0.924163
v 0.373274 0.222612 -2.50976
vn -0.414301 0.234993 0.87928
v 0.444147 0.315797 -2.498
vn -0.744229 0.462067 0.482304
v 0.404314 0.310993 -2.53548
vn -0.37386 0.671077 0.640222
v 0.373274 0.222612 -2.50976
vn -0.414301 0.234993 0.87928
v 0.373274 0.222612 -2.50976
vn -0.414301 0.234993 0.87928
v 0.260986 0.249649 -2.5532
vn -0.253689 0.235067 0.938288
v 0.251799 0.164326 -2.5437
vn -0.268431 0.0261106 0.962945
v 0.276573 0.327973 -2.57903
vn -0.219193 0.496448 0.839937
v 0.260986 0.249649 -2.5532
vn -0.253689 0.235067 0.938288
v 0.373274 0.222612 -2.50976
vn -0.414301 0.234993 0.87928
v 0.373274 0.222612 -2.50976
vn -0.414301 0.234993 0.87928
v 0.404314 0.310993 -2.53548
vn -0.37386 0.671077 0.640222
v 0.276573 0.327973 -2.57903
vn -0.219193 0.496448 0.839937
v 0.404314 0.310993 -2.53548
vn -0.37386 0.671077 0.640222
v 0.444147 0.315797 -2.498
vn -0.744229 0.462067 0.482304
v 0.477435 0.347441 -2.52088
vn -0.333203 0.93628 0.111158
v 0.477435 0.347441 -2.52088
vn -0.333203 0.93628 0.111158
v 0.443748 0.346876 -2.56606
vn -0.133951 0.899015 0.416927
v 0.404314 0.310993 -2.53548
vn -0.37386 0.671077 0.640222
v 0.404314 0.310993 -2.53548
vn -0.37386 0.671077 0.640222
v 0.443748 0.346876 -2.56606
vn -0.133951 0.899015 0.416927
v 0.304574 0.376976 -2.62564
vn -0.106563 0.777174 0.620198
v 0.304574 0.376976 -2.62564
vn -0.106563 0.777174 0.620198
v 0.276573 0.327973 -2.57903
vn -0.219193 0.496448 0.839937
v 0.404314 0.310993 -2.53548
vn -0.37386 0.671077 0.640222
v 0.470184 0.354017 -2.59534
vn 0.0946439 0.981606 0.165807
v 0.443748 0.346876 -2.56606
vn -0.133951 0.899015 0.416927
v 0.477435 0.347441 -2.52088
vn -0.333203 0.93628 0.111158
v 0.477435 0.347441 -2.52088
vn -0.333203 0.93628 0.111158
v 0.530292 0.348459 -2.52962
vn 0.280058 0.959983 -7.58097e-05
v 0.470184 0.354017 -2.59534
vn 0.0946439 0.981606 0.165807
v 0.443748 0.346876 -2.56606
vn -0.133951 0.899015 0.416927
v 0.470184 0.354017 -2.59534
vn 0.0946439 0.981606 0.165807
v 0.343042 0.403361 -2.6676
vn 0.100746 0.943489 0.315719
v 0.343042 0.403361 -2.6676
vn 0.100746 0.943489 0.315719
v 0.304574 0.376976 -2.62564
vn -0.106563 0.777174 0.620198
v 0.443748 0.346876 -2.56606
vn -0.133951 0.899015 0.416927
v 0.521258 0.354155 -2.66382
vn 0.148518 0.988713 0.0197158
v 0.470184 0.354017 -2.59534
vn 0.0946439 0.981606 0.165807
v 0.530292 0.348459 -2.52962
vn 0.280058 0.959983 -7.58097e-05
v 0.231332 0.408648 -2.68086
vn -0.0678027 0.884424 0.461733
v 0.304574 0.376976 -2.62564
vn -0.106563 0.777174 0.620198
v 0.343042 0.403361 -2.6676
vn 0.100746 0.943489 0.315719
v 0.304574 0.376976 -2.62564
vn -0.106563 0.777174 0.620198
v 0.231332 0.408648 -2.68086
vn -0.0678027 0.884424 0.461733
v 0.173903 0.339428 -2.61467
vn -0.280485 0.656815 0.699944
v 0.173903 0.339428 -2.61467
vn -0.280485 0.656815 0.699944
v 0.276573 0.327973 -2.57903
vn -0.219193 0.496448 0.839937
v 0.304574 0.376976 -2.62564
vn -0.106563 0.777174 0.620198
v 0.276573 0.327973 -2.57903
vn -0.219193 0.496448 0.839937
v 0.173903 0.339428 -2.61467
vn -0.280485 0.656815 0.699944
v 0.141153 0.261154 -2.58653
vn -0.425573 0.347088 0.835714
v 0.141153 0.261154 -2.58653
vn -0.425573 0.347088 0.835714
v 0.260986 0.249649 -2.5532
vn -0.253689 0.235067 0.938288
v 0.276573 0.327973 -2.57903
vn -0.219193 0.496448 0.839937
v 0.260986 0.249649 -2.5532
vn -0.253689 0.235067 0.938288
v 0.141153 0.261154 -2.58653
vn -0.425573 0.347088 0.835714
v 0.108256 0.163719 -2.57389
vn -0.425857 0.118675 0.896974
v 0.108256 0.163719 -2.57389
vn -0.425857 0.118675 0.896974
v 0.251799 0.164326 -2.5437
vn -0.268431 0.0261106 0.962945
v 0.260986 0.249649 -2.5532
vn -0.253689 0.235067 0.938288
v 0.251799 0.164326 -2.5437
vn -0.268431 0.0261106 0.962945
v 0.108256 0.163719 -2.57389
vn -0.425857 0.118675 0.896974
v 0.0807986 0.0525107 -2.58946
vn -0.402692 -0.0997015 0.90989
v 0.0807986 0.0525107 -2.58946
vn -0.402692 -0.0997015 0.90989
v 0.248662 0.0710583 -2.5499
vn -0.211817 -0.21545 0.953265
v 0.251799 0.164326 -2.5437
vn -0.268431 0.0261106 0.962945
v 0.354132 0.13669 -2.50858
vn -0.380847 -0.0296415 0.924163
v 0.251799 0.164326 -2.5437
vn -0.268431 0.0261106 0.962945
v 0.248662 0.0710583 -2.5499
vn -0.211817 -0.21545 0.953265
v 0.248662 0.0710583 -2.5499
vn -0.211817 -0.21545 0.953265
v 0.363055 0.0700306 -2.51684
vn -0.397614 -0.283977 0.872502
v 0.354132 0.13669 -2.50858
vn -0.380847 -0.0296415 0.924163
v 0.363055 0.0700306 -2.51684
vn -0.397614 -0.283977 0.872502
v 0.248662 0.0710583 -2.5499
vn -0.211817 -0.21545 0.953265
v 0.246549 -0.024273 -2.5954
vn -0.000413017 -0.621204 0.783649
v 0.246549 -0.024273 -2.5954
vn -0.000413017 -0.621204 0.783649
v 0.396174 0.00107843 -2.52989
vn -0.40465 -0.53196 0.743826
v 0.363055 0.0700306 -2.51684
vn -0.397614 -0.283977 0.872502
v 0.144436 -0.0481338 -2.59549
vn -0.0508755 -0.480956 0.875268
v 0.246549 -0.024273 -2.5954
vn -0.000413017 -0.621204 0.783649
v 0.248662 0.0710583 -2.5499
vn -0.211817 -0.21545 0.953265
v 0.246549 -0.024273 -2.5954
vn -0.000413017 -0.621204 0.783649
v 0.196056 -0.0859455 -2.63276
vn 0.284286 -0.745957 0.602271
v 0.228635 -0.0855084 -2.67366
vn 0.156498 -0.781421 0.604061
v 0.246549 -0.024273 -2.5954
vn -0.000413017 -0.621204 0.783649
v 0.144436 -0.0481338 -2.59549
vn -0.0508755 -0.480956 0.875268
v 0.196056 -0.0859455 -2.63276
vn 0.284286 -0.745957 0.602271
v 0.184466 -0.119756 -2.69457
vn 0.397615 -0.746418 0.533631
v 0.228635 -0.0855084 -2.67366
vn 0.156498 -0.781421 0.604061
v 0.196056 -0.0859455 -2.63276
vn 0.284286 -0.745957 0.602271
v 0.228635 -0.0855084 -2.67366
vn 0.156498 -0.781421 0.604061
v 0.184466 -0.119756 -2.69457
vn 0.397615 -0.746418 0.533631
v 0.223106 -0.138612 -2.73
vn 0.175322 -0.876678 0.447994
v 0.168307 -0.16627 -2.73435
vn 0.673359 -0.687196 0.272672
v 0.223106 -0.138612 -2.73
vn 0.175322 -0.876678 0.447994
v 0.184466 -0.119756 -2.69457
vn 0.397615 -0.746418 0.533631
v 0.196056 -0.0859455 -2.63276
vn 0.284286 -0.745957 0.602271
v 0.150909 -0.122433 -2.66246
vn 0.349035 -0.671471 0.653683
v 0.184466 -0.119756 -2.69457
vn 0.397615 -0.746418 0.533631
v 0.159353 -0.146004 -2.70624
vn 0.613739 -0.555138 0.561379
v 0.184466 -0.119756 -2.69457
vn 0.397615 -0.746418 0.533631
v 0.150909 -0.122433 -2.66246
vn 0.349035 -0.671471 0.653683
v 0.0857715 -0.104983 -2.64557
vn -0.190606 -0.504783 0.84194
v 0.150909 -0.122433 -2.66246
vn 0.349035 -0.671471 0.653683
v 0.196056 -0.0859455 -2.63276
vn 0.284286 -0.745957 0.602271
v 0.196056 -0.0859455 -2.63276
vn 0.284286 -0.745957 0.602271
v 0.144436 -0.0481338 -2.59549
vn -0.0508755 -0.480956 0.875268
v 0.0857715 -0.104983 -2.64557
vn -0.190606 -0.504783 0.84194
v 0.150909 -0.122433 -2.66246
vn 0.349035 -0.671471 0.653683
v 0.0857715 -0.104983 -2.64557
vn -0.190606 -0.504783 0.84194
v 0.0809576 -0.166763 -2.67348
vn -0.0807641 -0.383691 0.919923
v 0.0809576 -0.166763 -2.67348
vn -0.0807641 -0.383691 0.919923
v 0.130805 -0.160465 -2.686
vn 0.469922 -0.468775 0.747946
v 0.150909 -0.122433 -2.66246
vn 0.349035 -0.671471 0.653683
v 0.150909 -0.122433 -2.66246
vn 0.349035 -0.671471 0.653683
v 0.130805 -0.160465 -2.686
vn 0.469922 -0.468775 0.747946
v 0.159353 -0.146004 -2.70624
vn 0.613739 -0.555138 0.561379
v 0.184466 -0.119756 -2.69457
vn 0.397615 -0.746418 0.533631
v 0.159353 -0.146004 -2.70624
vn 0.613739 -0.555138 0.561379
v 0.168307 -0.16627 -2.73435
vn 0.673359 -0.687196 0.272672
v 0.159353 -0.146004 -2.70624
vn 0.613739 -0.555138 0.561379
v 0.130805 -0.160465 -2.686
vn 0.469922 -0.468775 0.747946
v 0.128062 -0.226652 -2.71699
vn 0.70895 -0.253008 0.658314
v 0.128062 -0.226652 -2.71699
vn 0.70895 -0.253008 0.658314
v 0.168307 -0.16627 -2.73435
vn 0.673359 -0.687196 0.272672
v 0.159353 -0.146004 -2.70624
vn 0.613739 -0.555138 0.561379
v 0.168307 -0.16627 -2.73435
vn 0.673359 -0.687196 0.272672
v 0.128062 -0.226652 -2.71699
vn 0.70895 -0.253008 0.658314
v 0.130573 -0.245419 -2.75554
vn 0.935121 -0.243301 -0.257592
v 0.130573 -0.245419 -2.75554
vn 0.935121 -0.243301 -0.257592
v 0.140338 -0.184608 -2.77854
vn 0.581504 -0.579418 -0.571075
v 0.168307 -0.16627 -2.73435
vn 0.673359 -0.687196 0.272672
v 0.140338 -0.184608 -2.77854
vn 0.581504 -0.579418 -0.571075
v 0.130573 -0.245419 -2.75554
vn 0.935121 -0.243301 -0.257592
v 0.09498 -0.241565 -2.78429
vn 0.483495 -0.244139 -0.840612
v 0.140338 -0.184608 -2.77854
vn 0.581504 -0.579418 -0.571075
v 0.09498 -0.241565 -2.78429
vn 0.483495 -0.244139 -0.840612
v 0.0568017 -0.203585 -2.81857
vn 0.0794527 -0.470777 -0.878667
v 0.0568017 -0.203585 -2.81857
vn 0.0794527 -0.470777 -0.878667
v 0.09498 -0.241565 -2.78429
vn 0.483495 -0.244139 -0.840612
v 0.0539106 -0.249533 -2.79507
vn -0.0732731 -0.335829 -0.939069
v 0.0539106 -0.249533 -2.79507
vn -0.0732731 -0.335829 -0.939069
v 0.09498 -0.241565 -2.78429
vn 0.483495 -0.244139 -0.840612
v 0.096114 -0.293621 -2.77663
vn 0.339446 -0.14869 -0.928799
v 0.096114 -0.293621 -2.77663
vn 0.339446 -0.14869 -0.928799
v 0.0613651 -0.284022 -2.78497
vn -0.253163 -0.367269 -0.894998
v 0.0539106 -0.249533 -2.79507
vn -0.0732731 -0.335829 -0.939069
v 0.096114 -0.293621 -2.77663
vn 0.339446 -0.14869 -0.928799
v 0.0706319 -0.306534 -2.7782
vn -0.174173 -0.258575 -0.950159
v 0.0613651 -0.284022 -2.78497
vn -0.253163 -0.367269 -0.894998
v 0.0706319 -0.306534 -2.7782
vn -0.174173 -0.258575 -0.950159
v 0.096114 -0.293621 -2.77663
vn 0.339446 -0.14869 -0.928799
v 0.108309 -0.329771 -2.76794
vn 0.511046 -0.0288876 -0.859068
v 0.108309 -0.329771 -2.76794
vn 0.511046 -0.0288876 -0.859068
v 0.0825993 -0.337348 -2.77437
vn -0.244964 0.0887905 -0.965458
v 0.0706319 -0.306534 -2.7782
vn -0.174173 -0.258575 -0.950159
v 0.108211 -0.371251 -2.76739
vn 0.483739 -0.0518813 -0.873673
v 0.0864138 -0.362217 -2.77859
vn 0.271997 0.0967692 -0.95742
v 0.0825993 -0.337348 -2.77437
vn -0.244964 0.0887905 -0.965458
v 0.0825993 -0.337348 -2.77437
vn -0.244964 0.0887905 -0.965458
v 0.108309 -0.329771 -2.76794
vn 0.511046 -0.0288876 -0.859068
v 0.108211 -0.371251 -2.76739
vn 0.483739 -0.0518813 -0.873673
v 0.0636285 -0.0438174 -2.61719
vn -0.37526 -0.315077 0.871726
v 0.248662 0.0710583 -2.5499
vn -0.211817 -0.21545 0.953265
v 0.0807986 0.0525107 -2.58946
vn -0.402692 -0.0997015 0.90989
v 0.0636285 -0.0438174 -2.61719
vn -0.37526 -0.315077 0.871726
v 0.144436 -0.0481338 -2.59549
vn -0.0508755 -0.480956 0.875268
v 0.248662 0.0710583 -2.5499
vn -0.211817 -0.21545 0.953265
v 0.0636285 -0.0438174 -2.61719
vn -0.37526 -0.315077 0.871726
v 0.0857715 -0.104983 -2.64557
vn -0.190606 -0.504783 0.84194
v 0.144436 -0.0481338 -2.59549
vn -0.0508755 -0.480956 0.875268
v -0.0328306 -0.043929 -2.68367
vn -0.693795 -0.246248 0.676764
v 0.0636285 -0.0438174 -2.61719
vn -0.37526 -0.315077 0.871726
v 0.0807986 0.0525107 -2.58946
vn -0.402692 -0.0997015 0.90989
v 0.00570725 -0.100473 -2.68329
vn -0.598464 -0.430752 0.675495
v 0.0857715 -0.104983 -2.64557
vn -0.190606 -0.504783 0.84194
v 0.0636285 -0.0438174 -2.61719
vn -0.37526 -0.315077 0.871726
v 0.0636285 -0.0438174 -2.61719
vn -0.37526 -0.315077 0.871726
v -0.0328306 -0.043929 -2.68367
vn -0.693795 -0.246248 0.676764
v 0.00570725 -0.100473 -2.68329
vn -0.598464 -0.430752 0.675495
v 0.0857715 -0.104983 -2.64557
vn -0.190606 -0.504783 0.84194
v 0.00570725 -0.100473 -2.68329
vn -0.598464 -0.430752 0.675495
v 0.0265116 -0.165713 -2.6993
vn -0.603988 -0.307995 0.735077
v 0.0265116 -0.165713 -2.6993
vn -0.603988 -0.307995 0.735077
v 0.0809576 -0.166763 -2.67348
vn -0.0807641 -0.383691 0.919923
v 0.0857715 -0.104983 -2.64557
vn -0.190606 -0.504783 0.84194
v 0.0809576 -0.166763 -2.67348
vn -0.0807641 -0.383691 0.919923
v 0.0265116 -0.165713 -2.6993
vn -0.603988 -0.307995 0.735077
v 0.0383428 -0.235103 -2.70945
vn -0.646258 -0.227157 0.728526
v 0.0383428 -0.235103 -2.70945
vn -0.646258 -0.227157 0.728526
v 0.0265116 -0.165713 -2.6993
vn -0.603988 -0.307995 0.735077
v -0.00684998 -0.166376 -2.75742
vn -0.896538 -0.385792 0.21768
v -0.00684998 -0.166376 -2.75742
vn -0.896538 -0.385792 0.21768
v 0.0265116 -0.165713 -2.6993
vn -0.603988 -0.307995 0.735077
v 0.00570725 -0.100473 -2.68329
vn -0.598464 -0.430752 0.675495
v 0.130969 -0.372583 -2.75009
vn 0.737525 0.10039 -0.667817
v 0.108211 -0.371251 -2.76739
vn 0.483739 -0.0518813 -0.873673
v 0.108309 -0.329771 -2.76794
vn 0.511046 -0.0288876 -0.859068
v 0.130969 -0.372583 -2.75009
vn 0.737525 0.10039 -0.667817
v 0.130536 -0.395729 -2.75211
vn 0.576032 0.0440386 -0.81624
v 0.108211 -0.371251 -2.76739
vn 0.483739 -0.0518813 -0.873673
v 0.155216 -0.452569 -2.73744
vn 0.575437 -0.403693 -0.71127
v 0.121283 -0.429352 -2.76086
vn 0.279876 -0.163609 -0.945992
v 0.130536 -0.395729 -2.75211
vn 0.576032 0.0440386 -0.81624
v 0.153319 -0.403067 -2.72684
vn 0.885996 0.221548 -0.407341
v 0.130536 -0.395729 -2.75211
vn 0.576032 0.0440386 -0.81624
v 0.130969 -0.372583 -2.75009
vn 0.737525 0.10039 -0.667817
v 0.130536 -0.395729 -2.75211
vn 0.576032 0.0440386 -0.81624
v 0.153319 -0.403067 -2.72684
vn 0.885996 0.221548 -0.407341
v 0.155216 -0.452569 -2.73744
vn 0.575437 -0.403693 -0.71127
v 0.179774 -0.455114 -2.70308
vn 0.731451 -0.673983 -0.10357
v 0.155216 -0.452569 -2.73744
vn 0.575437 -0.403693 -0.71127
v 0.153319 -0.403067 -2.72684
vn 0.885996 0.221548 -0.407341
v 0.130969 -0.372583 -2.75009
vn 0.737525 0.10039 -0.667817
v 0.147505 -0.374363 -2.7266
vn 0.944507 0.30983 -0.10914
v 0.153319 -0.403067 -2.72684
vn 0.885996 0.221548 -0.407341
v 0.147505 -0.374363 -2.7266
vn 0.944507 0.30983 -0.10914
v 0.130969 -0.372583 -2.75009
vn 0.737525 0.10039 -0.667817
v 0.13029 -0.336444 -2.74045
vn 0.97121 0.16954 -0.167353
v 0.108309 -0.329771 -2.76794
vn 0.511046 -0.0288876 -0.859068
v 0.13029 -0.336444 -2.74045
vn 0.97121 0.16954 -0.167353
v 0.130969 -0.372583 -2.75009
vn 0.737525 0.10039 -0.667817
v 0.0383428 -0.235103 -2.70945
vn -0.646258 -0.227157 0.728526
v 0.0821369 -0.234705 -2.69576
vn 0.0459668 -0.201505 0.978408
v 0.0809576 -0.166763 -2.67348
vn -0.0807641 -0.383691 0.919923
v 0.130805 -0.160465 -2.686
vn 0.469922 -0.468775 0.747946
v 0.0809576 -0.166763 -2.67348
vn -0.0807641 -0.383691 0.919923
v 0.0821369 -0.234705 -2.69576
vn 0.0459668 -0.201505 0.978408
v 0.0821369 -0.234705 -2.69576
vn 0.0459668 -0.201505 0.978408
v 0.0383428 -0.235103 -2.70945
vn -0.646258 -0.227157 0.728526
v 0.0494115 -0.286959 -2.70986
vn -0.690067 -0.0840982 0.718843
v 0.0821369 -0.234705 -2.69576
vn 0.0459668 -0.201505 0.978408
v 0.128062 -0.226652 -2.71699
vn 0.70895 -0.253008 0.658314
v 0.130805 -0.160465 -2.686
vn 0.469922 -0.468775 0.747946
v 0.128062 -0.226652 -2.71699
vn 0.70895 -0.253008 0.658314
v 0.0821369 -0.234705 -2.69576
vn 0.0459668 -0.201505 0.978408
v 0.0890447 -0.287744 -2.69782
vn 0.0656021 0.100554 0.992766
v 0.0494115 -0.286959 -2.70986
vn -0.690067 -0.0840982 0.718843
v 0.0890447 -0.287744 -2.69782
vn 0.0656021 0.100554 0.992766
v 0.0821369 -0.234705 -2.69576
vn 0.0459668 -0.201505 0.978408
v 0.0890447 -0.287744 -2.69782
vn 0.0656021 0.100554 0.992766
v 0.122997 -0.2883 -2.71312
vn 0.847272 0.0847265 0.524358
v 0.128062 -0.226652 -2.71699
vn 0.70895 -0.253008 0.658314
v 0.130573 -0.245419 -2.75554
vn 0.935121 -0.243301 -0.257592
v 0.128062 -0.226652 -2.71699
vn 0.70895 -0.253008 0.658314
v 0.122997 -0.2883 -2.71312
vn 0.847272 0.0847265 0.524358
v 0.122997 -0.2883 -2.71312
vn 0.847272 0.0847265 0.524358
v 0.0890447 -0.287744 -2.69782
vn 0.0656021 0.100554 0.992766
v 0.0968835 -0.333373 -2.6875
vn 0.274128 0.338324 0.900217
v 0.0968835 -0.333373 -2.6875
vn 0.274128 0.338324 0.900217
v 0.12628 -0.331155 -2.70723
vn 0.834415 0.230549 0.500598
v 0.122997 -0.2883 -2.71312
vn 0.847272 0.0847265 0.524358
v 0.122997 -0.2883 -2.71312
vn 0.847272 0.0847265 0.524358
v 0.12628 -0.331155 -2.70723
vn 0.834415 0.230549 0.500598
v 0.13029 -0.336444 -2.74045
vn 0.97121 0.16954 -0.167353
v 0.140808 -0.384413 -2.69603
vn 0.810747 0.354322 0.465988
v 0.12628 -0.331155 -2.70723
vn 0.834415 0.230549 0.500598
v 0.0968835 -0.333373 -2.6875
vn 0.274128 0.338324 0.900217
v 0.13029 -0.336444 -2.74045
vn 0.97121 0.16954 -0.167353
v 0.12628 -0.331155 -2.70723
vn 0.834415 0.230549 0.500598
v 0.140808 -0.384413 -2.69603
vn 0.810747 0.354322 0.465988
v 0.140808 -0.384413 -2.69603
vn 0.810747 0.354322 0.465988
v 0.147505 -0.374363 -2.7266
vn 0.944507 0.30983 -0.10914
v 0.13029 -0.336444 -2.74045
vn 0.97121 0.16954 -0.167353
v 0.147505 -0.374363 -2.7266
vn 0.944507 0.30983 -0.10914
v 0.140808 -0.384413 -2.69603
vn 0.810747 0.354322 0.465988
v 0.157427 -0.419356 -2.69943
vn 0.723365 0.445364 0.52763
v 0.157427 -0.419356 -2.69943
vn 0.723365 0.445364 0.52763
v 0.153319 -0.403067 -2.72684
vn 0.885996 0.221548 -0.407341
v 0.147505 -0.374363 -2.7266
vn 0.944507 0.30983 -0.10914
v 0.153319 -0.403067 -2.72684
vn 0.885996 0.221548 -0.407341
v 0.157427 -0.419356 -2.69943
vn 0.723365 0.445364 0.52763
v 0.179774 -0.455114 -2.70308
vn 0.731451 -0.673983 -0.10357
v 0.186886 -0.460615 -2.68573
vn 0.647299 0.0340471 0.761475
v 0.179774 -0.455114 -2.70308
vn 0.731451 -0.673983 -0.10357
v 0.157427 -0.419356 -2.69943
vn 0.723365 0.445364 0.52763
v 0.157427 -0.419356 -2.69943
vn 0.723365 0.445364 0.52763
v 0.170733 -0.452917 -2.6868
vn -0.0833017 -0.494627 0.865104
v 0.186886 -0.460615 -2.68573
vn 0.647299 0.0340471 0.761475
v 0.157427 -0.419356 -2.69943
vn 0.723365 0.445364 0.52763
v 0.152618 -0.457615 -2.68775
vn 0.59638 -0.626244 0.502144
v 0.170733 -0.452917 -2.6868
vn -0.0833017 -0.494627 0.865104
v 0.152618 -0.457615 -2.68775
vn 0.59638 -0.626244 0.502144
v 0.157427 -0.419356 -2.69943
vn 0.723365 0.445364 0.52763
v 0.140808 -0.384413 -2.69603
vn 0.810747 0.354322 0.465988
v 0.163145 -0.46173 -2.66927
vn 0.897037 -0.395327 0.197591
v 0.152618 -0.457615 -2.68775
vn 0.59638 -0.626244 0.502144
v 0.143815 -0.421411 -2.67946
vn 0.783085 0.405937 0.471162
v 0.143815 -0.421411 -2.67946
vn 0.783085 0.405937 0.471162
v 0.157632 -0.452668 -2.66013
vn 0.640776 0.206337 0.739481
v 0.163145 -0.46173 -2.66927
vn 0.897037 -0.395327 0.197591
v 0.140808 -0.384413 -2.69603
vn 0.810747 0.354322 0.465988
v 0.143815 -0.421411 -2.67946
vn 0.783085 0.405937 0.471162
v 0.152618 -0.457615 -2.68775
vn 0.59638 -0.626244 0.502144
v 0.137811 -0.454482 -2.65336
vn 0.103329 -0.422205 0.900592
v 0.157632 -0.452668 -2.66013
vn 0.640776 0.206337 0.739481
v 0.143815 -0.421411 -2.67946
vn 0.783085 0.405937 0.471162
v 0.13029 -0.336444 -2.74045
vn 0.97121 0.16954 -0.167353
v 0.13149 -0.292137 -2.74935
vn 0.871119 -0.0496876 -0.488551
v 0.122997 -0.2883 -2.71312
vn 0.847272 0.0847265 0.524358
v 0.13149 -0.292137 -2.74935
vn 0.871119 -0.0496876 -0.488551
v 0.13029 -0.336444 -2.74045
vn 0.97121 0.16954 -0.167353
v 0.108309 -0.329771 -2.76794
vn 0.511046 -0.0288876 -0.859068
v 0.108309 -0.329771 -2.76794
vn 0.511046 -0.0288876 -0.859068
v 0.096114 -0.293621 -2.77663
vn 0.339446 -0.14869 -0.928799
v 0.13149 -0.292137 -2.74935
vn 0.871119 -0.0496876 -0.488551
v 0.13149 -0.292137 -2.74935
vn 0.871119 -0.0496876 -0.488551
v 0.096114 -0.293621 -2.77663
vn 0.339446 -0.14869 -0.928799
v 0.09498 -0.241565 -2.78429
vn 0.483495 -0.244139 -0.840612
v 0.09498 -0.241565 -2.78429
vn 0.483495 -0.244139 -0.840612
v 0.130573 -0.245419 -2.75554
vn 0.935121 -0.243301 -0.257592
v 0.13149 -0.292137 -2.74935
vn 0.871119 -0.0496876 -0.488551
v 0.122997 -0.2883 -2.71312
vn 0.847272 0.0847265 0.524358
v 0.13149 -0.292137 -2.74935
vn 0.871119 -0.0496876 -0.488551
v 0.130573 -0.245419 -2.75554
vn 0.935121 -0.243301 -0.257592
v 0.143815 -0.421411 -2.67946
vn 0.783085 0.405937 0.471162
v 0.117405 -0.403333 -2.6696
vn 0.155983 0.245097 0.956868
v 0.137811 -0.454482 -2.65336
vn 0.103329 -0.422205 0.900592
v 0.124375 -0.376115 -2.67796
vn 0.456404 0.3417 0.821545
v 0.117405 -0.403333 -2.6696
vn 0.155983 0.245097 0.956868
v 0.143815 -0.421411 -2.67946
vn 0.783085 0.405937 0.471162
v 0.143815 -0.421411 -2.67946
vn 0.783085 0.405937 0.471162
v 0.140808 -0.384413 -2.69603
vn 0.810747 0.354322 0.465988
v 0.124375 -0.376115 -2.67796
vn 0.456404 0.3417 0.821545
v 0.0968835 -0.333373 -2.6875
vn 0.274128 0.338324 0.900217
v 0.124375 -0.376115 -2.67796
vn 0.456404 0.3417 0.821545
v 0.140808 -0.384413 -2.69603
vn 0.810747 0.354322 0.465988
v 0.0784952 -0.365165 -2.67727
vn -0.412877 0.138004 0.900271
v 0.117405 -0.403333 -2.6696
vn 0.155983 0.245097 0.956868
v 0.124375 -0.376115 -2.67796
vn 0.456404 0.3417 0.821545
v 0.124375 -0.376115 -2.67796
vn 0.456404 0.3417 0.821545
v 0.0968835 -0.333373 -2.6875
vn 0.274128 0.338324 0.900217
v 0.0784952 -0.365165 -2.67727
vn -0.412877 0.138004 0.900271
v 0.056878 -0.32986 -2.70024
vn -0.642281 0.0948514 0.760578
v 0.0784952 -0.365165 -2.67727
vn -0.412877 0.138004 0.900271
v 0.0968835 -0.333373 -2.6875
vn 0.274128 0.338324 0.900217
v 0.056878 -0.32986 -2.70024
vn -0.642281 0.0948514 0.760578
v 0.0968835 -0.333373 -2.6875
vn 0.274128 0.338324 0.900217
v 0.0890447 -0.287744 -2.69782
vn 0.0656021 0.100554 0.992766
v 0.0890447 -0.287744 -2.69782
vn 0.0656021 0.100554 0.992766
v 0.0494115 -0.286959 -2.70986
vn -0.690067 -0.0840982 0.718843
v 0.056878 -0.32986 -2.70024
vn -0.642281 0.0948514 0.760578
v 0.0413081 -0.318836 -2.73565
vn -0.965535 -0.259907 -0.0138358
v 0.056878 -0.32986 -2.70024
vn -0.642281 0.0948514 0.760578
v 0.0494115 -0.286959 -2.70986
vn -0.690067 -0.0840982 0.718843
v 0.0494115 -0.286959 -2.70986
vn -0.690067 -0.0840982 0.718843
v 0.0383428 -0.235103 -2.70945
vn -0.646258 -0.227157 0.728526
v 0.0189641 -0.238451 -2.75248
vn -0.955445 -0.25427 0.149904
v -0.00684998 -0.166376 -2.75742
vn -0.896538 -0.385792 0.21768
v 0.0189641 -0.238451 -2.75248
vn -0.955445 -0.25427 0.149904
v 0.0383428 -0.235103 -2.70945
vn -0.646258 -0.227157 0.728526
v 0.0189641 -0.238451 -2.75248
vn -0.955445 -0.25427 0.149904
v 0.0293634 -0.283096 -2.74519
vn -0.957409 -0.284649 0.0483959
v 0.0494115 -0.286959 -2.70986
vn -0.690067 -0.0840982 0.718843
v 0.0494115 -0.286959 -2.70986
vn -0.690067 -0.0840982 0.718843
v 0.0293634 -0.283096 -2.74519
vn -0.957409 -0.284649 0.0483959
v 0.0413081 -0.318836 -2.73565
vn -0.965535 -0.259907 -0.0138358
v 0.0293634 -0.283096 -2.74519
vn -0.957409 -0.284649 0.0483959
v 0.0189641 -0.238451 -2.75248
vn -0.955445 -0.25427 0.149904
v 0.0246738 -0.244372 -2.7849
vn -0.734256 -0.376006 -0.565233
v 0.0413081 -0.318836 -2.73565
vn -0.965535 -0.259907 -0.0138358
v 0.0293634 -0.283096 -2.74519
vn -0.957409 -0.284649 0.0483959
v 0.0380104 -0.28129 -2.7724
vn -0.727533 -0.43796 -0.528097
v 0.0246738 -0.244372 -2.7849
vn -0.734256 -0.376006 -0.565233
v 0.0380104 -0.28129 -2.7724
vn -0.727533 -0.43796 -0.528097
v 0.0293634 -0.283096 -2.74519
vn -0.957409 -0.284649 0.0483959
v 0.0613651 -0.284022 -2.78497
vn -0.253163 -0.367269 -0.894998
v 0.0380104 -0.28129 -2.7724
vn -0.727533 -0.43796 -0.528097
v 0.0246738 -0.244372 -2.7849
vn -0.734256 -0.376006 -0.565233
v 0.0509024 -0.314262 -2.76153
vn -0.663863 -0.387714 -0.639502
v 0.0380104 -0.28129 -2.7724
vn -0.727533 -0.43796 -0.528097
v 0.0613651 -0.284022 -2.78497
vn -0.253163 -0.367269 -0.894998
v 0.0380104 -0.28129 -2.7724
vn -0.727533 -0.43796 -0.528097
v 0.0509024 -0.314262 -2.76153
vn -0.663863 -0.387714 -0.639502
v 0.0413081 -0.318836 -2.73565
vn -0.965535 -0.259907 -0.0138358
v 0.0613651 -0.284022 -2.78497
vn -0.253163 -0.367269 -0.894998
v 0.0706319 -0.306534 -2.7782
vn -0.174173 -0.258575 -0.950159
v 0.0509024 -0.314262 -2.76153
vn -0.663863 -0.387714 -0.639502
v 0.0246738 -0.244372 -2.7849
vn -0.734256 -0.376006 -0.565233
v 0.0539106 -0.249533 -2.79507
vn -0.0732731 -0.335829 -0.939069
v 0.0613651 -0.284022 -2.78497
vn -0.253163 -0.367269 -0.894998
v 0.0539106 -0.249533 -2.79507
vn -0.0732731 -0.335829 -0.939069
v 0.0246738 -0.244372 -2.7849
vn -0.734256 -0.376006 -0.565233
v 0.0105989 -0.18615 -2.8022
vn -0.693545 -0.395265 -0.602296
v 0.0105989 -0.18615 -2.8022
vn -0.693545 -0.395265 -0.602296
v 0.0246738 -0.244372 -2.7849
vn -0.734256 -0.376006 -0.565233
v 0.0189641 -0.238451 -2.75248
vn -0.955445 -0.25427 0.149904
v 0.0105989 -0.18615 -2.8022
vn -0.693545 -0.395265 -0.602296
v 0.0568017 -0.203585 -2.81857
vn 0.0794527 -0.470777 -0.878667
v 0.0539106 -0.249533 -2.79507
vn -0.0732731 -0.335829 -0.939069
v 0.0734177 -0.170785 -2.84067
vn -0.122987 -0.806788 -0.577899
v 0.0568017 -0.203585 -2.81857
vn 0.0794527 -0.470777 -0.878667
v 0.0105989 -0.18615 -2.8022
vn -0.693545 -0.395265 -0.602296
v 0.0189641 -0.238451 -2.75248
vn -0.955445 -0.25427 0.149904
v -0.00684998 -0.166376 -2.75742
vn -0.896538 -0.385792 0.21768
v 0.0105989 -0.18615 -2.8022
vn -0.693545 -0.395265 -0.602296
v -0.00684998 -0.166376 -2.75742
vn -0.896538 -0.385792 0.21768
v -0.0101146 -0.141213 -2.81219
vn -0.735164 -0.596754 -0.321587
v 0.0105989 -0.18615 -2.8022
vn -0.693545 -0.395265 -0.602296
v 0.0105989 -0.18615 -2.8022
vn -0.693545 -0.395265 -0.602296
v -0.0101146 -0.141213 -2.81219
vn -0.735164 -0.596754 -0.321587
v 0.0734177 -0.170785 -2.84067
vn -0.122987 -0.806788 -0.577899
v -0.0101146 -0.141213 -2.81219
vn -0.735164 -0.596754 -0.321587
v -0.00684998 -0.166376 -2.75742
vn -0.896538 -0.385792 0.21768
v -0.0328811 -0.112029 -2.74085
vn -0.789169 -0.526212 0.316722
v 0.00570725 -0.100473 -2.68329
vn -0.598464 -0.430752 0.675495
v -0.0328811 -0.112029 -2.74085
vn -0.789169 -0.526212 0.316722
v -0.00684998 -0.166376 -2.75742
vn -0.896538 -0.385792 0.21768
v -0.0328811 -0.112029 -2.74085
vn -0.789169 -0.526212 0.316722
v -0.0460045 -0.105841 -2.7784
vn -0.824446 -0.562117 0.0656759
v -0.0101146 -0.141213 -2.81219
vn -0.735164 -0.596754 -0.321587
v -0.0328811 -0.112029 -2.74085
vn -0.789169 -0.526212 0.316722
v -0.0643073 -0.0540877 -2.73786
vn -0.86839 -0.298549 0.395938
v -0.0460045 -0.105841 -2.7784
vn -0.824446 -0.562117 0.0656759
v -0.0328306 -0.043929 -2.68367
vn -0.693795 -0.246248 0.676764
v -0.0643073 -0.0540877 -2.73786
vn -0.86839 -0.298549 0.395938
v -0.0328811 -0.112029 -2.74085
vn -0.789169 -0.526212 0.316722
v -0.0328811 -0.112029 -2.74085
vn -0.789169 -0.526212 0.316722
v 0.00570725 -0.100473 -2.68329
vn -0.598464 -0.430752 0.675495
v -0.0328306 -0.043929 -2.68367
vn -0.693795 -0.246248 0.676764
v -0.065254 0.0557489 -2.71264
vn -0.80634 -0.0201653 0.591108
v -0.0643073 -0.0540877 -2.73786
vn -0.86839 -0.298549 0.395938
v -0.0328306 -0.043929 -2.68367
vn -0.693795 -0.246248 0.676764
v -0.0328306 -0.043929 -2.68367
vn -0.693795 -0.246248 0.676764
v -0.0290603 0.0513607 -2.66918
vn -0.674115 0.0313045 0.737963
v -0.065254 0.0557489 -2.71264
vn -0.80634 -0.0201653 0.591108
v 0.0807986 0.0525107 -2.58946
vn -0.402692 -0.0997015 0.90989
v -0.0290603 0.0513607 -2.66918
vn -0.674115 0.0313045 0.737963
v -0.0328306 -0.043929 -2.68367
vn -0.693795 -0.246248 0.676764
v -0.0290603 0.0513607 -2.66918
vn -0.674115 0.0313045 0.737963
v 0.0807986 0.0525107 -2.58946
vn -0.402692 -0.0997015 0.90989
v 0.108256 0.163719 -2.57389
vn -0.425857 0.118675 0.896974
v 0.108256 0.163719 -2.57389
vn -0.425857 0.118675 0.896974
v -0.00196773 0.155372 -2.66176
vn -0.639892 0.196188 0.743
v -0.0290603 0.0513607 -2.66918
vn -0.674115 0.0313045 0.737963
v -0.00196773 0.155372 -2.66176
vn -0.639892 0.196188 0.743
v 0.108256 0.163719 -2.57389
vn -0.425857 0.118675 0.896974
v 0.141153 0.261154 -2.58653
vn -0.425573 0.347088 0.835714
v -0.0290603 0.0513607 -2.66918
vn -0.674115 0.0313045 0.737963
v -0.00196773 0.155372 -2.66176
vn -0.639892 0.196188 0.743
v -0.0453059 0.150937 -2.70185
vn -0.711617 0.147583 0.686892
v -0.0453059 0.150937 -2.70185
vn -0.711617 0.147583 0.686892
v -0.065254 0.0557489 -2.71264
vn -0.80634 -0.0201653 0.591108
v -0.0290603 0.0513607 -2.66918
vn -0.674115 0.0313045 0.737963
v 0.141153 0.261154 -2.58653
vn -0.425573 0.347088 0.835714
v 0.0294143 0.253577 -2.66301
vn -0.612207 0.33798 0.714823
v -0.00196773 0.155372 -2.66176
vn -0.639892 0.196188 0.743
v -0.0314445 0.234663 -2.71526
vn -0.618452 0.240739 0.748038
v -0.0453059 0.150937 -2.70185
vn -0.711617 0.147583 0.686892
v -0.00196773 0.155372 -2.66176
vn -0.639892 0.196188 0.743
v -0.00196773 0.155372 -2.66176
vn -0.639892 0.196188 0.743
v 0.0294143 0.253577 -2.66301
vn -0.612207 0.33798 0.714823
v -0.0314445 0.234663 -2.71526
vn -0.618452 0.240739 0.748038
v 0.0800392 0.356545 -2.68963
vn -0.505921 0.521141 0.687355
v 0.0294143 0.253577 -2.66301
vn -0.612207 0.33798 0.714823
v 0.141153 0.261154 -2.58653
vn -0.425573 0.347088 0.835714
v -0.0314445 0.234663 -2.71526
vn -0.618452 0.240739 0.748038
v 0.0294143 0.253577 -2.66301
vn -0.612207 0.33798 0.714823
v 0.0800392 0.356545 -2.68963
vn -0.505921 0.521141 0.687355
v 0.141153 0.261154 -2.58653
vn -0.425573 0.347088 0.835714
v 0.173903 0.339428 -2.61467
vn -0.280485 0.656815 0.699944
v 0.0800392 0.356545 -2.68963
vn -0.505921 0.521141 0.687355
v 0.137137 0.433217 -2.7497
vn -0.245198 0.858199 0.450969
v 0.0800392 0.356545 -2.68963
vn -0.505921 0.521141 0.687355
v 0.173903 0.339428 -2.61467
vn -0.280485 0.656815 0.699944
v 0.173903 0.339428 -2.61467
vn -0.280485 0.656815 0.699944
v 0.231332 0.408648 -2.68086
vn -0.0678027 0.884424 0.461733
v 0.137137 0.433217 -2.7497
vn -0.245198 0.858199 0.450969
v 0.169217 0.447263 -2.79602
vn 0.0165897 0.979889 0.198853
v 0.137137 0.433217 -2.7497
vn -0.245198 0.858199 0.450969
v 0.231332 0.408648 -2.68086
vn -0.0678027 0.884424 0.461733
v -0.0413773 0.365886 -2.79014
vn -0.381856 0.605993 0.697824
v 0.0800392 0.356545 -2.68963
vn -0.505921 0.521141 0.687355
v 0.137137 0.433217 -2.7497
vn -0.245198 0.858199 0.450969
v -0.0413773 0.365886 -2.79014
vn -0.381856 0.605993 0.697824
v -0.0956066 0.252095 -2.76053
vn -0.432834 0.246246 0.86719
v 0.0800392 0.356545 -2.68963
vn -0.505921 0.521141 0.687355
v -0.280899 0.274401 -2.83132
vn -0.493807 0.3166 0.809888
v -0.0956066 0.252095 -2.76053
vn -0.432834 0.246246 0.86719
v -0.0413773 0.365886 -2.79014
vn -0.381856 0.605993 0.697824
v -0.0956066 0.252095 -2.76053
vn -0.432834 0.246246 0.86719
v -0.0314445 0.234663 -2.71526
vn -0.618452 0.240739 0.748038
v 0.0800392 0.356545 -2.68963
vn -0.505921 0.521141 0.687355
v -0.0956066 0.252095 -2.76053
vn -0.432834 0.246246 0.86719
v -0.280899 0.274401 -2.83132
vn -0.493807 0.3166 0.809888
v -0.291577 0.134959 -2.81631
vn -0.500945 -0.0319603 0.864889
v -0.291577 0.134959 -2.81631
vn -0.500945 -0.0319603 0.864889
v -0.118413 0.154099 -2.75929
vn -0.433443 -0.00703624 0.901154
v -0.0956066 0.252095 -2.76053
vn -0.432834 0.246246 0.86719
v -0.0314445 0.234663 -2.71526
vn -0.618452 0.240739 0.748038
v -0.0956066 0.252095 -2.76053
vn -0.432834 0.246246 0.86719
v -0.118413 0.154099 -2.75929
vn -0.433443 -0.00703624 0.901154
v -0.118413 0.154099 -2.75929
vn -0.433443 -0.00703624 0.901154
v -0.0733461 0.152078 -2.73171
vn -0.655991 0.0486536 0.753199
v -0.0314445 0.234663 -2.71526
vn -0.618452 0.240739 0.748038
v -0.0453059 0.150937 -2.70185
vn -0.711617 0.147583 0.686892
v -0.0314445 0.234663 -2.71526
vn -0.618452 0.240739 0.748038
v -0.0733461 0.152078 -2.73171
vn -0.655991 0.0486536 0.753199
v -0.0733461 0.152078 -2.73171
vn -0.655991 0.0486536 0.753199
v -0.118413 0.154099 -2.75929
vn -0.433443 -0.00703624 0.901154
v -0.121781 0.0567302 -2.77014
vn -0.44691 -0.182683 0.875727
v -0.065254 0.0557489 -2.71264
vn -0.80634 -0.0201653 0.591108
v -0.0453059 0.150937 -2.70185
vn -0.711617 0.147583 0.686892
v -0.0733461 0.152078 -2.73171
vn -0.655991 0.0486536 0.753199
v -0.0733461 0.152078 -2.73171
vn -0.655991 0.0486536 0.753199
v -0.0868133 0.0620373 -2.74721
vn -0.749228 -0.148292 0.645498
v -0.065254 0.0557489 -2.71264
vn -0.80634 -0.0201653 0.591108
v -0.121781 0.0567302 -2.77014
vn -0.44691 -0.182683 0.875727
v -0.0868133 0.0620373 -2.74721
vn -0.749228 -0.148292 0.645498
v -0.0733461 0.152078 -2.73171
vn -0.655991 0.0486536 0.753199
v -0.0643073 -0.0540877 -2.73786
vn -0.86839 -0.298549 0.395938
v -0.065254 0.0557489 -2.71264
vn -0.80634 -0.0201653 0.591108
v -0.0868133 0.0620373 -2.74721
vn -0.749228 -0.148292 0.645498
v -0.0868133 0.0620373 -2.74721
vn -0.749228 -0.148292 0.645498
v -0.0832547 -0.0314307 -2.77426
vn -0.845447 -0.382383 0.372831
v -0.0643073 -0.0540877 -2.73786
vn -0.86839 -0.298549 0.395938
v -0.0460045 -0.105841 -2.7784
vn -0.824446 -0.562117 0.0656759
v -0.0643073 -0.0540877 -2.73786
vn -0.86839 -0.298549 0.395938
v -0.0832547 -0.0314307 -2.77426
vn -0.845447 -0.382383 0.372831
v -0.0832547 -0.0314307 -2.77426
vn -0.845447 -0.382383 0.372831
v -0.0514803 -0.0937032 -2.80068
vn -0.739005 -0.663305 0.117886
v -0.0460045 -0.105841 -2.7784
vn -0.824446 -0.562117 0.0656759
v -0.0101146 -0.141213 -2.81219
vn -0.735164 -0.596754 -0.321587
v -0.0460045 -0.105841 -2.7784
vn -0.824446 -0.562117 0.0656759
v -0.0514803 -0.0937032 -2.80068
vn -0.739005 -0.663305 0.117886
v -0.0514803 -0.0937032 -2.80068
vn -0.739005 -0.663305 0.117886
v -0.0832547 -0.0314307 -2.77426
vn -0.845447 -0.382383 0.372831
v -0.104458 -0.0308551 -2.79675
vn -0.492093 -0.43516 0.753976
v -0.104458 -0.0308551 -2.79675
vn -0.492093 -0.43516 0.753976
v -0.0832547 -0.0314307 -2.77426
vn -0.845447 -0.382383 0.372831
v -0.0868133 0.0620373 -2.74721
vn -0.749228 -0.148292 0.645498
v -0.0868133 0.0620373 -2.74721
vn -0.749228 -0.148292 0.645498
v -0.121781 0.0567302 -2.77014
vn -0.44691 -0.182683 0.875727
v -0.104458 -0.0308551 -2.79675
vn -0.492093 -0.43516 0.753976
v -0.104458 -0.0308551 -2.79675
vn -0.492093 -0.43516 0.753976
v -0.121781 0.0567302 -2.77014
vn -0.44691 -0.182683 0.875727
v -0.279454 0.0110367 -2.83793
vn -0.450258 -0.281643 0.847316
v -0.279454 0.0110367 -2.83793
vn -0.450258 -0.281643 0.847316
v -0.121781 0.0567302 -2.77014
vn -0.44691 -0.182683 0.875727
v -0.118413 0.154099 -2.75929
vn -0.433443 -0.00703624 0.901154
v -0.118413 0.154099 -2.75929
vn -0.433443 -0.00703624 0.901154
v -0.291577 0.134959 -2.81631
vn -0.500945 -0.0319603 0.864889
v -0.279454 0.0110367 -2.83793
vn -0.450258 -0.281643 0.847316
v -0.279454 0.0110367 -2.83793
vn -0.450258 -0.281643 0.847316
v -0.267249 -0.0631077 -2.86334
vn -0.392326 -0.500247 0.771902
v -0.104458 -0.0308551 -2.79675
vn -0.492093 -0.43516 0.753976
v -0.395286 -0.0705581 -2.98285
vn -0.598901 -0.560305 0.572167
v -0.267249 -0.0631077 -2.86334
vn -0.392326 -0.500247 0.771902
v -0.279454 0.0110367 -2.83793
vn -0.450258 -0.281643 0.847316
v 0.0660631 -0.381212 -2.74805
vn -0.82313 -0.258952 -0.505372
v 0.0509024 -0.314262 -2.76153
vn -0.663863 -0.387714 -0.639502
v 0.0706319 -0.306534 -2.7782
vn -0.174173 -0.258575 -0.950159
v 0.0413081 -0.318836 -2.73565
vn -0.965535 -0.259907 -0.0138358
v 0.0509024 -0.314262 -2.76153
vn -0.663863 -0.387714 -0.639502
v 0.0660631 -0.381212 -2.74805
vn -0.82313 -0.258952 -0.505372
v 0.0706319 -0.306534 -2.7782
vn -0.174173 -0.258575 -0.950159
v 0.0825993 -0.337348 -2.77437
vn -0.244964 0.0887905 -0.965458
v 0.0660631 -0.381212 -2.74805
vn -0.82313 -0.258952 -0.505372
v 0.0413081 -0.318836 -2.73565
vn -0.965535 -0.259907 -0.0138358
v 0.0507962 -0.364115 -2.71699
vn -0.965377 -0.111184 0.235978
v 0.056878 -0.32986 -2.70024
vn -0.642281 0.0948514 0.760578
v 0.0784952 -0.365165 -2.67727
vn -0.412877 0.138004 0.900271
v 0.056878 -0.32986 -2.70024
vn -0.642281 0.0948514 0.760578
v 0.0507962 -0.364115 -2.71699
vn -0.965377 -0.111184 0.235978
v 0.0660631 -0.381212 -2.74805
vn -0.82313 -0.258952 -0.505372
v 0.0507962 -0.364115 -2.71699
vn -0.965377 -0.111184 0.235978
v 0.0413081 -0.318836 -2.73565
vn -0.965535 -0.259907 -0.0138358
v -0.0650661 -0.0971623 -2.828
vn -0.334225 -0.703925 0.626724
v -0.104458 -0.0308551 -2.79675
vn -0.492093 -0.43516 0.753976
v -0.267249 -0.0631077 -2.86334
vn -0.392326 -0.500247 0.771902
v -0.104458 -0.0308551 -2.79675
vn -0.492093 -0.43516 0.753976
v -0.0650661 -0.0971623 -2.828
vn -0.334225 -0.703925 0.626724
v -0.0514803 -0.0937032 -2.80068
vn -0.739005 -0.663305 0.117886
v -0.267249 -0.0631077 -2.86334
vn -0.392326 -0.500247 0.771902
v -0.247589 -0.112121 -2.89641
vn -0.3369 -0.744563 0.576303
v -0.0650661 -0.0971623 -2.828
vn -0.334225 -0.703925 0.626724
v -0.247589 -0.112121 -2.89641
vn -0.3369 -0.744563 0.576303
v -0.267249 -0.0631077 -2.86334
vn -0.392326 -0.500247 0.771902
v -0.395286 -0.0705581 -2.98285
vn -0.598901 -0.560305 0.572167
v -0.0324871 -0.136135 -2.86041
vn -0.1735 -0.815456 0.552203
v -0.0650661 -0.0971623 -2.828
vn -0.334225 -0.703925 0.626724
v -0.247589 -0.112121 -2.89641
vn -0.3369 -0.744563 0.576303
v -0.395286 -0.0705581 -2.98285
vn -0.598901 -0.560305 0.572167
v -0.352022 -0.123974 -3.02408
vn -0.352247 -0.87566 0.330366
v -0.247589 -0.112121 -2.89641
vn -0.3369 -0.744563 0.576303
v -0.0514803 -0.0937032 -2.80068
vn -0.739005 -0.663305 0.117886
v -0.0650661 -0.0971623 -2.828
vn -0.334225 -0.703925 0.626724
v -0.0019026 -0.127763 -2.84092
vn -0.459019 -0.884386 0.0846387
v -0.0019026 -0.127763 -2.84092
vn -0.459019 -0.884386 0.0846387
v -0.0650661 -0.0971623 -2.828
vn -0.334225 -0.703925 0.626724
v -0.0324871 -0.136135 -2.86041
vn -0.1735 -0.815456 0.552203
v -0.0019026 -0.127763 -2.84092
vn -0.459019 -0.884386 0.0846387
v -0.0101146 -0.141213 -2.81219
vn -0.735164 -0.596754 -0.321587
v -0.0514803 -0.0937032 -2.80068
vn -0.739005 -0.663305 0.117886
v 0.0734177 -0.170785 -2.84067
vn -0.122987 -0.806788 -0.577899
v -0.0101146 -0.141213 -2.81219
vn -0.735164 -0.596754 -0.321587
v -0.0019026 -0.127763 -2.84092
vn -0.459019 -0.884386 0.0846387
v -0.0019026 -0.127763 -2.84092
vn -0.459019 -0.884386 0.0846387
v 0.0520919 -0.154363 -2.86633
vn -0.195212 -0.960737 0.19717
v 0.0734177 -0.170785 -2.84067
vn -0.122987 -0.806788 -0.577899
v 0.0520919 -0.154363 -2.86633
vn -0.195212 -0.960737 0.19717
v -0.0019026 -0.127763 -2.84092
vn -0.459019 -0.884386 0.0846387
v -0.0324871 -0.136135 -2.86041
vn -0.1735 -0.815456 0.552203
v 0.134537 -0.163129 -2.85419
vn 0.0375738 -0.998455 0.0409275
v 0.0734177 -0.170785 -2.84067
vn -0.122987 -0.806788 -0.577899
v 0.0520919 -0.154363 -2.86633
vn -0.195212 -0.960737 0.19717
v 0.0933971 -0.175482 -2.9307
vn 0.0735762 -0.995888 0.0528593
v 0.162521 -0.164578 -2.87912
vn 0.102615 -0.991926 0.0745241
v 0.134537 -0.163129 -2.85419
vn 0.0375738 -0.998455 0.0409275
v 0.0520919 -0.154363 -2.86633
vn -0.195212 -0.960737 0.19717
v 0.064596 -0.170924 -2.90251
vn -0.0802306 -0.958164 0.274746
v 0.134537 -0.163129 -2.85419
vn 0.0375738 -0.998455 0.0409275
v 0.134537 -0.163129 -2.85419
vn 0.0375738 -0.998455 0.0409275
v 0.064596 -0.170924 -2.90251
vn -0.0802306 -0.958164 0.274746
v 0.0933971 -0.175482 -2.9307
vn 0.0735762 -0.995888 0.0528593
v 0.064596 -0.170924 -2.90251
vn -0.0802306 -0.958164 0.274746
v 0.0520919 -0.154363 -2.86633
vn -0.195212 -0.960737 0.19717
v 0.0161345 -0.16002 -2.89085
vn -0.135618 -0.90743 0.397717
v -0.0324871 -0.136135 -2.86041
vn -0.1735 -0.815456 0.552203
v 0.0161345 -0.16002 -2.89085
vn -0.135618 -0.90743 0.397717
v 0.0520919 -0.154363 -2.86633
vn -0.195212 -0.960737 0.19717
v 0.064596 -0.170924 -2.90251
vn -0.0802306 -0.958164 0.274746
v 0.0161345 -0.16002 -2.89085
vn -0.135618 -0.90743 0.397717
v -0.170992 -0.175632 -2.99768
vn -0.19542 -0.949914 0.243874
v -0.212474 -0.14863 -2.94378
vn -0.22715 -0.891355 0.392288
v -0.170992 -0.175632 -2.99768
vn -0.19542 -0.949914 0.243874
v 0.0161345 -0.16002 -2.89085
vn -0.135618 -0.90743 0.397717
v 0.0161345 -0.16002 -2.89085
vn -0.135618 -0.90743 0.397717
v -0.0324871 -0.136135 -2.86041
vn -0.1735 -0.815456 0.552203
v -0.212474 -0.14863 -2.94378
vn -0.22715 -0.891355 0.392288
v -0.247589 -0.112121 -2.89641
vn -0.3369 -0.744563 0.576303
v -0.212474 -0.14863 -2.94378
vn -0.22715 -0.891355 0.392288
v -0.0324871 -0.136135 -2.86041
vn -0.1735 -0.815456 0.552203
v -0.352022 -0.123974 -3.02408
vn -0.352247 -0.87566 0.330366
v -0.212474 -0.14863 -2.94378
vn -0.22715 -0.891355 0.392288
v -0.247589 -0.112121 -2.89641
vn -0.3369 -0.744563 0.576303
v -0.170992 -0.175632 -2.99768
vn -0.19542 -0.949914 0.243874
v -0.212474 -0.14863 -2.94378
vn -0.22715 -0.891355 0.392288
v -0.352022 -0.123974 -3.02408
vn -0.352247 -0.87566 0.330366
v -0.352022 -0.123974 -3.02408
vn -0.352247 -0.87566 0.330366
v -0.306054 -0.152087 -3.09968
vn -0.192414 -0.964086 0.183073
v -0.170992 -0.175632 -2.99768
vn -0.19542 -0.949914 0.243874
v -0.401729 -0.158787 -3.17589
vn -0.189997 -0.942984 0.273279
v -0.306054 -0.152087 -3.09968
vn -0.192414 -0.964086 0.183073
v -0.352022 -0.123974 -3.02408
vn -0.352247 -0.87566 0.330366
v 0.0507962 -0.364115 -2.71699
vn -0.965377 -0.111184 0.235978
v 0.0648368 -0.39862 -2.69407
vn -0.807544 0.0405841 0.588409
v 0.0784952 -0.365165 -2.67727
vn -0.412877 0.138004 0.900271
v 0.0558457 -0.412679 -2.71563
vn -0.999423 -0.0326715 -0.00924655
v 0.0648368 -0.39862 -2.69407
vn -0.807544 0.0405841 0.588409
v 0.0507962 -0.364115 -2.71699
vn -0.965377 -0.111184 0.235978
v 0.0507962 -0.364115 -2.71699
vn -0.965377 -0.111184 0.235978
v 0.0660631 -0.381212 -2.74805
vn -0.82313 -0.258952 -0.505372
v 0.0558457 -0.412679 -2.71563
vn -0.999423 -0.0326715 -0.00924655
v 0.0933971 -0.175482 -2.9307
vn 0.0735762 -0.995888 0.0528593
v 0.064596 -0.170924 -2.90251
vn -0.0802306 -0.958164 0.274746
v -0.136829 -0.188836 -3.04218
vn -0.118597 -0.989527 0.0822812
v -0.170992 -0.175632 -2.99768
vn -0.19542 -0.949914 0.243874
v -0.136829 -0.188836 -3.04218
vn -0.118597 -0.989527 0.0822812
v 0.064596 -0.170924 -2.90251
vn -0.0802306 -0.958164 0.274746
v -0.136829 -0.188836 -3.04218
vn -0.118597 -0.989527 0.0822812
v -0.10765 -0.191443 -3.08067
vn -0.0300792 -0.999248 -0.0244534
v 0.0933971 -0.175482 -2.9307
vn 0.0735762 -0.995888 0.0528593
v -0.24361 -0.167367 -3.18202
vn -0.033894 -0.999053 -0.027298
v -0.10765 -0.191443 -3.08067
vn -0.0300792 -0.999248 -0.0244534
v -0.136829 -0.188836 -3.04218
vn -0.118597 -0.989527 0.0822812
v -0.136829 -0.188836 -3.04218
vn -0.118597 -0.989527 0.0822812
v -0.170992 -0.175632 -2.99768
vn -0.19542 -0.949914 0.243874
v -0.306054 -0.152087 -3.09968
vn -0.192414 -0.964086 0.183073
v -0.136829 -0.188836 -3.04218
vn -0.118597 -0.989527 0.0822812
v -0.271865 -0.166345 -3.14449
vn -0.115438 -0.990011 0.0809442
v -0.24361 -0.167367 -3.18202
vn -0.033894 -0.999053 -0.027298
v -0.306054 -0.152087 -3.09968
vn -0.192414 -0.964086 0.183073
v -0.271865 -0.166345 -3.14449
vn -0.115438 -0.990011 0.0809442
v -0.136829 -0.188836 -3.04218
vn -0.118597 -0.989527 0.0822812
v -0.370042 -0.171833 -3.21852
vn -0.05157 -0.98917 0.137414
v -0.271865 -0.166345 -3.14449
vn -0.115438 -0.990011 0.0809442
v -0.306054 -0.152087 -3.09968
vn -0.192414 -0.964086 0.183073
v -0.24361 -0.167367 -3.18202
vn -0.033894 -0.999053 -0.027298
v -0.271865 -0.166345 -3.14449
vn -0.115438 -0.990011 0.0809442
v -0.370042 -0.171833 -3.21852
vn -0.05157 -0.98917 0.137414
v -0.306054 -0.152087 -3.09968
vn -0.192414 -0.964086 0.183073
v -0.401729 -0.158787 -3.17589
vn -0.189997 -0.942984 0.273279
v -0.370042 -0.171833 -3.21852
vn -0.05157 -0.98917 0.137414
v -0.370042 -0.171833 -3.21852
vn -0.05157 -0.98917 0.137414
v -0.342335 -0.174097 -3.25566
vn 0.0315538 -0.99927 0.0215123
v -0.24361 -0.167367 -3.18202
vn -0.033894 -0.999053 -0.027298
v -0.342335 -0.174097 -3.25566
vn 0.0315538 -0.99927 0.0215123
v -0.370042 -0.171833 -3.21852
vn -0.05157 -0.98917 0.137414
v -0.430959 -0.173918 -3.26301
vn -0.0711256 -0.988309 0.13486
v -0.430959 -0.173918 -3.26301
vn -0.0711256 -0.988309 0.13486
v -0.403826 -0.17654 -3.30148
vn 0.0165554 -0.999809 0.0103641
v -0.342335 -0.174097 -3.25566
vn 0.0315538 -0.99927 0.0215123
v -0.494446 -0.177345 -3.36912
vn -0.0898331 -0.993555 -0.069121
v -0.403826 -0.17654 -3.30148
vn 0.0165554 -0.999809 0.0103641
v -0.430959 -0.173918 -3.26301
vn -0.0711256 -0.988309 0.13486
v -0.430959 -0.173918 -3.26301
vn -0.0711256 -0.988309 0.13486
v -0.502542 -0.175346 -3.31598
vn -0.156421 -0.986975 0.0375919
v -0.494446 -0.177345 -3.36912
vn -0.0898331 -0.993555 -0.069121
v -0.517012 -0.164077 -3.26574
vn -0.114361 -0.926231 0.359191
v -0.502542 -0.175346 -3.31598
vn -0.156421 -0.986975 0.0375919
v -0.430959 -0.173918 -3.26301
vn -0.0711256 -0.988309 0.13486
v -0.430959 -0.173918 -3.26301
vn -0.0711256 -0.988309 0.13486
v -0.370042 -0.171833 -3.21852
vn -0.05157 -0.98917 0.137414
v -0.401729 -0.158787 -3.17589
vn -0.189997 -0.942984 0.273279
v -0.430959 -0.173918 -3.26301
vn -0.0711256 -0.988309 0.13486
v -0.46911 -0.155354 -3.21051
vn -0.31355 -0.880013 0.35674
v -0.517012 -0.164077 -3.26574
vn -0.114361 -0.926231 0.359191
v -0.401729 -0.158787 -3.17589
vn -0.189997 -0.942984 0.273279
v -0.46911 -0.155354 -3.21051
vn -0.31355 -0.880013 0.35674
v -0.430959 -0.173918 -3.26301
vn -0.0711256 -0.988309 0.13486
v -0.46911 -0.155354 -3.21051
vn -0.31355 -0.880013 0.35674
v -0.401729 -0.158787 -3.17589
vn -0.189997 -0.942984 0.273279
v -0.442841 -0.12377 -3.12387
vn -0.414882 -0.794475 0.443489
v -0.352022 -0.123974 -3.02408
vn -0.352247 -0.87566 0.330366
v -0.442841 -0.12377 -3.12387
vn -0.414882 -0.794475 0.443489
v -0.401729 -0.158787 -3.17589
vn -0.189997 -0.942984 0.273279
v -0.442841 -0.12377 -3.12387
vn -0.414882 -0.794475 0.443489
v -0.352022 -0.123974 -3.02408
vn -0.352247 -0.87566 0.330366
v -0.395286 -0.0705581 -2.98285
vn -0.598901 -0.560305 0.572167
v -0.442841 -0.12377 -3.12387
vn -0.414882 -0.794475 0.443489
v -0.480244 -0.12245 -3.15007
vn -0.528337 -0.703454 0.475408
v -0.46911 -0.155354 -3.21051
vn -0.31355 -0.880013 0.35674
v -0.395286 -0.0705581 -2.98285
vn -0.598901 -0.560305 0.572167
v -0.477941 -0.0646556 -3.08398
vn -0.614265 -0.569586 0.546123
v -0.442841 -0.12377 -3.12387
vn -0.414882 -0.794475 0.443489
v -0.480244 -0.12245 -3.15007
vn -0.528337 -0.703454 0.475408
v -0.442841 -0.12377 -3.12387
vn -0.414882 -0.794475 0.443489
v -0.477941 -0.0646556 -3.08398
vn -0.614265 -0.569586 0.546123
v -0.505096 0.0104997 -3.05649
vn -0.566575 -0.371831 0.735346
v -0.477941 -0.0646556 -3.08398
vn -0.614265 -0.569586 0.546123
v -0.395286 -0.0705581 -2.98285
vn -0.598901 -0.560305 0.572167
v -0.477941 -0.0646556 -3.08398
vn -0.614265 -0.569586 0.546123
v -0.508087 -0.066512 -3.12106
vn -0.412362 -0.626959 0.66097
v -0.480244 -0.12245 -3.15007
vn -0.528337 -0.703454 0.475408
v -0.508087 -0.066512 -3.12106
vn -0.412362 -0.626959 0.66097
v -0.477941 -0.0646556 -3.08398
vn -0.614265 -0.569586 0.546123
v -0.505096 0.0104997 -3.05649
vn -0.566575 -0.371831 0.735346
v -0.480244 -0.12245 -3.15007
vn -0.528337 -0.703454 0.475408
v -0.508087 -0.066512 -3.12106
vn -0.412362 -0.626959 0.66097
v -0.516779 -0.111071 -3.18671
vn -0.220925 -0.806596 0.548265
v -0.516779 -0.111071 -3.18671
vn -0.220925 -0.806596 0.548265
v -0.46911 -0.155354 -3.21051
vn -0.31355 -0.880013 0.35674
v -0.480244 -0.12245 -3.15007
vn -0.528337 -0.703454 0.475408
v -0.517012 -0.164077 -3.26574
vn -0.114361 -0.926231 0.359191
v -0.46911 -0.155354 -3.21051
vn -0.31355 -0.880013 0.35674
v -0.516779 -0.111071 -3.18671
vn -0.220925 -0.806596 0.548265
v -0.516779 -0.111071 -3.18671
vn -0.220925 -0.806596 0.548265
v -0.542622 -0.125248 -3.19344
vn 0.19099 -0.75725 0.624576
v -0.517012 -0.164077 -3.26574
vn -0.114361 -0.926231 0.359191
v -0.542942 -0.168766 -3.29238
vn 0.404929 -0.907134 0.114634
v -0.517012 -0.164077 -3.26574
vn -0.114361 -0.926231 0.359191
v -0.542622 -0.125248 -3.19344
vn 0.19099 -0.75725 0.624576
v -0.541936 -0.0547428 -3.11003
vn -0.160752 -0.616881 0.770465
v -0.542622 -0.125248 -3.19344
vn 0.19099 -0.75725 0.624576
v -0.516779 -0.111071 -3.18671
vn -0.220925 -0.806596 0.548265
v -0.516779 -0.111071 -3.18671
vn -0.220925 -0.806596 0.548265
v -0.508087 -0.066512 -3.12106
vn -0.412362 -0.626959 0.66097
v -0.541936 -0.0547428 -3.11003
vn -0.160752 -0.616881 0.770465
v 0.0784952 -0.365165 -2.67727
vn -0.412877 0.138004 0.900271
v 0.0648368 -0.39862 -2.69407
vn -0.807544 0.0405841 0.588409
v 0.0862286 -0.414535 -2.67372
vn -0.458994 0.040907 0.887497
v 0.0862286 -0.414535 -2.67372
vn -0.458994 0.040907 0.887497
v 0.117405 -0.403333 -2.6696
vn 0.155983 0.245097 0.956868
v 0.0784952 -0.365165 -2.67727
vn -0.412877 0.138004 0.900271
v 0.137811 -0.454482 -2.65336
vn 0.103329 -0.422205 0.900592
v 0.117405 -0.403333 -2.6696
vn 0.155983 0.245097 0.956868
v 0.0862286 -0.414535 -2.67372
vn -0.458994 0.040907 0.887497
v 0.0862286 -0.414535 -2.67372
vn -0.458994 0.040907 0.887497
v 0.100334 -0.457224 -2.66611
vn -0.421522 -0.642604 0.639828
v 0.137811 -0.454482 -2.65336
vn 0.103329 -0.422205 0.900592
v 0.0769652 -0.441711 -2.68186
vn -0.493493 -0.348392 0.796924
v 0.100334 -0.457224 -2.66611
vn -0.421522 -0.642604 0.639828
v 0.0862286 -0.414535 -2.67372
vn -0.458994 0.040907 0.887497
v 0.0871887 -0.461594 -2.69701
vn -0.306653 -0.941277 0.141282
v 0.100334 -0.457224 -2.66611
vn -0.421522 -0.642604 0.639828
v 0.0769652 -0.441711 -2.68186
vn -0.493493 -0.348392 0.796924
v 0.0769652 -0.441711 -2.68186
vn -0.493493 -0.348392 0.796924
v 0.0862286 -0.414535 -2.67372
vn -0.458994 0.040907 0.887497
v 0.0648368 -0.39862 -2.69407
vn -0.807544 0.0405841 0.588409
v 0.0769652 -0.441711 -2.68186
vn -0.493493 -0.348392 0.796924
v 0.0747532 -0.458391 -2.698
vn -0.172125 -0.980046 0.0994103
v 0.0871887 -0.461594 -2.69701
vn -0.306653 -0.941277 0.141282
v 0.0944314 -0.451644 -2.72939
vn -0.370027 -0.789382 -0.489853
v 0.0871887 -0.461594 -2.69701
vn -0.306653 -0.941277 0.141282
v 0.0747532 -0.458391 -2.698
vn -0.172125 -0.980046 0.0994103
v 0.0645309 -0.457289 -2.69512
vn -0.529549 -0.759161 0.378486
v 0.0747532 -0.458391 -2.698
vn -0.172125 -0.980046 0.0994103
v 0.0769652 -0.441711 -2.68186
vn -0.493493 -0.348392 0.796924
v 0.0642993 -0.448129 -2.7197
vn -0.484449 -0.702232 -0.521708
v 0.0747532 -0.458391 -2.698
vn -0.172125 -0.980046 0.0994103
v 0.0645309 -0.457289 -2.69512
vn -0.529549 -0.759161 0.378486
v 0.0747532 -0.458391 -2.698
vn -0.172125 -0.980046 0.0994103
v 0.0642993 -0.448129 -2.7197
vn -0.484449 -0.702232 -0.521708
v 0.0944314 -0.451644 -2.72939
vn -0.370027 -0.789382 -0.489853
v 0.0645309 -0.457289 -2.69512
vn -0.529549 -0.759161 0.378486
v 0.0542411 -0.445532 -2.70451
vn -0.979408 -0.201106 0.0177753
v 0.0642993 -0.448129 -2.7197
vn -0.484449 -0.702232 -0.521708
v 0.0944314 -0.451644 -2.72939
vn -0.370027 -0.789382 -0.489853
v 0.0642993 -0.448129 -2.7197
vn -0.484449 -0.702232 -0.521708
v 0.0660631 -0.381212 -2.74805
vn -0.82313 -0.258952 -0.505372
v 0.0660631 -0.381212 -2.74805
vn -0.82313 -0.258952 -0.505372
v 0.0642993 -0.448129 -2.7197
vn -0.484449 -0.702232 -0.521708
v 0.0542411 -0.445532 -2.70451
vn -0.979408 -0.201106 0.0177753
v 0.060715 -0.439241 -2.69195
vn -0.723672 -0.0811579 0.685356
v 0.0542411 -0.445532 -2.70451
vn -0.979408 -0.201106 0.0177753
v 0.0645309 -0.457289 -2.69512
vn -0.529549 -0.759161 0.378486
v 0.0769652 -0.441711 -2.68186
vn -0.493493 -0.348392 0.796924
v 0.060715 -0.439241 -2.69195
vn -0.723672 -0.0811579 0.685356
v 0.0645309 -0.457289 -2.69512
vn -0.529549 -0.759161 0.378486
v 0.0648368 -0.39862 -2.69407
vn -0.807544 0.0405841 0.588409
v 0.060715 -0.439241 -2.69195
vn -0.723672 -0.0811579 0.685356
v 0.0769652 -0.441711 -2.68186
vn -0.493493 -0.348392 0.796924
v 0.0542411 -0.445532 -2.70451
vn -0.979408 -0.201106 0.0177753
v 0.060715 -0.439241 -2.69195
vn -0.723672 -0.0811579 0.685356
v 0.0648368 -0.39862 -2.69407
vn -0.807544 0.0405841 0.588409
v 0.0648368 -0.39862 -2.69407
vn -0.807544 0.0405841 0.588409
v 0.0558457 -0.412679 -2.71563
vn -0.999423 -0.0326715 -0.00924655
v 0.0542411 -0.445532 -2.70451
vn -0.979408 -0.201106 0.0177753
v 0.0542411 -0.445532 -2.70451
vn -0.979408 -0.201106 0.0177753
v 0.0558457 -0.412679 -2.71563
vn -0.999423 -0.0326715 -0.00924655
v 0.0660631 -0.381212 -2.74805
vn -0.82313 -0.258952 -0.505372
v 0.0749193 -0.374324 -2.77434
vn -0.907107 0.0423454 -0.418765
v 0.0660631 -0.381212 -2.74805
vn -0.82313 -0.258952 -0.505372
v 0.0825993 -0.337348 -2.77437
vn -0.244964 0.0887905 -0.965458
v 0.0825993 -0.337348 -2.77437
vn -0.244964 0.0887905 -0.965458
v 0.0795588 -0.356296 -2.77828
vn -0.454835 0.127963 -0.881334
v 0.0749193 -0.374324 -2.77434
vn -0.907107 0.0423454 -0.418765
v 0.0864138 -0.362217 -2.77859
vn 0.271997 0.0967692 -0.95742
v 0.0795588 -0.356296 -2.77828
vn -0.454835 0.127963 -0.881334
v 0.0825993 -0.337348 -2.77437
vn -0.244964 0.0887905 -0.965458
v 0.0805919 -0.387731 -2.7795
vn -0.31783 -0.251262 -0.914249
v 0.0749193 -0.374324 -2.77434
vn -0.907107 0.0423454 -0.418765
v 0.0795588 -0.356296 -2.77828
vn -0.454835 0.127963 -0.881334
v 0.0795588 -0.356296 -2.77828
vn -0.454835 0.127963 -0.881334
v 0.0864138 -0.362217 -2.77859
vn 0.271997 0.0967692 -0.95742
v 0.0805919 -0.387731 -2.7795
vn -0.31783 -0.251262 -0.914249
v 0.0660631 -0.381212 -2.74805
vn -0.82313 -0.258952 -0.505372
v 0.0749193 -0.374324 -2.77434
vn -0.907107 0.0423454 -0.418765
v 0.0805919 -0.387731 -2.7795
vn -0.31783 -0.251262 -0.914249
v 0.0805919 -0.387731 -2.7795
vn -0.31783 -0.251262 -0.914249
v 0.0864138 -0.362217 -2.77859
vn 0.271997 0.0967692 -0.95742
v 0.108211 -0.371251 -2.76739
vn 0.483739 -0.0518813 -0.873673
v 0.0805919 -0.387731 -2.7795
vn -0.31783 -0.251262 -0.914249
v 0.0890793 -0.406564 -2.76629
vn -0.19596 -0.426312 -0.883095
v 0.0660631 -0.381212 -2.74805
vn -0.82313 -0.258952 -0.505372
v 0.108211 -0.371251 -2.76739
vn 0.483739 -0.0518813 -0.873673
v 0.0890793 -0.406564 -2.76629
vn -0.19596 -0.426312 -0.883095
v 0.0805919 -0.387731 -2.7795
vn -0.31783 -0.251262 -0.914249
v 0.0660631 -0.381212 -2.74805
vn -0.82313 -0.258952 -0.505372
v 0.0890793 -0.406564 -2.76629
vn -0.19596 -0.426312 -0.883095
v 0.0944314 -0.451644 -2.72939
vn -0.370027 -0.789382 -0.489853
v 0.0890793 -0.406564 -2.76629
vn -0.19596 -0.426312 -0.883095
v 0.108211 -0.371251 -2.76739
vn 0.483739 -0.0518813 -0.873673
v 0.130536 -0.395729 -2.75211
vn 0.576032 0.0440386 -0.81624
v 0.120268 -0.450841 -2.75089
vn -0.101039 -0.738271 -0.666893
v 0.0944314 -0.451644 -2.72939
vn -0.370027 -0.789382 -0.489853
v 0.0890793 -0.406564 -2.76629
vn -0.19596 -0.426312 -0.883095
v 0.130536 -0.395729 -2.75211
vn 0.576032 0.0440386 -0.81624
v 0.121283 -0.429352 -2.76086
vn 0.279876 -0.163609 -0.945992
v 0.0890793 -0.406564 -2.76629
vn -0.19596 -0.426312 -0.883095
v 0.0890793 -0.406564 -2.76629
vn -0.19596 -0.426312 -0.883095
v 0.121283 -0.429352 -2.76086
vn 0.279876 -0.163609 -0.945992
v 0.120268 -0.450841 -2.75089
vn -0.101039 -0.738271 -0.666893
v 0.155216 -0.452569 -2.73744
vn 0.575437 -0.403693 -0.71127
v 0.120268 -0.450841 -2.75089
vn -0.101039 -0.738271 -0.666893
v 0.121283 -0.429352 -2.76086
vn 0.279876 -0.163609 -0.945992
v -0.508087 -0.066512 -3.12106
vn -0.412362 -0.626959 0.66097
v -0.505096 0.0104997 -3.05649
vn -0.566575 -0.371831 0.735346
v -0.541177 0.0288563 -3.05992
vn -0.276435 -0.384804 0.88063
v -0.547189 0.130492 -3.04654
vn -0.387973 -0.0665072 0.919268
v -0.541177 0.0288563 -3.05992
vn -0.276435 -0.384804 0.88063
v -0.505096 0.0104997 -3.05649
vn -0.566575 -0.371831 0.735346
v -0.541177 0.0288563 -3.05992
vn -0.276435 -0.384804 0.88063
v -0.541936 -0.0547428 -3.11003
vn -0.160752 -0.616881 0.770465
v -0.508087 -0.066512 -3.12106
vn -0.412362 -0.626959 0.66097
v -0.541936 -0.0547428 -3.11003
vn -0.160752 -0.616881 0.770465
v -0.541177 0.0288563 -3.05992
vn -0.276435 -0.384804 0.88063
v -0.655703 0.0561525 -3.11152
vn -0.528524 -0.268967 0.805183
v -0.655703 0.0561525 -3.11152
vn -0.528524 -0.268967 0.805183
v -0.541177 0.0288563 -3.05992
vn -0.276435 -0.384804 0.88063
v -0.547189 0.130492 -3.04654
vn -0.387973 -0.0665072 0.919268
v -0.655703 0.0561525 -3.11152
vn -0.528524 -0.268967 0.805183
v -0.650529 -0.0235911 -3.14652
vn -0.579649 -0.389738 0.71562
v -0.541936 -0.0547428 -3.11003
vn -0.160752 -0.616881 0.770465
v -0.547189 0.130492 -3.04654
vn -0.387973 -0.0665072 0.919268
v -0.658933 0.147349 -3.09892
vn -0.577969 0.0173058 0.815875
v -0.655703 0.0561525 -3.11152
vn -0.528524 -0.268967 0.805183
v -0.650529 -0.0235911 -3.14652
vn -0.579649 -0.389738 0.71562
v -0.655703 0.0561525 -3.11152
vn -0.528524 -0.268967 0.805183
v -0.775957 0.0674855 -3.23103
vn -0.806726 -0.20244 0.555168
v -0.775957 0.0674855 -3.23103
vn -0.806726 -0.20244 0.555168
v -0.655703 0.0561525 -3.11152
vn -0.528524 -0.268967 0.805183
v -0.658933 0.147349 -3.09892
vn -0.577969 0.0173058 0.815875
v -0.658933 0.147349 -3.09892
vn -0.577969 0.0173058 0.815875
v -0.547189 0.130492 -3.04654
vn -0.387973 -0.0665072 0.919268
v -0.532274 0.2261 -3.05311
vn -0.547933 0.226346 0.805318
v -0.658933 0.147349 -3.09892
vn -0.577969 0.0173058 0.815875
v -0.782588 0.146556 -3.22099
vn -0.846252 0.0614214 0.52923
v -0.775957 0.0674855 -3.23103
vn -0.806726 -0.20244 0.555168
v -0.532274 0.2261 -3.05311
vn -0.547933 0.226346 0.805318
v -0.655754 0.238014 -3.11873
vn -0.562483 0.359991 0.744325
v -0.658933 0.147349 -3.09892
vn -0.577969 0.0173058 0.815875
v -0.782588 0.146556 -3.22099
vn -0.846252 0.0614214 0.52923
v -0.658933 0.147349 -3.09892
vn -0.577969 0.0173058 0.815875
v -0.655754 0.238014 -3.11873
vn -0.562483 0.359991 0.744325
v -0.655754 0.238014 -3.11873
vn -0.562483 0.359991 0.744325
v -0.775116 0.212802 -3.22677
vn -0.808433 0.41764 0.414743
v -0.782588 0.146556 -3.22099
vn -0.846252 0.0614214 0.52923
v -0.655754 0.238014 -3.11873
vn -0.562483 0.359991 0.744325
v -0.532274 0.2261 -3.05311
vn -0.547933 0.226346 0.805318
v -0.494044 0.355419 -3.11157
vn -0.519743 0.625395 0.582021
v -0.775116 0.212802 -3.22677
vn -0.808433 0.41764 0.414743
v -0.655754 0.238014 -3.11873
vn -0.562483 0.359991 0.744325
v -0.648034 0.322629 -3.18675
vn -0.556438 0.705412 0.439057
v -0.494044 0.355419 -3.11157
vn -0.519743 0.625395 0.582021
v -0.648034 0.322629 -3.18675
vn -0.556438 0.705412 0.439057
v -0.655754 0.238014 -3.11873
vn -0.562483 0.359991 0.744325
v -0.648034 0.322629 -3.18675
vn -0.556438 0.705412 0.439057
v -0.750058 0.269067 -3.27184
vn -0.719113 0.651157 0.242633
v -0.775116 0.212802 -3.22677
vn -0.808433 0.41764 0.414743
v -0.730371 0.308934 -3.35734
vn -0.671031 0.741223 0.017493
v -0.750058 0.269067 -3.27184
vn -0.719113 0.651157 0.242633
v -0.648034 0.322629 -3.18675
vn -0.556438 0.705412 0.439057
v -0.775116 0.212802 -3.22677
vn -0.808433 0.41764 0.414743
v -0.750058 0.269067 -3.27184
vn -0.719113 0.651157 0.242633
v -0.786321 0.243484 -3.35529
vn -0.812232 0.578615 -0.0740544
v -0.786321 0.243484 -3.35529
vn -0.812232 0.578615 -0.0740544
v -0.750058 0.269067 -3.27184
vn -0.719113 0.651157 0.242633
v -0.730371 0.308934 -3.35734
vn -0.671031 0.741223 0.017493
v -0.782588 0.146556 -3.22099
vn -0.846252 0.0614214 0.52923
v -0.775116 0.212802 -3.22677
vn -0.808433 0.41764 0.414743
v -0.820786 0.17817 -3.35994
vn -0.954617 0.288684 -0.0732654
v -0.786321 0.243484 -3.35529
vn -0.812232 0.578615 -0.0740544
v -0.820786 0.17817 -3.35994
vn -0.954617 0.288684 -0.0732654
v -0.775116 0.212802 -3.22677
vn -0.808433 0.41764 0.414743
v -0.820786 0.17817 -3.35994
vn -0.954617 0.288684 -0.0732654
v -0.830296 0.124632 -3.35843
vn -0.997582 0.000780011 0.0694998
v -0.782588 0.146556 -3.22099
vn -0.846252 0.0614214 0.52923
v -0.775957 0.0674855 -3.23103
vn -0.806726 -0.20244 0.555168
v -0.782588 0.146556 -3.22099
vn -0.846252 0.0614214 0.52923
v -0.830296 0.124632 -3.35843
vn -0.997582 0.000780011 0.0694998
v -0.78866 0.106949 -3.47499
vn -0.876879 -0.0405151 -0.479001
v -0.830296 0.124632 -3.35843
vn -0.997582 0.000780011 0.0694998
v -0.820786 0.17817 -3.35994
vn -0.954617 0.288684 -0.0732654
v -0.518197 0.12724 -3.03279
vn -0.617692 -0.0847418 0.781841
v -0.532274 0.2261 -3.05311
vn -0.547933 0.226346 0.805318
v -0.547189 0.130492 -3.04654
vn -0.387973 -0.0665072 0.919268
v -0.505096 0.0104997 -3.05649
vn -0.566575 -0.371831 0.735346
v -0.518197 0.12724 -3.03279
vn -0.617692 -0.0847418 0.781841
v -0.547189 0.130492 -3.04654
vn -0.387973 -0.0665072 0.919268
v -0.518197 0.12724 -3.03279
vn -0.617692 -0.0847418 0.781841
v -0.505096 0.0104997 -3.05649
vn -0.566575 -0.371831 0.735346
v -0.413237 0.00352293 -2.95245
vn -0.675012 -0.257319 0.691481
v -0.395286 -0.0705581 -2.98285
vn -0.598901 -0.560305 0.572167
v -0.413237 0.00352293 -2.95245
vn -0.675012 -0.257319 0.691481
v -0.505096 0.0104997 -3.05649
vn -0.566575 -0.371831 0.735346
v -0.413237 0.00352293 -2.95245
vn -0.675012 -0.257319 0.691481
v -0.279454 0.0110367 -2.83793
vn -0.450258 -0.281643 0.847316
v -0.291577 0.134959 -2.81631
vn -0.500945 -0.0319603 0.864889
v -0.279454 0.0110367 -2.83793
vn -0.450258 -0.281643 0.847316
v -0.413237 0.00352293 -2.95245
vn -0.675012 -0.257319 0.691481
v -0.395286 -0.0705581 -2.98285
vn -0.598901 -0.560305 0.572167
v -0.291577 0.134959 -2.81631
vn -0.500945 -0.0319603 0.864889
v -0.423169 0.133058 -2.93597
vn -0.686268 0.0160433 0.727172
v -0.413237 0.00352293 -2.95245
vn -0.675012 -0.257319 0.691481
v -0.413237 0.00352293 -2.95245
vn -0.675012 -0.257319 0.691481
v -0.423169 0.133058 -2.93597
vn -0.686268 0.0160433 0.727172
v -0.518197 0.12724 -3.03279
vn -0.617692 -0.0847418 0.781841
v -0.423169 0.133058 -2.93597
vn -0.686268 0.0160433 0.727172
v -0.291577 0.134959 -2.81631
vn -0.500945 -0.0319603 0.864889
v -0.280899 0.274401 -2.83132
vn -0.493807 0.3166 0.809888
v -0.532274 0.2261 -3.05311
vn -0.547933 0.226346 0.805318
v -0.518197 0.12724 -3.03279
vn -0.617692 -0.0847418 0.781841
v -0.423169 0.133058 -2.93597
vn -0.686268 0.0160433 0.727172
v -0.280899 0.274401 -2.83132
vn -0.493807 0.3166 0.809888
v -0.411636 0.270583 -2.94516
vn -0.639612 0.38702 0.664163
v -0.423169 0.133058 -2.93597
vn -0.686268 0.0160433 0.727172
v -0.423169 0.133058 -2.93597
vn -0.686268 0.0160433 0.727172
v -0.411636 0.270583 -2.94516
vn -0.639612 0.38702 0.664163
v -0.532274 0.2261 -3.05311
vn -0.547933 0.226346 0.805318
v -0.494044 0.355419 -3.11157
vn -0.519743 0.625395 0.582021
v -0.532274 0.2261 -3.05311
vn -0.547933 0.226346 0.805318
v -0.411636 0.270583 -2.94516
vn -0.639612 0.38702 0.664163
v -0.411636 0.270583 -2.94516
vn -0.639612 0.38702 0.664163
v -0.359814 0.393606 -3.00041
vn -0.465401 0.762484 0.449467
v -0.494044 0.355419 -3.11157
vn -0.519743 0.625395 0.582021
v -0.234793 0.394991 -2.89714
vn -0.385196 0.700937 0.60026
v -0.359814 0.393606 -3.00041
vn -0.465401 0.762484 0.449467
v -0.411636 0.270583 -2.94516
vn -0.639612 0.38702 0.664163
v -0.359814 0.393606 -3.00041
vn -0.465401 0.762484 0.449467
v -0.234793 0.394991 -2.89714
vn -0.385196 0.700937 0.60026
v -0.171291 0.455806 -2.9857
vn -0.172999 0.950179 0.259291
v -0.440712 0.420421 -3.18525
vn -0.341911 0.914406 0.216698
v -0.494044 0.355419 -3.11157
vn -0.519743 0.625395 0.582021
v -0.359814 0.393606 -3.00041
vn -0.465401 0.762484 0.449467
v -0.648034 0.322629 -3.18675
vn -0.556438 0.705412 0.439057
v -0.494044 0.355419 -3.11157
vn -0.519743 0.625395 0.582021
v -0.440712 0.420421 -3.18525
vn -0.341911 0.914406 0.216698
v -0.171291 0.455806 -2.9857
vn -0.172999 0.950179 0.259291
v -0.291261 0.454025 -3.08149
vn -0.262412 0.94451 0.197589
v -0.359814 0.393606 -3.00041
vn -0.465401 0.762484 0.449467
v -0.359814 0.393606 -3.00041
vn -0.465401 0.762484 0.449467
v -0.291261 0.454025 -3.08149
vn -0.262412 0.94451 0.197589
v -0.440712 0.420421 -3.18525
vn -0.341911 0.914406 0.216698
v -0.253558 0.462278 -3.13196
vn -0.124053 0.991498 0.0392736
v -0.291261 0.454025 -3.08149
vn -0.262412 0.94451 0.197589
v -0.171291 0.455806 -2.9857
vn -0.172999 0.950179 0.259291
v -0.440712 0.420421 -3.18525
vn -0.341911 0.914406 0.216698
v -0.291261 0.454025 -3.08149
vn -0.262412 0.94451 0.197589
v -0.253558 0.462278 -3.13196
vn -0.124053 0.991498 0.0392736
v -0.171291 0.455806 -2.9857
vn -0.172999 0.950179 0.259291
v -0.132453 0.463059 -3.03924
vn -0.00862816 0.999154 0.0402067
v -0.253558 0.462278 -3.13196
vn -0.124053 0.991498 0.0392736
v -0.199687 0.462424 -3.2042
vn -0.0134285 0.994348 -0.105315
v -0.253558 0.462278 -3.13196
vn -0.124053 0.991498 0.0392736
v -0.132453 0.463059 -3.03924
vn -0.00862816 0.999154 0.0402067
v -0.820786 0.17817 -3.35994
vn -0.954617 0.288684 -0.0732654
v -0.786558 0.168313 -3.47363
vn -0.837232 0.282239 -0.468384
v -0.78866 0.106949 -3.47499
vn -0.876879 -0.0405151 -0.479001
v -0.750372 0.24351 -3.44818
vn -0.819836 0.494812 -0.288149
v -0.786558 0.168313 -3.47363
vn -0.837232 0.282239 -0.468384
v -0.820786 0.17817 -3.35994
vn -0.954617 0.288684 -0.0732654
v -0.820786 0.17817 -3.35994
vn -0.954617 0.288684 -0.0732654
v -0.786321 0.243484 -3.35529
vn -0.812232 0.578615 -0.0740544
v -0.750372 0.24351 -3.44818
vn -0.819836 0.494812 -0.288149
v -0.822694 0.0552748 -3.35615
vn -0.96891 -0.24673 0.0183723
v -0.830296 0.124632 -3.35843
vn -0.997582 0.000780011 0.0694998
v -0.78866 0.106949 -3.47499
vn -0.876879 -0.0405151 -0.479001
v -0.830296 0.124632 -3.35843
vn -0.997582 0.000780011 0.0694998
v -0.822694 0.0552748 -3.35615
vn -0.96891 -0.24673 0.0183723
v -0.775957 0.0674855 -3.23103
vn -0.806726 -0.20244 0.555168
v -0.759854 -0.01077 -3.24978
vn -0.80669 -0.344764 0.479988
v -0.775957 0.0674855 -3.23103
vn -0.806726 -0.20244 0.555168
v -0.822694 0.0552748 -3.35615
vn -0.96891 -0.24673 0.0183723
v -0.775957 0.0674855 -3.23103
vn -0.806726 -0.20244 0.555168
v -0.759854 -0.01077 -3.24978
vn -0.80669 -0.344764 0.479988
v -0.650529 -0.0235911 -3.14652
vn -0.579649 -0.389738 0.71562
v -0.78866 0.106949 -3.47499
vn -0.876879 -0.0405151 -0.479001
v -0.775077 0.0382682 -3.47149
vn -0.799764 -0.331011 -0.500809
v -0.822694 0.0552748 -3.35615
vn -0.96891 -0.24673 0.0183723
v -0.650529 -0.0235911 -3.14652
vn -0.579649 -0.389738 0.71562
v -0.759854 -0.01077 -3.24978
vn -0.80669 -0.344764 0.479988
v -0.736067 -0.0900022 -3.28087
vn -0.784974 -0.455882 0.419508
v -0.822694 0.0552748 -3.35615
vn -0.96891 -0.24673 0.0183723
v -0.791563 -0.0201519 -3.33911
vn -0.873685 -0.485697 -0.0278001
v -0.759854 -0.01077 -3.24978
vn -0.80669 -0.344764 0.479988
v -0.791563 -0.0201519 -3.33911
vn -0.873685 -0.485697 -0.0278001
v -0.736067 -0.0900022 -3.28087
vn -0.784974 -0.455882 0.419508
v -0.759854 -0.01077 -3.24978
vn -0.80669 -0.344764 0.479988
v -0.791563 -0.0201519 -3.33911
vn -0.873685 -0.485697 -0.0278001
v -0.822694 0.0552748 -3.35615
vn -0.96891 -0.24673 0.0183723
v -0.775077 0.0382682 -3.47149
vn -0.799764 -0.331011 -0.500809
v -0.736067 -0.0900022 -3.28087
vn -0.784974 -0.455882 0.419508
v -0.624574 -0.0998066 -3.17237
vn -0.368428 -0.518449 0.771668
v -0.650529 -0.0235911 -3.14652
vn -0.579649 -0.389738 0.71562
v -0.541936 -0.0547428 -3.11003
vn -0.160752 -0.616881 0.770465
v -0.650529 -0.0235911 -3.14652
vn -0.579649 -0.389738 0.71562
v -0.624574 -0.0998066 -3.17237
vn -0.368428 -0.518449 0.771668
v -0.78866 0.106949 -3.47499
vn -0.876879 -0.0405151 -0.479001
v -0.786558 0.168313 -3.47363
vn -0.837232 0.282239 -0.468384
v -0.749236 0.163355 -3.51975
vn -0.817214 -0.0914055 -0.569039
v -0.749236 0.163355 -3.51975
vn -0.817214 -0.0914055 -0.569039
v -0.786558 0.168313 -3.47363
vn -0.837232 0.282239 -0.468384
v -0.750372 0.24351 -3.44818
vn -0.819836 0.494812 -0.288149
v -0.749236 0.163355 -3.51975
vn -0.817214 -0.0914055 -0.569039
v -0.748013 0.101257 -3.51934
vn -0.583157 -0.135653 -0.800953
v -0.78866 0.106949 -3.47499
vn -0.876879 -0.0405151 -0.479001
v -0.775077 0.0382682 -3.47149
vn -0.799764 -0.331011 -0.500809
v -0.78866 0.106949 -3.47499
vn -0.876879 -0.0405151 -0.479001
v -0.748013 0.101257 -3.51934
vn -0.583157 -0.135653 -0.800953
v -0.748013 0.101257 -3.51934
vn -0.583157 -0.135653 -0.800953
v -0.749236 0.163355 -3.51975
vn -0.817214 -0.0914055 -0.569039
v -0.720378 0.14608 -3.53691
vn -0.746666 -0.362387 -0.557823
v -0.720378 0.14608 -3.53691
vn -0.746666 -0.362387 -0.557823
v -0.715045 0.100733 -3.53308
vn -0.779619 -0.229945 -0.582512
v -0.748013 0.101257 -3.51934
vn -0.583157 -0.135653 -0.800953
v -0.730925 0.15605 -3.54481
vn -0.147391 -0.982727 -0.111911
v -0.720378 0.14608 -3.53691
vn -0.746666 -0.362387 -0.557823
v -0.749236 0.163355 -3.51975
vn -0.817214 -0.0914055 -0.569039
v -0.7332 0.0331391 -3.50947
vn -0.441563 -0.370417 -0.817198
v -0.748013 0.101257 -3.51934
vn -0.583157 -0.135653 -0.800953
v -0.715045 0.100733 -3.53308
vn -0.779619 -0.229945 -0.582512
v -0.715045 0.100733 -3.53308
vn -0.779619 -0.229945 -0.582512
v -0.700008 0.0416194 -3.52189
vn -0.731 -0.406743 -0.547904
v -0.7332 0.0331391 -3.50947
vn -0.441563 -0.370417 -0.817198
v -0.7332 0.0331391 -3.50947
vn -0.441563 -0.370417 -0.817198
v -0.700008 0.0416194 -3.52189
vn -0.731 -0.406743 -0.547904
v -0.66351 -0.0355132 -3.4951
vn -0.65161 -0.582285 -0.486157
v -0.748013 0.101257 -3.51934
vn -0.583157 -0.135653 -0.800953
v -0.7332 0.0331391 -3.50947
vn -0.441563 -0.370417 -0.817198
v -0.775077 0.0382682 -3.47149
vn -0.799764 -0.331011 -0.500809
v -0.66351 -0.0355132 -3.4951
vn -0.65161 -0.582285 -0.486157
v -0.693714 -0.0587198 -3.47399
vn -0.361788 -0.7157 -0.597397
v -0.7332 0.0331391 -3.50947
vn -0.441563 -0.370417 -0.817198
v -0.745168 -0.0421354 -3.44252
vn -0.626904 -0.61982 -0.472033
v -0.775077 0.0382682 -3.47149
vn -0.799764 -0.331011 -0.500809
v -0.7332 0.0331391 -3.50947
vn -0.441563 -0.370417 -0.817198
v -0.7332 0.0331391 -3.50947
vn -0.441563 -0.370417 -0.817198
v -0.693714 -0.0587198 -3.47399
vn -0.361788 -0.7157 -0.597397
v -0.745168 -0.0421354 -3.44252
vn -0.626904 -0.61982 -0.472033
v -0.775077 0.0382682 -3.47149
vn -0.799764 -0.331011 -0.500809
v -0.745168 -0.0421354 -3.44252
vn -0.626904 -0.61982 -0.472033
v -0.791563 -0.0201519 -3.33911
vn -0.873685 -0.485697 -0.0278001
v -0.693714 -0.0587198 -3.47399
vn -0.361788 -0.7157 -0.597397
v -0.66351 -0.0355132 -3.4951
vn -0.65161 -0.582285 -0.486157
v -0.601756 -0.112478 -3.44916
vn -0.46997 -0.809399 -0.352139
v -0.791563 -0.0201519 -3.33911
vn -0.873685 -0.485697 -0.0278001
v -0.745168 -0.0421354 -3.44252
vn -0.626904 -0.61982 -0.472033
v -0.708082 -0.11688 -3.36559
vn -0.679855 -0.626569 -0.381063
v -0.708082 -0.11688 -3.36559
vn -0.679855 -0.626569 -0.381063
v -0.736067 -0.0900022 -3.28087
vn -0.784974 -0.455882 0.419508
v -0.791563 -0.0201519 -3.33911
vn -0.873685 -0.485697 -0.0278001
v -0.601756 -0.112478 -3.44916
vn -0.46997 -0.809399 -0.352139
v -0.619412 -0.107802 -3.4224
vn -0.366305 -0.842863 -0.394212
v -0.693714 -0.0587198 -3.47399
vn -0.361788 -0.7157 -0.597397
v -0.561199 -0.154829 -3.38844
vn -0.408468 -0.901073 -0.145677
v -0.619412 -0.107802 -3.4224
vn -0.366305 -0.842863 -0.394212
v -0.601756 -0.112478 -3.44916
vn -0.46997 -0.809399 -0.352139
v -0.601756 -0.112478 -3.44916
vn -0.46997 -0.809399 -0.352139
v -0.551217 -0.16176 -3.41147
vn -0.339266 -0.905349 -0.255425
v -0.561199 -0.154829 -3.38844
vn -0.408468 -0.901073 -0.145677
v -0.551217 -0.16176 -3.41147
vn -0.339266 -0.905349 -0.255425
v -0.494446 -0.177345 -3.36912
vn -0.0898331 -0.993555 -0.069121
v -0.561199 -0.154829 -3.38844
vn -0.408468 -0.901073 -0.145677
v -0.561199 -0.154829 -3.38844
vn -0.408468 -0.901073 -0.145677
v -0.494446 -0.177345 -3.36912
vn -0.0898331 -0.993555 -0.069121
v -0.502542 -0.175346 -3.31598
vn -0.156421 -0.986975 0.0375919
v -0.502542 -0.175346 -3.31598
vn -0.156421 -0.986975 0.0375919
v -0.517012 -0.164077 -3.26574
vn -0.114361 -0.926231 0.359191
v -0.542942 -0.168766 -3.29238
vn 0.404929 -0.907134 0.114634
v -0.542942 -0.168766 -3.29238
vn 0.404929 -0.907134 0.114634
v -0.567876 -0.156468 -3.35384
vn 0.190556 -0.87617 -0.442735
v -0.502542 -0.175346 -3.31598
vn -0.156421 -0.986975 0.0375919
v -0.502542 -0.175346 -3.31598
vn -0.156421 -0.986975 0.0375919
v -0.567876 -0.156468 -3.35384
vn 0.190556 -0.87617 -0.442735
v -0.561199 -0.154829 -3.38844
vn -0.408468 -0.901073 -0.145677
v -0.567876 -0.156468 -3.35384
vn 0.190556 -0.87617 -0.442735
v -0.542942 -0.168766 -3.29238
vn 0.404929 -0.907134 0.114634
v -0.557231 -0.191354 -3.30459
vn 0.781048 -0.592568 -0.197044
v -0.557231 -0.191354 -3.30459
vn 0.781048 -0.592568 -0.197044
v -0.591898 -0.186271 -3.34743
vn 0.327765 -0.521052 -0.788083
v -0.567876 -0.156468 -3.35384
vn 0.190556 -0.87617 -0.442735
v -0.557231 -0.191354 -3.30459
vn 0.781048 -0.592568 -0.197044
v -0.591036 -0.222099 -3.2731
vn 0.662449 -0.659355 0.355546
v -0.598939 -0.230935 -3.32326
vn 0.706416 -0.521389 -0.478676
v -0.598939 -0.230935 -3.32326
vn 0.706416 -0.521389 -0.478676
v -0.591898 -0.186271 -3.34743
vn 0.327765 -0.521052 -0.788083
v -0.557231 -0.191354 -3.30459
vn 0.781048 -0.592568 -0.197044
v -0.747313 0.172878 -3.53049
vn -0.912421 -0.159811 0.376761
v -0.749236 0.163355 -3.51975
vn -0.817214 -0.0914055 -0.569039
v -0.750372 0.24351 -3.44818
vn -0.819836 0.494812 -0.288149
v -0.749236 0.163355 -3.51975
vn -0.817214 -0.0914055 -0.569039
v -0.747313 0.172878 -3.53049
vn -0.912421 -0.159811 0.376761
v -0.730925 0.15605 -3.54481
vn -0.147391 -0.982727 -0.111911
v -0.730925 0.15605 -3.54481
vn -0.147391 -0.982727 -0.111911
v -0.747313 0.172878 -3.53049
vn -0.912421 -0.159811 0.376761
v -0.76114 0.149422 -3.54688
vn -0.328589 -0.264083 0.906802
v -0.76114 0.149422 -3.54688
vn -0.328589 -0.264083 0.906802
v -0.748112 0.128104 -3.55768
vn 0.743491 -0.374964 0.553736
v -0.730925 0.15605 -3.54481
vn -0.147391 -0.982727 -0.111911
v -0.771815 0.0843526 -3.56057
vn -0.0942956 -0.151552 0.983941
v -0.748112 0.128104 -3.55768
vn 0.743491 -0.374964 0.553736
v -0.76114 0.149422 -3.54688
vn -0.328589 -0.264083 0.906802
v -0.748112 0.128104 -3.55768
vn 0.743491 -0.374964 0.553736
v -0.771815 0.0843526 -3.56057
vn -0.0942956 -0.151552 0.983941
v -0.756096 0.0869672 -3.56372
vn 0.773532 -0.263534 0.576366
v -0.769438 0.0318539 -3.57378
vn 0.770753 -0.275966 0.574268
v -0.756096 0.0869672 -3.56372
vn 0.773532 -0.263534 0.576366
v -0.771815 0.0843526 -3.56057
vn -0.0942956 -0.151552 0.983941
v -0.561199 -0.154829 -3.38844
vn -0.408468 -0.901073 -0.145677
v -0.567876 -0.156468 -3.35384
vn 0.190556 -0.87617 -0.442735
v -0.640868 -0.118817 -3.39977
vn -0.254261 -0.781541 -0.569689
v -0.640868 -0.118817 -3.39977
vn -0.254261 -0.781541 -0.569689
v -0.619412 -0.107802 -3.4224
vn -0.366305 -0.842863 -0.394212
v -0.561199 -0.154829 -3.38844
vn -0.408468 -0.901073 -0.145677
v -0.640868 -0.118817 -3.39977
vn -0.254261 -0.781541 -0.569689
v -0.693714 -0.0587198 -3.47399
vn -0.361788 -0.7157 -0.597397
v -0.619412 -0.107802 -3.4224
vn -0.366305 -0.842863 -0.394212
v -0.745168 -0.0421354 -3.44252
vn -0.626904 -0.61982 -0.472033
v -0.693714 -0.0587198 -3.47399
vn -0.361788 -0.7157 -0.597397
v -0.640868 -0.118817 -3.39977
vn -0.254261 -0.781541 -0.569689
v -0.640868 -0.118817 -3.39977
vn -0.254261 -0.781541 -0.569689
v -0.567876 -0.156468 -3.35384
vn 0.190556 -0.87617 -0.442735
v -0.591898 -0.186271 -3.34743
vn 0.327765 -0.521052 -0.788083
v -0.640868 -0.118817 -3.39977
vn -0.254261 -0.781541 -0.569689
v -0.708082 -0.11688 -3.36559
vn -0.679855 -0.626569 -0.381063
v -0.745168 -0.0421354 -3.44252
vn -0.626904 -0.61982 -0.472033
v -0.591898 -0.186271 -3.34743
vn 0.327765 -0.521052 -0.788083
v -0.641999 -0.148624 -3.36598
vn -0.193828 -0.402788 -0.894535
v -0.640868 -0.118817 -3.39977
vn -0.254261 -0.781541 -0.569689
v -0.640868 -0.118817 -3.39977
vn -0.254261 -0.781541 -0.569689
v -0.641999 -0.148624 -3.36598
vn -0.193828 -0.402788 -0.894535
v -0.708082 -0.11688 -3.36559
vn -0.679855 -0.626569 -0.381063
v -0.641999 -0.148624 -3.36598
vn -0.193828 -0.402788 -0.894535
v -0.591898 -0.186271 -3.34743
vn 0.327765 -0.521052 -0.788083
v -0.632359 -0.218101 -3.34674
vn 0.209837 -0.38556 -0.898505
v -0.591898 -0.186271 -3.34743
vn 0.327765 -0.521052 -0.788083
v -0.598939 -0.230935 -3.32326
vn 0.706416 -0.521389 -0.478676
v -0.632359 -0.218101 -3.34674
vn 0.209837 -0.38556 -0.898505
v -0.631188 -0.258758 -3.32458
vn 0.344667 -0.249442 -0.904977
v -0.632359 -0.218101 -3.34674
vn 0.209837 -0.38556 -0.898505
v -0.598939 -0.230935 -3.32326
vn 0.706416 -0.521389 -0.478676
v -0.598939 -0.230935 -3.32326
vn 0.706416 -0.521389 -0.478676
v -0.608297 -0.263532 -3.31411
vn 0.799375 -0.137132 -0.584974
v -0.631188 -0.258758 -3.32458
vn 0.344667 -0.249442 -0.904977
v -0.625685 -0.310751 -3.32044
vn 0.432303 0.140356 -0.890738
v -0.631188 -0.258758 -3.32458
vn 0.344667 -0.249442 -0.904977
v -0.608297 -0.263532 -3.31411
vn 0.799375 -0.137132 -0.584974
v -0.608297 -0.263532 -3.31411
vn 0.799375 -0.137132 -0.584974
v -0.605138 -0.301268 -3.31032
vn 0.960108 0.117315 -0.25383
v -0.625685 -0.310751 -3.32044
vn 0.432303 0.140356 -0.890738
v -0.625685 -0.310751 -3.32044
vn 0.432303 0.140356 -0.890738
v -0.605138 -0.301268 -3.31032
vn 0.960108 0.117315 -0.25383
v -0.598586 -0.343554 -3.31183
vn 0.91198 0.239763 -0.332876
v -0.598586 -0.343554 -3.31183
vn 0.91198 0.239763 -0.332876
v -0.610399 -0.343917 -3.33015
vn 0.616328 0.31626 -0.721194
v -0.625685 -0.310751 -3.32044
vn 0.432303 0.140356 -0.890738
v -0.610399 -0.343917 -3.33015
vn 0.616328 0.31626 -0.721194
v -0.598586 -0.343554 -3.31183
vn 0.91198 0.239763 -0.332876
v -0.594821 -0.378228 -3.31667
vn 0.898758 0.184018 -0.397958
v -0.594821 -0.378228 -3.31667
vn 0.898758 0.184018 -0.397958
v -0.588271 -0.396561 -3.28014
vn 0.864109 0.315081 0.39248
v -0.571016 -0.440099 -3.2925
vn 0.703806 -0.693263 -0.15506
v -0.571016 -0.440099 -3.2925
vn 0.703806 -0.693263 -0.15506
v -0.595418 -0.434485 -3.33192
vn 0.508949 -0.464333 -0.724821
v -0.594821 -0.378228 -3.31667
vn 0.898758 0.184018 -0.397958
v -0.594821 -0.378228 -3.31667
vn 0.898758 0.184018 -0.397958
v -0.613399 -0.368615 -3.34006
vn 0.518632 0.219939 -0.826225
v -0.610399 -0.343917 -3.33015
vn 0.616328 0.31626 -0.721194
v -0.613399 -0.368615 -3.34006
vn 0.518632 0.219939 -0.826225
v -0.594821 -0.378228 -3.31667
vn 0.898758 0.184018 -0.397958
v -0.595418 -0.434485 -3.33192
vn 0.508949 -0.464333 -0.724821
v -0.595418 -0.434485 -3.33192
vn 0.508949 -0.464333 -0.724821
v -0.621537 -0.402254 -3.35208
vn 0.126878 -0.175601 -0.976251
v -0.613399 -0.368615 -3.34006
vn 0.518632 0.219939 -0.826225
v -0.621537 -0.402254 -3.35208
vn 0.126878 -0.175601 -0.976251
v -0.595418 -0.434485 -3.33192
vn 0.508949 -0.464333 -0.724821
v -0.63114 -0.426816 -3.33496
vn -0.332072 -0.708839 -0.622314
v -0.63114 -0.426816 -3.33496
vn -0.332072 -0.708839 -0.622314
v -0.646292 -0.383278 -3.35074
vn -0.442301 -0.0557506 -0.895132
v -0.621537 -0.402254 -3.35208
vn 0.126878 -0.175601 -0.976251
v -0.613399 -0.368615 -3.34006
vn 0.518632 0.219939 -0.826225
v -0.621537 -0.402254 -3.35208
vn 0.126878 -0.175601 -0.976251
v -0.646292 -0.383278 -3.35074
vn -0.442301 -0.0557506 -0.895132
v -0.646292 -0.383278 -3.35074
vn -0.442301 -0.0557506 -0.895132
v -0.63114 -0.426816 -3.33496
vn -0.332072 -0.708839 -0.622314
v -0.650005 -0.436141 -3.29948
vn -0.441325 -0.751065 -0.491054
v -0.646292 -0.383278 -3.35074
vn -0.442301 -0.0557506 -0.895132
v -0.633598 -0.350283 -3.3396
vn 0.123033 0.303356 -0.944901
v -0.613399 -0.368615 -3.34006
vn 0.518632 0.219939 -0.826225
v -0.610399 -0.343917 -3.33015
vn 0.616328 0.31626 -0.721194
v -0.613399 -0.368615 -3.34006
vn 0.518632 0.219939 -0.826225
v -0.633598 -0.350283 -3.3396
vn 0.123033 0.303356 -0.944901
v -0.633598 -0.350283 -3.3396
vn 0.123033 0.303356 -0.944901
v -0.625685 -0.310751 -3.32044
vn 0.432303 0.140356 -0.890738
v -0.610399 -0.343917 -3.33015
vn 0.616328 0.31626 -0.721194
v -0.633598 -0.350283 -3.3396
vn 0.123033 0.303356 -0.944901
v -0.646292 -0.383278 -3.35074
vn -0.442301 -0.0557506 -0.895132
v -0.649265 -0.359909 -3.34472
vn -0.416215 0.226579 -0.880584
v -0.649265 -0.359909 -3.34472
vn -0.416215 0.226579 -0.880584
v -0.64643 -0.338203 -3.33352
vn 0.284229 0.281945 -0.916363
v -0.633598 -0.350283 -3.3396
vn 0.123033 0.303356 -0.944901
v -0.633598 -0.350283 -3.3396
vn 0.123033 0.303356 -0.944901
v -0.64643 -0.338203 -3.33352
vn 0.284229 0.281945 -0.916363
v -0.654007 -0.304726 -3.32941
vn -0.319355 0.0406725 -0.946762
v -0.654007 -0.304726 -3.32941
vn -0.319355 0.0406725 -0.946762
v -0.625685 -0.310751 -3.32044
vn 0.432303 0.140356 -0.890738
v -0.633598 -0.350283 -3.3396
vn 0.123033 0.303356 -0.944901
v -0.652223 -0.332139 -3.33722
vn -0.166751 0.250528 -0.95364
v -0.64643 -0.338203 -3.33352
vn 0.284229 0.281945 -0.916363
v -0.649265 -0.359909 -3.34472
vn -0.416215 0.226579 -0.880584
v -0.64643 -0.338203 -3.33352
vn 0.284229 0.281945 -0.916363
v -0.652223 -0.332139 -3.33722
vn -0.166751 0.250528 -0.95364
v -0.654007 -0.304726 -3.32941
vn -0.319355 0.0406725 -0.946762
v -0.654007 -0.304726 -3.32941
vn -0.319355 0.0406725 -0.946762
v -0.652223 -0.332139 -3.33722
vn -0.166751 0.250528 -0.95364
v -0.653452 -0.346702 -3.33637
vn -0.902836 0.0322664 -0.428773
v -0.649265 -0.359909 -3.34472
vn -0.416215 0.226579 -0.880584
v -0.653452 -0.346702 -3.33637
vn -0.902836 0.0322664 -0.428773
v -0.652223 -0.332139 -3.33722
vn -0.166751 0.250528 -0.95364
v -0.653452 -0.346702 -3.33637
vn -0.902836 0.0322664 -0.428773
v -0.665543 -0.36039 -3.30964
vn -0.904725 -0.0468497 -0.423413
v -0.654007 -0.304726 -3.32941
vn -0.319355 0.0406725 -0.946762
v -0.665543 -0.36039 -3.30964
vn -0.904725 -0.0468497 -0.423413
v -0.653452 -0.346702 -3.33637
vn -0.902836 0.0322664 -0.428773
v -0.649265 -0.359909 -3.34472
vn -0.416215 0.226579 -0.880584
v -0.649265 -0.359909 -3.34472
vn -0.416215 0.226579 -0.880584
v -0.646292 -0.383278 -3.35074
vn -0.442301 -0.0557506 -0.895132
v -0.665543 -0.36039 -3.30964
vn -0.904725 -0.0468497 -0.423413
v -0.650005 -0.436141 -3.29948
vn -0.441325 -0.751065 -0.491054
v -0.665543 -0.36039 -3.30964
vn -0.904725 -0.0468497 -0.423413
v -0.646292 -0.383278 -3.35074
vn -0.442301 -0.0557506 -0.895132
v -0.665543 -0.36039 -3.30964
vn -0.904725 -0.0468497 -0.423413
v -0.650005 -0.436141 -3.29948
vn -0.441325 -0.751065 -0.491054
v -0.679954 -0.43752 -3.28378
vn -0.51186 -0.656589 -0.553977
v -0.668854 -0.447653 -3.2606
vn 0.0680995 -0.991738 0.108709
v -0.679954 -0.43752 -3.28378
vn -0.51186 -0.656589 -0.553977
v -0.650005 -0.436141 -3.29948
vn -0.441325 -0.751065 -0.491054
v -0.650005 -0.436141 -3.29948
vn -0.441325 -0.751065 -0.491054
v -0.658171 -0.447446 -3.2628
vn -0.19095 -0.96852 0.159709
v -0.668854 -0.447653 -3.2606
vn 0.0680995 -0.991738 0.108709
v -0.66702 -0.424808 -3.24172
vn -0.471328 -0.29541 0.831013
v -0.668854 -0.447653 -3.2606
vn 0.0680995 -0.991738 0.108709
v -0.658171 -0.447446 -3.2628
vn -0.19095 -0.96852 0.159709
v -0.679954 -0.43752 -3.28378
vn -0.51186 -0.656589 -0.553977
v -0.668854 -0.447653 -3.2606
vn 0.0680995 -0.991738 0.108709
v -0.67965 -0.448568 -3.25543
vn -0.483509 -0.754926 0.443064
v -0.67965 -0.448568 -3.25543
vn -0.483509 -0.754926 0.443064
v -0.668854 -0.447653 -3.2606
vn 0.0680995 -0.991738 0.108709
v -0.66702 -0.424808 -3.24172
vn -0.471328 -0.29541 0.831013
v -0.658171 -0.447446 -3.2628
vn -0.19095 -0.96852 0.159709
v -0.652439 -0.438262 -3.22961
vn -0.411359 -0.61613 0.671691
v -0.66702 -0.424808 -3.24172
vn -0.471328 -0.29541 0.831013
v -0.66702 -0.424808 -3.24172
vn -0.471328 -0.29541 0.831013
v -0.679883 -0.425597 -3.25038
vn -0.699794 0.000694486 0.714345
v -0.67965 -0.448568 -3.25543
vn -0.483509 -0.754926 0.443064
v -0.679883 -0.425597 -3.25038
vn -0.699794 0.000694486 0.714345
v -0.690824 -0.434642 -3.26566
vn -0.997274 -0.0366796 0.0640182
v -0.67965 -0.448568 -3.25543
vn -0.483509 -0.754926 0.443064
v -0.67965 -0.448568 -3.25543
vn -0.483509 -0.754926 0.443064
v -0.690824 -0.434642 -3.26566
vn -0.997274 -0.0366796 0.0640182
v -0.679954 -0.43752 -3.28378
vn -0.51186 -0.656589 -0.553977
v -0.690824 -0.434642 -3.26566
vn -0.997274 -0.0366796 0.0640182
v -0.679883 -0.425597 -3.25038
vn -0.699794 0.000694486 0.714345
v -0.669444 -0.371795 -3.25293
vn -0.839586 0.18154 0.511995
v -0.669444 -0.371795 -3.25293
vn -0.839586 0.18154 0.511995
v -0.679883 -0.425597 -3.25038
vn -0.699794 0.000694486 0.714345
v -0.66702 -0.424808 -3.24172
vn -0.471328 -0.29541 0.831013
v -0.665543 -0.36039 -3.30964
vn -0.904725 -0.0468497 -0.423413
v -0.679954 -0.43752 -3.28378
vn -0.51186 -0.656589 -0.553977
v -0.690824 -0.434642 -3.26566
vn -0.997274 -0.0366796 0.0640182
v -0.625685 -0.310751 -3.32044
vn 0.432303 0.140356 -0.890738
v -0.654007 -0.304726 -3.32941
vn -0.319355 0.0406725 -0.946762
v -0.657256 -0.257067 -3.33649
vn -0.0476235 -0.230134 -0.971993
v -0.657256 -0.257067 -3.33649
vn -0.0476235 -0.230134 -0.971993
v -0.631188 -0.258758 -3.32458
vn 0.344667 -0.249442 -0.904977
v -0.625685 -0.310751 -3.32044
vn 0.432303 0.140356 -0.890738
v -0.657256 -0.257067 -3.33649
vn -0.0476235 -0.230134 -0.971993
v -0.654007 -0.304726 -3.32941
vn -0.319355 0.0406725 -0.946762
v -0.675113 -0.260533 -3.32519
vn -0.779939 -0.281556 -0.558946
v -0.675113 -0.260533 -3.32519
vn -0.779939 -0.281556 -0.558946
v -0.654007 -0.304726 -3.32941
vn -0.319355 0.0406725 -0.946762
v -0.665543 -0.36039 -3.30964
vn -0.904725 -0.0468497 -0.423413
v -0.631188 -0.258758 -3.32458
vn 0.344667 -0.249442 -0.904977
v -0.657256 -0.257067 -3.33649
vn -0.0476235 -0.230134 -0.971993
v -0.668403 -0.22045 -3.34765
vn -0.0639423 -0.39234 -0.917595
v -0.668403 -0.22045 -3.34765
vn -0.0639423 -0.39234 -0.917595
v -0.632359 -0.218101 -3.34674
vn 0.209837 -0.38556 -0.898505
v -0.631188 -0.258758 -3.32458
vn 0.344667 -0.249442 -0.904977
v -0.675101 -0.1858 -3.3633
vn -0.301591 -0.153034 -0.941076
v -0.632359 -0.218101 -3.34674
vn 0.209837 -0.38556 -0.898505
v -0.668403 -0.22045 -3.34765
vn -0.0639423 -0.39234 -0.917595
v -0.632359 -0.218101 -3.34674
vn 0.209837 -0.38556 -0.898505
v -0.675101 -0.1858 -3.3633
vn -0.301591 -0.153034 -0.941076
v -0.641999 -0.148624 -3.36598
vn -0.193828 -0.402788 -0.894535
v -0.669444 -0.371795 -3.25293
vn -0.839586 0.18154 0.511995
v -0.679304 -0.39135 -3.27492
vn -0.976975 0.212468 0.0194029
v -0.690824 -0.434642 -3.26566
vn -0.997274 -0.0366796 0.0640182
v -0.690824 -0.434642 -3.26566
vn -0.997274 -0.0366796 0.0640182
v -0.679304 -0.39135 -3.27492
vn -0.976975 0.212468 0.0194029
v -0.665543 -0.36039 -3.30964
vn -0.904725 -0.0468497 -0.423413
v -0.679304 -0.39135 -3.27492
vn -0.976975 0.212468 0.0194029
v -0.669444 -0.371795 -3.25293
vn -0.839586 0.18154 0.511995
v -0.67026 -0.340182 -3.2693
vn -0.97318 0.0490141 0.224764
v -0.67026 -0.340182 -3.2693
vn -0.97318 0.0490141 0.224764
v -0.665543 -0.36039 -3.30964
vn -0.904725 -0.0468497 -0.423413
v -0.679304 -0.39135 -3.27492
vn -0.976975 0.212468 0.0194029
v -0.641999 -0.148624 -3.36598
vn -0.193828 -0.402788 -0.894535
v -0.675101 -0.1858 -3.3633
vn -0.301591 -0.153034 -0.941076
v -0.700237 -0.157 -3.33671
vn -0.781525 0.0211727 -0.623515
v -0.700237 -0.157 -3.33671
vn -0.781525 0.0211727 -0.623515
v -0.708082 -0.11688 -3.36559
vn -0.679855 -0.626569 -0.381063
v -0.641999 -0.148624 -3.36598
vn -0.193828 -0.402788 -0.894535
v -0.708082 -0.11688 -3.36559
vn -0.679855 -0.626569 -0.381063
v -0.700237 -0.157 -3.33671
vn -0.781525 0.0211727 -0.623515
v -0.705726 -0.149432 -3.27733
vn -0.936606 -0.183772 0.298322
v -0.705726 -0.149432 -3.27733
vn -0.936606 -0.183772 0.298322
v -0.736067 -0.0900022 -3.28087
vn -0.784974 -0.455882 0.419508
v -0.708082 -0.11688 -3.36559
vn -0.679855 -0.626569 -0.381063
v -0.705726 -0.149432 -3.27733
vn -0.936606 -0.183772 0.298322
v -0.700237 -0.157 -3.33671
vn -0.781525 0.0211727 -0.623515
v -0.708371 -0.187085 -3.34208
vn -0.918878 -0.0608352 -0.389823
v -0.700237 -0.157 -3.33671
vn -0.781525 0.0211727 -0.623515
v -0.675101 -0.1858 -3.3633
vn -0.301591 -0.153034 -0.941076
v -0.708371 -0.187085 -3.34208
vn -0.918878 -0.0608352 -0.389823
v -0.708371 -0.187085 -3.34208
vn -0.918878 -0.0608352 -0.389823
v -0.704901 -0.193167 -3.28603
vn -0.911293 -0.260961 0.318504
v -0.705726 -0.149432 -3.27733
vn -0.936606 -0.183772 0.298322
v -0.704901 -0.193167 -3.28603
vn -0.911293 -0.260961 0.318504
v -0.708371 -0.187085 -3.34208
vn -0.918878 -0.0608352 -0.389823
v -0.692707 -0.221709 -3.33504
vn -0.718402 -0.437229 -0.541045
v -0.692707 -0.221709 -3.33504
vn -0.718402 -0.437229 -0.541045
v -0.708371 -0.187085 -3.34208
vn -0.918878 -0.0608352 -0.389823
v -0.675101 -0.1858 -3.3633
vn -0.301591 -0.153034 -0.941076
v -0.675101 -0.1858 -3.3633
vn -0.301591 -0.153034 -0.941076
v -0.668403 -0.22045 -3.34765
vn -0.0639423 -0.39234 -0.917595
v -0.692707 -0.221709 -3.33504
vn -0.718402 -0.437229 -0.541045
v -0.692707 -0.221709 -3.33504
vn -0.718402 -0.437229 -0.541045
v -0.668403 -0.22045 -3.34765
vn -0.0639423 -0.39234 -0.917595
v -0.657256 -0.257067 -3.33649
vn -0.0476235 -0.230134 -0.971993
v -0.657256 -0.257067 -3.33649
vn -0.0476235 -0.230134 -0.971993
v -0.675113 -0.260533 -3.32519
vn -0.779939 -0.281556 -0.558946
v -0.692707 -0.221709 -3.33504
vn -0.718402 -0.437229 -0.541045
v -0.69304 -0.230835 -3.29101
vn -0.900963 -0.31366 0.299805
v -0.692707 -0.221709 -3.33504
vn -0.718402 -0.437229 -0.541045
v -0.675113 -0.260533 -3.32519
vn -0.779939 -0.281556 -0.558946
v -0.692707 -0.221709 -3.33504
vn -0.718402 -0.437229 -0.541045
v -0.69304 -0.230835 -3.29101
vn -0.900963 -0.31366 0.299805
v -0.704901 -0.193167 -3.28603
vn -0.911293 -0.260961 0.318504
v -0.675113 -0.260533 -3.32519
vn -0.779939 -0.281556 -0.558946
v -0.679567 -0.277245 -3.29527
vn -0.984821 -0.0949069 0.145331
v -0.69304 -0.230835 -3.29101
vn -0.900963 -0.31366 0.299805
v -0.665543 -0.36039 -3.30964
vn -0.904725 -0.0468497 -0.423413
v -0.679567 -0.277245 -3.29527
vn -0.984821 -0.0949069 0.145331
v -0.675113 -0.260533 -3.32519
vn -0.779939 -0.281556 -0.558946
v -0.679567 -0.277245 -3.29527
vn -0.984821 -0.0949069 0.145331
v -0.665543 -0.36039 -3.30964
vn -0.904725 -0.0468497 -0.423413
v -0.67026 -0.340182 -3.2693
vn -0.97318 0.0490141 0.224764
v -0.69304 -0.230835 -3.29101
vn -0.900963 -0.31366 0.299805
v -0.679567 -0.277245 -3.29527
vn -0.984821 -0.0949069 0.145331
v -0.651585 -0.251328 -3.25406
vn -0.301406 -0.0942828 0.948823
v -0.679567 -0.277245 -3.29527
vn -0.984821 -0.0949069 0.145331
v -0.668793 -0.293427 -3.25949
vn -0.602937 0.0899112 0.792706
v -0.651585 -0.251328 -3.25406
vn -0.301406 -0.0942828 0.948823
v -0.69304 -0.230835 -3.29101
vn -0.900963 -0.31366 0.299805
v -0.651585 -0.251328 -3.25406
vn -0.301406 -0.0942828 0.948823
v -0.644394 -0.212773 -3.23831
vn -0.190914 -0.438635 0.878152
v -0.644394 -0.212773 -3.23831
vn -0.190914 -0.438635 0.878152
v -0.704901 -0.193167 -3.28603
vn -0.911293 -0.260961 0.318504
v -0.69304 -0.230835 -3.29101
vn -0.900963 -0.31366 0.299805
v -0.67026 -0.340182 -3.2693
vn -0.97318 0.0490141 0.224764
v -0.668793 -0.293427 -3.25949
vn -0.602937 0.0899112 0.792706
v -0.679567 -0.277245 -3.29527
vn -0.984821 -0.0949069 0.145331
v -0.705726 -0.149432 -3.27733
vn -0.936606 -0.183772 0.298322
v -0.704901 -0.193167 -3.28603
vn -0.911293 -0.260961 0.318504
v -0.644394 -0.212773 -3.23831
vn -0.190914 -0.438635 0.878152
v -0.659015 -0.339155 -3.249
vn -0.508068 0.185469 0.841111
v -0.668793 -0.293427 -3.25949
vn -0.602937 0.0899112 0.792706
v -0.67026 -0.340182 -3.2693
vn -0.97318 0.0490141 0.224764
v -0.67026 -0.340182 -3.2693
vn -0.97318 0.0490141 0.224764
v -0.669444 -0.371795 -3.25293
vn -0.839586 0.18154 0.511995
v -0.659015 -0.339155 -3.249
vn -0.508068 0.185469 0.841111
v -0.668793 -0.293427 -3.25949
vn -0.602937 0.0899112 0.792706
v -0.659015 -0.339155 -3.249
vn -0.508068 0.185469 0.841111
v -0.625194 -0.344693 -3.24563
vn 0.347009 0.279218 0.895334
v -0.625194 -0.344693 -3.24563
vn 0.347009 0.279218 0.895334
v -0.640755 -0.291975 -3.25444
vn 0.417838 0.159098 0.894482
v -0.668793 -0.293427 -3.25949
vn -0.602937 0.0899112 0.792706
v -0.668793 -0.293427 -3.25949
vn -0.602937 0.0899112 0.792706
v -0.640755 -0.291975 -3.25444
vn 0.417838 0.159098 0.894482
v -0.651585 -0.251328 -3.25406
vn -0.301406 -0.0942828 0.948823
v -0.640755 -0.291975 -3.25444
vn 0.417838 0.159098 0.894482
v -0.625194 -0.344693 -3.24563
vn 0.347009 0.279218 0.895334
v -0.60149 -0.355908 -3.27043
vn 0.897636 0.210414 0.387267
v -0.60149 -0.355908 -3.27043
vn 0.897636 0.210414 0.387267
v -0.60958 -0.2972 -3.27889
vn 0.864263 0.16801 0.474154
v -0.640755 -0.291975 -3.25444
vn 0.417838 0.159098 0.894482
v -0.640755 -0.291975 -3.25444
vn 0.417838 0.159098 0.894482
v -0.60958 -0.2972 -3.27889
vn 0.864263 0.16801 0.474154
v -0.614563 -0.260136 -3.28145
vn 0.846755 -0.150238 0.510327
v -0.614563 -0.260136 -3.28145
vn 0.846755 -0.150238 0.510327
v -0.651585 -0.251328 -3.25406
vn -0.301406 -0.0942828 0.948823
v -0.640755 -0.291975 -3.25444
vn 0.417838 0.159098 0.894482
v -0.644394 -0.212773 -3.23831
vn -0.190914 -0.438635 0.878152
v -0.651585 -0.251328 -3.25406
vn -0.301406 -0.0942828 0.948823
v -0.614563 -0.260136 -3.28145
vn 0.846755 -0.150238 0.510327
v -0.644394 -0.212773 -3.23831
vn -0.190914 -0.438635 0.878152
v -0.631824 -0.163202 -3.20949
vn -0.303803 -0.470504 0.82845
v -0.705726 -0.149432 -3.27733
vn -0.936606 -0.183772 0.298322
v -0.736067 -0.0900022 -3.28087
vn -0.784974 -0.455882 0.419508
v -0.705726 -0.149432 -3.27733
vn -0.936606 -0.183772 0.298322
v -0.631824 -0.163202 -3.20949
vn -0.303803 -0.470504 0.82845
v -0.56486 -0.174462 -3.23201
vn 0.535 -0.662129 0.524749
v -0.631824 -0.163202 -3.20949
vn -0.303803 -0.470504 0.82845
v -0.644394 -0.212773 -3.23831
vn -0.190914 -0.438635 0.878152
v -0.644394 -0.212773 -3.23831
vn -0.190914 -0.438635 0.878152
v -0.591036 -0.222099 -3.2731
vn 0.662449 -0.659355 0.355546
v -0.56486 -0.174462 -3.23201
vn 0.535 -0.662129 0.524749
v -0.614563 -0.260136 -3.28145
vn 0.846755 -0.150238 0.510327
v -0.591036 -0.222099 -3.2731
vn 0.662449 -0.659355 0.355546
v -0.644394 -0.212773 -3.23831
vn -0.190914 -0.438635 0.878152
v -0.56486 -0.174462 -3.23201
vn 0.535 -0.662129 0.524749
v -0.591036 -0.222099 -3.2731
vn 0.662449 -0.659355 0.355546
v -0.557231 -0.191354 -3.30459
vn 0.781048 -0.592568 -0.197044
v -0.557231 -0.191354 -3.30459
vn 0.781048 -0.592568 -0.197044
v -0.542942 -0.168766 -3.29238
vn 0.404929 -0.907134 0.114634
v -0.56486 -0.174462 -3.23201
vn 0.535 -0.662129 0.524749
v -0.542622 -0.125248 -3.19344
vn 0.19099 -0.75725 0.624576
v -0.56486 -0.174462 -3.23201
vn 0.535 -0.662129 0.524749
v -0.542942 -0.168766 -3.29238
vn 0.404929 -0.907134 0.114634
v -0.631824 -0.163202 -3.20949
vn -0.303803 -0.470504 0.82845
v -0.56486 -0.174462 -3.23201
vn 0.535 -0.662129 0.524749
v -0.542622 -0.125248 -3.19344
vn 0.19099 -0.75725 0.624576
v -0.542622 -0.125248 -3.19344
vn 0.19099 -0.75725 0.624576
v -0.624574 -0.0998066 -3.17237
vn -0.368428 -0.518449 0.771668
v -0.631824 -0.163202 -3.20949
vn -0.303803 -0.470504 0.82845
v -0.624574 -0.0998066 -3.17237
vn -0.368428 -0.518449 0.771668
v -0.542622 -0.125248 -3.19344
vn 0.19099 -0.75725 0.624576
v -0.541936 -0.0547428 -3.11003
vn -0.160752 -0.616881 0.770465
v -0.631824 -0.163202 -3.20949
vn -0.303803 -0.470504 0.82845
v -0.624574 -0.0998066 -3.17237
vn -0.368428 -0.518449 0.771668
v -0.736067 -0.0900022 -3.28087
vn -0.784974 -0.455882 0.419508
v -0.598939 -0.230935 -3.32326
vn 0.706416 -0.521389 -0.478676
v -0.591036 -0.222099 -3.2731
vn 0.662449 -0.659355 0.355546
v -0.614563 -0.260136 -3.28145
vn 0.846755 -0.150238 0.510327
v -0.614563 -0.260136 -3.28145
vn 0.846755 -0.150238 0.510327
v -0.608297 -0.263532 -3.31411
vn 0.799375 -0.137132 -0.584974
v -0.598939 -0.230935 -3.32326
vn 0.706416 -0.521389 -0.478676
v -0.605138 -0.301268 -3.31032
vn 0.960108 0.117315 -0.25383
v -0.608297 -0.263532 -3.31411
vn 0.799375 -0.137132 -0.584974
v -0.614563 -0.260136 -3.28145
vn 0.846755 -0.150238 0.510327
v -0.614563 -0.260136 -3.28145
vn 0.846755 -0.150238 0.510327
v -0.60958 -0.2972 -3.27889
vn 0.864263 0.16801 0.474154
v -0.605138 -0.301268 -3.31032
vn 0.960108 0.117315 -0.25383
v -0.605138 -0.301268 -3.31032
vn 0.960108 0.117315 -0.25383
v -0.60958 -0.2972 -3.27889
vn 0.864263 0.16801 0.474154
v -0.60149 -0.355908 -3.27043
vn 0.897636 0.210414 0.387267
v -0.60149 -0.355908 -3.27043
vn 0.897636 0.210414 0.387267
v -0.598586 -0.343554 -3.31183
vn 0.91198 0.239763 -0.332876
v -0.605138 -0.301268 -3.31032
vn 0.960108 0.117315 -0.25383
v -0.588271 -0.396561 -3.28014
vn 0.864109 0.315081 0.39248
v -0.594821 -0.378228 -3.31667
vn 0.898758 0.184018 -0.397958
v -0.598586 -0.343554 -3.31183
vn 0.91198 0.239763 -0.332876
v -0.598586 -0.343554 -3.31183
vn 0.91198 0.239763 -0.332876
v -0.60149 -0.355908 -3.27043
vn 0.897636 0.210414 0.387267
v -0.588271 -0.396561 -3.28014
vn 0.864109 0.315081 0.39248
v -0.594521 -0.442187 -3.26602
vn 0.66431 -0.655038 0.360024
v -0.588271 -0.396561 -3.28014
vn 0.864109 0.315081 0.39248
v -0.60149 -0.355908 -3.27043
vn 0.897636 0.210414 0.387267
v -0.564887 -0.447006 -3.27311
vn 0.795384 -0.0680822 0.60227
v -0.571016 -0.440099 -3.2925
vn 0.703806 -0.693263 -0.15506
v -0.588271 -0.396561 -3.28014
vn 0.864109 0.315081 0.39248
v -0.588271 -0.396561 -3.28014
vn 0.864109 0.315081 0.39248
v -0.578355 -0.437311 -3.26939
vn 0.13685 -0.500121 0.855073
v -0.564887 -0.447006 -3.27311
vn 0.795384 -0.0680822 0.60227
v -0.588271 -0.396561 -3.28014
vn 0.864109 0.315081 0.39248
v -0.594521 -0.442187 -3.26602
vn 0.66431 -0.655038 0.360024
v -0.578355 -0.437311 -3.26939
vn 0.13685 -0.500121 0.855073
v -0.598271 -0.39861 -3.24981
vn 0.859914 0.31242 0.40366
v -0.60149 -0.355908 -3.27043
vn 0.897636 0.210414 0.387267
v -0.625194 -0.344693 -3.24563
vn 0.347009 0.279218 0.895334
v -0.585832 -0.447768 -3.24618
vn 0.810021 -0.583855 0.054577
v -0.594521 -0.442187 -3.26602
vn 0.66431 -0.655038 0.360024
v -0.598271 -0.39861 -3.24981
vn 0.859914 0.31242 0.40366
v -0.598271 -0.39861 -3.24981
vn 0.859914 0.31242 0.40366
v -0.587922 -0.437073 -3.23068
vn 0.741406 -0.0255773 0.670569
v -0.585832 -0.447768 -3.24618
vn 0.810021 -0.583855 0.054577
v -0.611969 -0.43807 -3.22169
vn 0.129891 -0.494172 0.859606
v -0.587922 -0.437073 -3.23068
vn 0.741406 -0.0255773 0.670569
v -0.598271 -0.39861 -3.24981
vn 0.859914 0.31242 0.40366
v -0.625194 -0.344693 -3.24563
vn 0.347009 0.279218 0.895334
v -0.620601 -0.384175 -3.23503
vn 0.224569 0.267774 0.936945
v -0.598271 -0.39861 -3.24981
vn 0.859914 0.31242 0.40366
v -0.598271 -0.39861 -3.24981
vn 0.859914 0.31242 0.40366
v -0.620601 -0.384175 -3.23503
vn 0.224569 0.267774 0.936945
v -0.611969 -0.43807 -3.22169
vn 0.129891 -0.494172 0.859606
v -0.620601 -0.384175 -3.23503
vn 0.224569 0.267774 0.936945
v -0.625194 -0.344693 -3.24563
vn 0.347009 0.279218 0.895334
v -0.659015 -0.339155 -3.249
vn -0.508068 0.185469 0.841111
v -0.611969 -0.43807 -3.22169
vn 0.129891 -0.494172 0.859606
v -0.620601 -0.384175 -3.23503
vn 0.224569 0.267774 0.936945
v -0.660717 -0.378206 -3.24056
vn -0.452918 0.16179 0.876749
v -0.659015 -0.339155 -3.249
vn -0.508068 0.185469 0.841111
v -0.660717 -0.378206 -3.24056
vn -0.452918 0.16179 0.876749
v -0.620601 -0.384175 -3.23503
vn 0.224569 0.267774 0.936945
v -0.669444 -0.371795 -3.25293
vn -0.839586 0.18154 0.511995
v -0.660717 -0.378206 -3.24056
vn -0.452918 0.16179 0.876749
v -0.659015 -0.339155 -3.249
vn -0.508068 0.185469 0.841111
v -0.66702 -0.424808 -3.24172
vn -0.471328 -0.29541 0.831013
v -0.660717 -0.378206 -3.24056
vn -0.452918 0.16179 0.876749
v -0.669444 -0.371795 -3.25293
vn -0.839586 0.18154 0.511995
v -0.66702 -0.424808 -3.24172
vn -0.471328 -0.29541 0.831013
v -0.652439 -0.438262 -3.22961
vn -0.411359 -0.61613 0.671691
v -0.660717 -0.378206 -3.24056
vn -0.452918 0.16179 0.876749
v -0.660717 -0.378206 -3.24056
vn -0.452918 0.16179 0.876749
v -0.652439 -0.438262 -3.22961
vn -0.411359 -0.61613 0.671691
v -0.611969 -0.43807 -3.22169
vn 0.129891 -0.494172 0.859606
v 0.668856 0.13511 -2.43711
vn -0.106936 0.598945 0.793618
v 0.699464 0.123631 -2.41765
vn -0.319725 0.627195 0.710212
v 0.720827 0.145662 -2.43236
vn -0.0305834 0.904298 0.425806
v 0.699464 0.123631 -2.41765
vn -0.319725 0.627195 0.710212
v 0.668856 0.13511 -2.43711
vn -0.106936 0.598945 0.793618
v 0.649142 0.1029 -2.42152
vn -0.139393 0.407124 0.902673
v 0.720827 0.145662 -2.43236
vn -0.0305834 0.904298 0.425806
v 0.691262 0.154762 -2.45284
vn 0.0856196 0.880391 0.466455
v 0.668856 0.13511 -2.43711
vn -0.106936 0.598945 0.793618
v 0.621388 0.119418 -2.42745
vn 0.0953722 0.41741 0.9037
v 0.649142 0.1029 -2.42152
vn -0.139393 0.407124 0.902673
v 0.668856 0.13511 -2.43711
vn -0.106936 0.598945 0.793618
v 0.6298 0.148498 -2.44602
vn 0.130214 0.510761 0.849804
v 0.668856 0.13511 -2.43711
vn -0.106936 0.598945 0.793618
v 0.691262 0.154762 -2.45284
vn 0.0856196 0.880391 0.466455
v 0.668856 0.13511 -2.43711
vn -0.106936 0.598945 0.793618
v 0.6298 0.148498 -2.44602
vn 0.130214 0.510761 0.849804
v 0.621388 0.119418 -2.42745
vn 0.0953722 0.41741 0.9037
v 0.691262 0.154762 -2.45284
vn 0.0856196 0.880391 0.466455
v 0.658458 0.164506 -2.46265
vn 0.335882 0.759791 0.556687
v 0.6298 0.148498 -2.44602
vn 0.130214 0.510761 0.849804
v 0.702516 0.164625 -2.52172
vn 0.579359 0.805224 0.12632
v 0.658458 0.164506 -2.46265
vn 0.335882 0.759791 0.556687
v 0.691262 0.154762 -2.45284
vn 0.0856196 0.880391 0.466455
v 0.658458 0.164506 -2.46265
vn 0.335882 0.759791 0.556687
v 0.702516 0.164625 -2.52172
vn 0.579359 0.805224 0.12632
v 0.685586 0.183468 -2.53422
vn 0.673766 0.675738 0.299028
v 0.695775 0.179133 -2.56043
vn 0.837061 0.543359 0.0639538
v 0.685586 0.183468 -2.53422
vn 0.673766 0.675738 0.299028
v 0.702516 0.164625 -2.52172
vn 0.579359 0.805224 0.12632
v 0.685586 0.183468 -2.53422
vn 0.673766 0.675738 0.299028
v 0.641596 0.183386 -2.47523
vn 0.494433 0.651375 0.57554
v 0.658458 0.164506 -2.46265
vn 0.335882 0.759791 0.556687
v 0.61939 0.178926 -2.458
vn 0.298919 0.541524 0.785748
v 0.658458 0.164506 -2.46265
vn 0.335882 0.759791 0.556687
v 0.641596 0.183386 -2.47523
vn 0.494433 0.651375 0.57554
v 0.641596 0.183386 -2.47523
vn 0.494433 0.651375 0.57554
v 0.685586 0.183468 -2.53422
vn 0.673766 0.675738 0.299028
v 0.673121 0.207297 -2.54822
vn 0.78203 0.518714 0.345492
v 0.686282 0.196401 -2.58192
vn 0.854359 0.490068 0.172926
v 0.673121 0.207297 -2.54822
vn 0.78203 0.518714 0.345492
v 0.685586 0.183468 -2.53422
vn 0.673766 0.675738 0.299028
v 0.685586 0.183468 -2.53422
vn 0.673766 0.675738 0.299028
v 0.695775 0.179133 -2.56043
vn 0.837061 0.543359 0.0639538
v 0.686282 0.196401 -2.58192
vn 0.854359 0.490068 0.172926
v 0.673121 0.207297 -2.54822
vn 0.78203 0.518714 0.345492
v 0.686282 0.196401 -2.58192
vn 0.854359 0.490068 0.172926
v 0.676903 0.223506 -2.59846
vn 0.895327 0.402067 0.191655
v 0.699439 0.19419 -2.62714
vn 0.948912 0.269777 -0.163666
v 0.676903 0.223506 -2.59846
vn 0.895327 0.402067 0.191655
v 0.686282 0.196401 -2.58192
vn 0.854359 0.490068 0.172926
v 0.6298 0.148498 -2.44602
vn 0.130214 0.510761 0.849804
v 0.658458 0.164506 -2.46265
vn 0.335882 0.759791 0.556687
v 0.61939 0.178926 -2.458
vn 0.298919 0.541524 0.785748
v 0.61939 0.178926 -2.458
vn 0.298919 0.541524 0.785748
v 0.601606 0.167689 -2.44719
vn 0.305253 0.351076 0.885192
v 0.6298 0.148498 -2.44602
vn 0.130214 0.510761 0.849804
v 0.6298 0.148498 -2.44602
vn 0.130214 0.510761 0.849804
v 0.601606 0.167689 -2.44719
vn 0.305253 0.351076 0.885192
v 0.587904 0.154675 -2.44044
vn 0.177327 0.313445 0.932902
v 0.621388 0.119418 -2.42745
vn 0.0953722 0.41741 0.9037
v 0.6298 0.148498 -2.44602
vn 0.130214 0.510761 0.849804
v 0.587904 0.154675 -2.44044
vn 0.177327 0.313445 0.932902
v 0.587904 0.154675 -2.44044
vn 0.177327 0.313445 0.932902
v 0.589137 0.132495 -2.42794
vn 0.161724 0.408412 0.898357
v 0.621388 0.119418 -2.42745
vn 0.0953722 0.41741 0.9037
v 0.587904 0.154675 -2.44044
vn 0.177327 0.313445 0.932902
v 0.556307 0.152622 -2.43082
vn 0.0274045 0.646201 0.762675
v 0.589137 0.132495 -2.42794
vn 0.161724 0.408412 0.898357
v 0.56319 0.1527 -2.45318
vn -0.305894 0.779218 0.547035
v 0.556307 0.152622 -2.43082
vn 0.0274045 0.646201 0.762675
v 0.587904 0.154675 -2.44044
vn 0.177327 0.313445 0.932902
v 0.518889 0.15881 -2.43857
vn 0.0896128 0.599398 0.795419
v 0.556307 0.152622 -2.43082
vn 0.0274045 0.646201 0.762675
v 0.56319 0.1527 -2.45318
vn -0.305894 0.779218 0.547035
v 0.518889 0.15881 -2.43857
vn 0.0896128 0.599398 0.795419
v 0.518145 0.162099 -2.44204
vn 0.303698 0.0314763 0.952248
v 0.484936 0.23091 -2.4557
vn -0.0423792 0.126996 0.990998
v 0.538394 0.252148 -2.4605
vn 0.168197 0.256519 0.951792
v 0.484936 0.23091 -2.4557
vn -0.0423792 0.126996 0.990998
v 0.518145 0.162099 -2.44204
vn 0.303698 0.0314763 0.952248
v 0.518889 0.15881 -2.43857
vn 0.0896128 0.599398 0.795419
v 0.539025 0.15778 -2.45909
vn 0.377079 0.566695 0.732576
v 0.518145 0.162099 -2.44204
vn 0.303698 0.0314763 0.952248
v 0.56319 0.1527 -2.45318
vn -0.305894 0.779218 0.547035
v 0.539025 0.15778 -2.45909
vn 0.377079 0.566695 0.732576
v 0.518889 0.15881 -2.43857
vn 0.0896128 0.599398 0.795419
v 0.555098 0.165419 -2.4631
vn -0.165064 -0.794959 0.583775
v 0.539025 0.15778 -2.45909
vn 0.377079 0.566695 0.732576
v 0.56319 0.1527 -2.45318
vn -0.305894 0.779218 0.547035
v 0.56319 0.1527 -2.45318
vn -0.305894 0.779218 0.547035
v 0.559919 0.163564 -2.43451
vn -0.285367 -0.50193 0.816475
v 0.555098 0.165419 -2.4631
vn -0.165064 -0.794959 0.583775
v 0.587904 0.154675 -2.44044
vn 0.177327 0.313445 0.932902
v 0.559919 0.163564 -2.43451
vn -0.285367 -0.50193 0.816475
v 0.56319 0.1527 -2.45318
vn -0.305894 0.779218 0.547035
v 0.578621 0.175434 -2.43814
vn 0.275556 0.222115 0.935272
v 0.559919 0.163564 -2.43451
vn -0.285367 -0.50193 0.816475
v 0.587904 0.154675 -2.44044
vn 0.177327 0.313445 0.932902
v 0.587904 0.154675 -2.44044
vn 0.177327 0.313445 0.932902
v 0.601606 0.167689 -2.44719
vn 0.305253 0.351076 0.885192
v 0.578621 0.175434 -2.43814
vn 0.275556 0.222115 0.935272
v 0.578621 0.175434 -2.43814
vn 0.275556 0.222115 0.935272
v 0.551297 0.165594 -2.43552
vn -0.0506267 0.0517541 0.997376
v 0.559919 0.163564 -2.43451
vn -0.285367 -0.50193 0.816475
v 0.551297 0.165594 -2.43552
vn -0.0506267 0.0517541 0.997376
v 0.578621 0.175434 -2.43814
vn 0.275556 0.222115 0.935272
v 0.556459 0.193802 -2.43543
vn 0.113211 0.267511 0.956881
v 0.556459 0.193802 -2.43543
vn 0.113211 0.267511 0.956881
v 0.539855 0.167357 -2.43699
vn -0.137899 -0.531075 0.836028
v 0.551297 0.165594 -2.43552
vn -0.0506267 0.0517541 0.997376
v 0.555098 0.165419 -2.4631
vn -0.165064 -0.794959 0.583775
v 0.539855 0.167357 -2.43699
vn -0.137899 -0.531075 0.836028
v 0.518145 0.162099 -2.44204
vn 0.303698 0.0314763 0.952248
v 0.518145 0.162099 -2.44204
vn 0.303698 0.0314763 0.952248
v 0.539855 0.167357 -2.43699
vn -0.137899 -0.531075 0.836028
v 0.556459 0.193802 -2.43543
vn 0.113211 0.267511 0.956881
v 0.538394 0.252148 -2.4605
vn 0.168197 0.256519 0.951792
v 0.518145 0.162099 -2.44204
vn 0.303698 0.0314763 0.952248
v 0.556459 0.193802 -2.43543
vn 0.113211 0.267511 0.956881
v 0.601606 0.167689 -2.44719
vn 0.305253 0.351076 0.885192
v 0.61939 0.178926 -2.458
vn 0.298919 0.541524 0.785748
v 0.596045 0.196156 -2.46093
vn 0.407917 0.487975 0.771676
v 0.596045 0.196156 -2.46093
vn 0.407917 0.487975 0.771676
v 0.578621 0.175434 -2.43814
vn 0.275556 0.222115 0.935272
v 0.601606 0.167689 -2.44719
vn 0.305253 0.351076 0.885192
v 0.596045 0.196156 -2.46093
vn 0.407917 0.487975 0.771676
v 0.61939 0.178926 -2.458
vn 0.298919 0.541524 0.785748
v 0.641596 0.183386 -2.47523
vn 0.494433 0.651375 0.57554
v 0.556459 0.193802 -2.43543
vn 0.113211 0.267511 0.956881
v 0.578621 0.175434 -2.43814
vn 0.275556 0.222115 0.935272
v 0.596045 0.196156 -2.46093
vn 0.407917 0.487975 0.771676
v 0.641596 0.183386 -2.47523
vn 0.494433 0.651375 0.57554
v 0.624393 0.207202 -2.48288
vn 0.564019 0.492993 0.662451
v 0.596045 0.196156 -2.46093
vn 0.407917 0.487975 0.771676
v 0.673121 0.207297 -2.54822
vn 0.78203 0.518714 0.345492
v 0.624393 0.207202 -2.48288
vn 0.564019 0.492993 0.662451
v 0.641596 0.183386 -2.47523
vn 0.494433 0.651375 0.57554
v 0.624393 0.207202 -2.48288
vn 0.564019 0.492993 0.662451
v 0.673121 0.207297 -2.54822
vn 0.78203 0.518714 0.345492
v 0.661035 0.243718 -2.56507
vn 0.783741 0.451198 0.426815
v 0.676903 0.223506 -2.59846
vn 0.895327 0.402067 0.191655
v 0.661035 0.243718 -2.56507
vn 0.783741 0.451198 0.426815
v 0.673121 0.207297 -2.54822
vn 0.78203 0.518714 0.345492
v 0.661035 0.243718 -2.56507
vn 0.783741 0.451198 0.426815
v 0.604487 0.243601 -2.48918
vn 0.590344 0.42973 0.683246
v 0.624393 0.207202 -2.48288
vn 0.564019 0.492993 0.662451
v 0.564211 0.302171 -2.49015
vn 0.744943 0.321013 0.584817
v 0.604487 0.243601 -2.48918
vn 0.590344 0.42973 0.683246
v 0.661035 0.243718 -2.56507
vn 0.783741 0.451198 0.426815
v 0.624393 0.207202 -2.48288
vn 0.564019 0.492993 0.662451
v 0.604487 0.243601 -2.48918
vn 0.590344 0.42973 0.683246
v 0.577462 0.223236 -2.46513
vn 0.435968 0.398843 0.806757
v 0.577462 0.223236 -2.46513
vn 0.435968 0.398843 0.806757
v 0.604487 0.243601 -2.48918
vn 0.590344 0.42973 0.683246
v 0.564211 0.302171 -2.49015
vn 0.744943 0.321013 0.584817
v 0.577462 0.223236 -2.46513
vn 0.435968 0.398843 0.806757
v 0.596045 0.196156 -2.46093
vn 0.407917 0.487975 0.771676
v 0.624393 0.207202 -2.48288
vn 0.564019 0.492993 0.662451
v 0.596045 0.196156 -2.46093
vn 0.407917 0.487975 0.771676
v 0.577462 0.223236 -2.46513
vn 0.435968 0.398843 0.806757
v 0.556459 0.193802 -2.43543
vn 0.113211 0.267511 0.956881
v 0.538394 0.252148 -2.4605
vn 0.168197 0.256519 0.951792
v 0.556459 0.193802 -2.43543
vn 0.113211 0.267511 0.956881
v 0.577462 0.223236 -2.46513
vn 0.435968 0.398843 0.806757
v 0.564211 0.302171 -2.49015
vn 0.744943 0.321013 0.584817
v 0.538394 0.252148 -2.4605
vn 0.168197 0.256519 0.951792
v 0.577462 0.223236 -2.46513
vn 0.435968 0.398843 0.806757
v 0.661035 0.243718 -2.56507
vn 0.783741 0.451198 0.426815
v 0.64874 0.302362 -2.60349
vn 0.760128 0.360495 0.5406
v 0.564211 0.302171 -2.49015
vn 0.744943 0.321013 0.584817
v 0.64874 0.302362 -2.60349
vn 0.760128 0.360495 0.5406
v 0.661035 0.243718 -2.56507
vn 0.783741 0.451198 0.426815
v 0.676903 0.223506 -2.59846
vn 0.895327 0.402067 0.191655
v 0.530292 0.348459 -2.52962
vn 0.280058 0.959983 -7.58097e-05
v 0.564211 0.302171 -2.49015
vn 0.744943 0.321013 0.584817
v 0.64874 0.302362 -2.60349
vn 0.760128 0.360495 0.5406
v 0.64874 0.302362 -2.60349
vn 0.760128 0.360495 0.5406
v 0.601398 0.348652 -2.62496
vn -0.0100978 0.959995 0.279836
v 0.530292 0.348459 -2.52962
vn 0.280058 0.959983 -7.58097e-05
v 0.530292 0.348459 -2.52962
vn 0.280058 0.959983 -7.58097e-05
v 0.601398 0.348652 -2.62496
vn -0.0100978 0.959995 0.279836
v 0.521258 0.354155 -2.66382
vn 0.148518 0.988713 0.0197158
v 0.521258 0.354155 -2.66382
vn 0.148518 0.988713 0.0197158
v 0.601398 0.348652 -2.62496
vn -0.0100978 0.959995 0.279836
v 0.594697 0.347759 -2.67812
vn 0.0097078 0.937209 -0.348632
v 0.470184 0.354017 -2.59534
vn 0.0946439 0.981606 0.165807
v 0.521258 0.354155 -2.66382
vn 0.148518 0.988713 0.0197158
v 0.415638 0.403558 -2.76494
vn 0.342727 0.939245 0.0189074
v 0.594697 0.347759 -2.67812
vn 0.0097078 0.937209 -0.348632
v 0.54179 0.347141 -2.69752
vn 0.359673 0.900354 -0.244946
v 0.521258 0.354155 -2.66382
vn 0.148518 0.988713 0.0197158
v 0.415638 0.403558 -2.76494
vn 0.342727 0.939245 0.0189074
v 0.521258 0.354155 -2.66382
vn 0.148518 0.988713 0.0197158
v 0.54179 0.347141 -2.69752
vn 0.359673 0.900354 -0.244946
v 0.559928 0.311415 -2.74413
vn 0.505722 0.673462 -0.539162
v 0.54179 0.347141 -2.69752
vn 0.359673 0.900354 -0.244946
v 0.594697 0.347759 -2.67812
vn 0.0097078 0.937209 -0.348632
v 0.444937 0.377356 -2.81385
vn 0.562549 0.778988 -0.276978
v 0.54179 0.347141 -2.69752
vn 0.359673 0.900354 -0.244946
v 0.559928 0.311415 -2.74413
vn 0.505722 0.673462 -0.539162
v 0.54179 0.347141 -2.69752
vn 0.359673 0.900354 -0.244946
v 0.444937 0.377356 -2.81385
vn 0.562549 0.778988 -0.276978
v 0.415638 0.403558 -2.76494
vn 0.342727 0.939245 0.0189074
v 0.415638 0.403558 -2.76494
vn 0.342727 0.939245 0.0189074
v 0.444937 0.377356 -2.81385
vn 0.562549 0.778988 -0.276978
v 0.371064 0.409027 -2.86822
vn 0.421486 0.885768 -0.194332
v 0.415638 0.403558 -2.76494
vn 0.342727 0.939245 0.0189074
v 0.343042 0.403361 -2.6676
vn 0.100746 0.943489 0.315719
v 0.470184 0.354017 -2.59534
vn 0.0946439 0.981606 0.165807
v 0.371064 0.409027 -2.86822
vn 0.421486 0.885768 -0.194332
v 0.337007 0.424581 -2.82481
vn 0.223524 0.97403 0.0361049
v 0.415638 0.403558 -2.76494
vn 0.342727 0.939245 0.0189074
v 0.343042 0.403361 -2.6676
vn 0.100746 0.943489 0.315719
v 0.415638 0.403558 -2.76494
vn 0.342727 0.939245 0.0189074
v 0.337007 0.424581 -2.82481
vn 0.223524 0.97403 0.0361049
v 0.242864 0.447463 -2.89484
vn 0.164522 0.986348 -0.00711176
v 0.337007 0.424581 -2.82481
vn 0.223524 0.97403 0.0361049
v 0.371064 0.409027 -2.86822
vn 0.421486 0.885768 -0.194332
v 0.263193 0.424381 -2.72584
vn 0.0937945 0.974373 0.204452
v 0.337007 0.424581 -2.82481
vn 0.223524 0.97403 0.0361049
v 0.242864 0.447463 -2.89484
vn 0.164522 0.986348 -0.00711176
v 0.337007 0.424581 -2.82481
vn 0.223524 0.97403 0.0361049
v 0.263193 0.424381 -2.72584
vn 0.0937945 0.974373 0.204452
v 0.343042 0.403361 -2.6676
vn 0.100746 0.943489 0.315719
v 0.343042 0.403361 -2.6676
vn 0.100746 0.943489 0.315719
v 0.263193 0.424381 -2.72584
vn 0.0937945 0.974373 0.204452
v 0.231332 0.408648 -2.68086
vn -0.0678027 0.884424 0.461733
v 0.231332 0.408648 -2.68086
vn -0.0678027 0.884424 0.461733
v 0.263193 0.424381 -2.72584
vn 0.0937945 0.974373 0.204452
v 0.169217 0.447263 -2.79602
vn 0.0165897 0.979889 0.198853
v 0.242864 0.447463 -2.89484
vn 0.164522 0.986348 -0.00711176
v 0.169217 0.447263 -2.79602
vn 0.0165897 0.979889 0.198853
v 0.263193 0.424381 -2.72584
vn 0.0937945 0.974373 0.204452
v -0.203135 0.226993 -3.49444
vn 0.615183 0.229499 -0.754242
v -0.200906 0.13143 -3.51086
vn 0.770585 -0.0633662 -0.63418
v -0.283007 0.148368 -3.60298
vn 0.617141 0.0205458 -0.786584
v -0.293989 0.0571331 -3.59653
vn 0.621548 -0.265849 -0.736887
v -0.283007 0.148368 -3.60298
vn 0.617141 0.0205458 -0.786584
v -0.200906 0.13143 -3.51086
vn 0.770585 -0.0633662 -0.63418
v -0.283007 0.148368 -3.60298
vn 0.617141 0.0205458 -0.786584
v -0.301259 0.238975 -3.59405
vn 0.552314 0.363014 -0.750447
v -0.203135 0.226993 -3.49444
vn 0.615183 0.229499 -0.754242
v -0.24851 0.356085 -3.44079
vn 0.408424 0.627911 -0.662508
v -0.203135 0.226993 -3.49444
vn 0.615183 0.229499 -0.754242
v -0.301259 0.238975 -3.59405
vn 0.552314 0.363014 -0.750447
v -0.301259 0.238975 -3.59405
vn 0.552314 0.363014 -0.750447
v -0.283007 0.148368 -3.60298
vn 0.617141 0.0205458 -0.786584
v -0.435267 0.147498 -3.68669
vn 0.265807 0.0644363 -0.96187
v -0.435267 0.147498 -3.68669
vn 0.265807 0.0644363 -0.96187
v -0.438804 0.213714 -3.67771
vn 0.166169 0.420282 -0.892048
v -0.301259 0.238975 -3.59405
vn 0.552314 0.363014 -0.750447
v -0.364419 0.323398 -3.56703
vn 0.260778 0.707627 -0.656703
v -0.301259 0.238975 -3.59405
vn 0.552314 0.363014 -0.750447
v -0.438804 0.213714 -3.67771
vn 0.166169 0.420282 -0.892048
v -0.301259 0.238975 -3.59405
vn 0.552314 0.363014 -0.750447
v -0.364419 0.323398 -3.56703
vn 0.260778 0.707627 -0.656703
v -0.24851 0.356085 -3.44079
vn 0.408424 0.627911 -0.662508
v -0.304049 0.420791 -3.36849
vn 0.108424 0.915627 -0.387132
v -0.24851 0.356085 -3.44079
vn 0.408424 0.627911 -0.662508
v -0.364419 0.323398 -3.56703
vn 0.260778 0.707627 -0.656703
v -0.438804 0.213714 -3.67771
vn 0.166169 0.420282 -0.892048
v -0.474971 0.269813 -3.64069
vn 0.0262248 0.653178 -0.75675
v -0.364419 0.323398 -3.56703
vn 0.260778 0.707627 -0.656703
v -0.364419 0.323398 -3.56703
vn 0.260778 0.707627 -0.656703
v -0.474971 0.269813 -3.64069
vn 0.0262248 0.653178 -0.75675
v -0.551386 0.309419 -3.59734
vn -0.176029 0.742565 -0.646228
v -0.565241 0.244084 -3.65172
vn -0.303726 0.579994 -0.755882
v -0.551386 0.309419 -3.59734
vn -0.176029 0.742565 -0.646228
v -0.474971 0.269813 -3.64069
vn 0.0262248 0.653178 -0.75675
v -0.565241 0.244084 -3.65172
vn -0.303726 0.579994 -0.755882
v -0.474971 0.269813 -3.64069
vn 0.0262248 0.653178 -0.75675
v -0.438804 0.213714 -3.67771
vn 0.166169 0.420282 -0.892048
v -0.551386 0.309419 -3.59734
vn -0.176029 0.742565 -0.646228
v -0.456121 0.381858 -3.52044
vn -0.0769324 0.877537 -0.473298
v -0.364419 0.323398 -3.56703
vn 0.260778 0.707627 -0.656703
v -0.364419 0.323398 -3.56703
vn 0.260778 0.707627 -0.656703
v -0.456121 0.381858 -3.52044
vn -0.0769324 0.877537 -0.473298
v -0.304049 0.420791 -3.36849
vn 0.108424 0.915627 -0.387132
v -0.304049 0.420791 -3.36849
vn 0.108424 0.915627 -0.387132
v -0.456121 0.381858 -3.52044
vn -0.0769324 0.877537 -0.473298
v -0.527272 0.386625 -3.46349
vn -0.203781 0.934865 -0.29069
v -0.456121 0.381858 -3.52044
vn -0.0769324 0.877537 -0.473298
v -0.551386 0.309419 -3.59734
vn -0.176029 0.742565 -0.646228
v -0.614189 0.315832 -3.53316
vn -0.473045 0.751155 -0.460429
v -0.614189 0.315832 -3.53316
vn -0.473045 0.751155 -0.460429
v -0.527272 0.386625 -3.46349
vn -0.203781 0.934865 -0.29069
v -0.456121 0.381858 -3.52044
vn -0.0769324 0.877537 -0.473298
v -0.527272 0.386625 -3.46349
vn -0.203781 0.934865 -0.29069
v -0.355903 0.437121 -3.32273
vn -0.0821155 0.977829 -0.192632
v -0.304049 0.420791 -3.36849
vn 0.108424 0.915627 -0.387132
v -0.304049 0.420791 -3.36849
vn 0.108424 0.915627 -0.387132
v -0.355903 0.437121 -3.32273
vn -0.0821155 0.977829 -0.192632
v -0.199687 0.462424 -3.2042
vn -0.0134285 0.994348 -0.105315
v -0.411669 0.43697 -3.24796
vn -0.194663 0.980821 -0.00982974
v -0.253558 0.462278 -3.13196
vn -0.124053 0.991498 0.0392736
v -0.199687 0.462424 -3.2042
vn -0.0134285 0.994348 -0.105315
v -0.199687 0.462424 -3.2042
vn -0.0134285 0.994348 -0.105315
v -0.355903 0.437121 -3.32273
vn -0.0821155 0.977829 -0.192632
v -0.411669 0.43697 -3.24796
vn -0.194663 0.980821 -0.00982974
v -0.253558 0.462278 -3.13196
vn -0.124053 0.991498 0.0392736
v -0.411669 0.43697 -3.24796
vn -0.194663 0.980821 -0.00982974
v -0.440712 0.420421 -3.18525
vn -0.341911 0.914406 0.216698
v -0.595356 0.38644 -3.3722
vn -0.330752 0.932606 -0.144391
v -0.411669 0.43697 -3.24796
vn -0.194663 0.980821 -0.00982974
v -0.355903 0.437121 -3.32273
vn -0.0821155 0.977829 -0.192632
v -0.440712 0.420421 -3.18525
vn -0.341911 0.914406 0.216698
v -0.411669 0.43697 -3.24796
vn -0.194663 0.980821 -0.00982974
v -0.595356 0.38644 -3.3722
vn -0.330752 0.932606 -0.144391
v -0.355903 0.437121 -3.32273
vn -0.0821155 0.977829 -0.192632
v -0.527272 0.386625 -3.46349
vn -0.203781 0.934865 -0.29069
v -0.595356 0.38644 -3.3722
vn -0.330752 0.932606 -0.144391
v -0.595356 0.38644 -3.3722
vn -0.330752 0.932606 -0.144391
v -0.629646 0.381388 -3.28777
vn -0.477284 0.876451 0.0635115
v -0.440712 0.420421 -3.18525
vn -0.341911 0.914406 0.216698
v -0.440712 0.420421 -3.18525
vn -0.341911 0.914406 0.216698
v -0.629646 0.381388 -3.28777
vn -0.477284 0.876451 0.0635115
v -0.648034 0.322629 -3.18675
vn -0.556438 0.705412 0.439057
v -0.648034 0.322629 -3.18675
vn -0.556438 0.705412 0.439057
v -0.629646 0.381388 -3.28777
vn -0.477284 0.876451 0.0635115
v -0.730371 0.308934 -3.35734
vn -0.671031 0.741223 0.017493
v -0.595356 0.38644 -3.3722
vn -0.330752 0.932606 -0.144391
v -0.527272 0.386625 -3.46349
vn -0.203781 0.934865 -0.29069
v -0.614189 0.315832 -3.53316
vn -0.473045 0.751155 -0.460429
v -0.686785 0.315635 -3.43582
vn -0.595847 0.743948 -0.302503
v -0.730371 0.308934 -3.35734
vn -0.671031 0.741223 0.017493
v -0.629646 0.381388 -3.28777
vn -0.477284 0.876451 0.0635115
v -0.629646 0.381388 -3.28777
vn -0.477284 0.876451 0.0635115
v -0.595356 0.38644 -3.3722
vn -0.330752 0.932606 -0.144391
v -0.686785 0.315635 -3.43582
vn -0.595847 0.743948 -0.302503
v -0.786321 0.243484 -3.35529
vn -0.812232 0.578615 -0.0740544
v -0.730371 0.308934 -3.35734
vn -0.671031 0.741223 0.017493
v -0.686785 0.315635 -3.43582
vn -0.595847 0.743948 -0.302503
v -0.614189 0.315832 -3.53316
vn -0.473045 0.751155 -0.460429
v -0.686785 0.315635 -3.43582
vn -0.595847 0.743948 -0.302503
v -0.595356 0.38644 -3.3722
vn -0.330752 0.932606 -0.144391
v -0.686785 0.315635 -3.43582
vn -0.595847 0.743948 -0.302503
v -0.750372 0.24351 -3.44818
vn -0.819836 0.494812 -0.288149
v -0.786321 0.243484 -3.35529
vn -0.812232 0.578615 -0.0740544
v -0.614189 0.315832 -3.53316
vn -0.473045 0.751155 -0.460429
v -0.551386 0.309419 -3.59734
vn -0.176029 0.742565 -0.646228
v -0.565241 0.244084 -3.65172
vn -0.303726 0.579994 -0.755882
v -0.709484 0.266512 -3.48293
vn -0.579143 0.736058 -0.350447
v -0.750372 0.24351 -3.44818
vn -0.819836 0.494812 -0.288149
v -0.686785 0.315635 -3.43582
vn -0.595847 0.743948 -0.302503
v -0.709484 0.266512 -3.48293
vn -0.579143 0.736058 -0.350447
v -0.686785 0.315635 -3.43582
vn -0.595847 0.743948 -0.302503
v -0.614189 0.315832 -3.53316
vn -0.473045 0.751155 -0.460429
v -0.565241 0.244084 -3.65172
vn -0.303726 0.579994 -0.755882
v -0.644028 0.243799 -3.59077
vn -0.510937 0.49565 -0.702335
v -0.614189 0.315832 -3.53316
vn -0.473045 0.751155 -0.460429
v -0.614189 0.315832 -3.53316
vn -0.473045 0.751155 -0.460429
v -0.665719 0.26663 -3.54161
vn -0.47222 0.769077 -0.43073
v -0.709484 0.266512 -3.48293
vn -0.579143 0.736058 -0.350447
v -0.614189 0.315832 -3.53316
vn -0.473045 0.751155 -0.460429
v -0.644028 0.243799 -3.59077
vn -0.510937 0.49565 -0.702335
v -0.665719 0.26663 -3.54161
vn -0.47222 0.769077 -0.43073
v -0.725394 0.246662 -3.51386
vn -0.596789 0.732597 -0.327331
v -0.709484 0.266512 -3.48293
vn -0.579143 0.736058 -0.350447
v -0.665719 0.26663 -3.54161
vn -0.47222 0.769077 -0.43073
v -0.750372 0.24351 -3.44818
vn -0.819836 0.494812 -0.288149
v -0.709484 0.266512 -3.48293
vn -0.579143 0.736058 -0.350447
v -0.725394 0.246662 -3.51386
vn -0.596789 0.732597 -0.327331
v -0.665719 0.26663 -3.54161
vn -0.47222 0.769077 -0.43073
v -0.699857 0.246731 -3.5481
vn -0.532737 0.673748 -0.512109
v -0.725394 0.246662 -3.51386
vn -0.596789 0.732597 -0.327331
v -0.699857 0.246731 -3.5481
vn -0.532737 0.673748 -0.512109
v -0.665719 0.26663 -3.54161
vn -0.47222 0.769077 -0.43073
v -0.644028 0.243799 -3.59077
vn -0.510937 0.49565 -0.702335
v -0.644028 0.243799 -3.59077
vn -0.510937 0.49565 -0.702335
v -0.716644 0.212697 -3.56393
vn -0.40615 0.430004 -0.806312
v -0.699857 0.246731 -3.5481
vn -0.532737 0.673748 -0.512109
v -0.725394 0.246662 -3.51386
vn -0.596789 0.732597 -0.327331
v -0.745294 0.212619 -3.52552
vn -0.823139 0.504513 -0.260594
v -0.750372 0.24351 -3.44818
vn -0.819836 0.494812 -0.288149
v -0.745294 0.212619 -3.52552
vn -0.823139 0.504513 -0.260594
v -0.725394 0.246662 -3.51386
vn -0.596789 0.732597 -0.327331
v -0.699857 0.246731 -3.5481
vn -0.532737 0.673748 -0.512109
v -0.699857 0.246731 -3.5481
vn -0.532737 0.673748 -0.512109
v -0.716644 0.212697 -3.56393
vn -0.40615 0.430004 -0.806312
v -0.745294 0.212619 -3.52552
vn -0.823139 0.504513 -0.260594
v -0.745294 0.212619 -3.52552
vn -0.823139 0.504513 -0.260594
v -0.716644 0.212697 -3.56393
vn -0.40615 0.430004 -0.806312
v -0.737663 0.191113 -3.57113
vn -0.373516 0.495499 -0.784198
v -0.737663 0.191113 -3.57113
vn -0.373516 0.495499 -0.784198
v -0.758147 0.191057 -3.54367
vn -0.918408 0.382237 0.102085
v -0.745294 0.212619 -3.52552
vn -0.823139 0.504513 -0.260594
v -0.747313 0.172878 -3.53049
vn -0.912421 -0.159811 0.376761
v -0.750372 0.24351 -3.44818
vn -0.819836 0.494812 -0.288149
v -0.745294 0.212619 -3.52552
vn -0.823139 0.504513 -0.260594
v -0.745294 0.212619 -3.52552
vn -0.823139 0.504513 -0.260594
v -0.758147 0.191057 -3.54367
vn -0.918408 0.382237 0.102085
v -0.747313 0.172878 -3.53049
vn -0.912421 -0.159811 0.376761
v -0.747313 0.172878 -3.53049
vn -0.912421 -0.159811 0.376761
v -0.758147 0.191057 -3.54367
vn -0.918408 0.382237 0.102085
v -0.769558 0.16164 -3.55549
vn -0.96003 0.265759 0.0878373
v -0.769558 0.16164 -3.55549
vn -0.96003 0.265759 0.0878373
v -0.76114 0.149422 -3.54688
vn -0.328589 -0.264083 0.906802
v -0.747313 0.172878 -3.53049
vn -0.912421 -0.159811 0.376761
v -0.769558 0.16164 -3.55549
vn -0.96003 0.265759 0.0878373
v -0.758147 0.191057 -3.54367
vn -0.918408 0.382237 0.102085
v -0.737663 0.191113 -3.57113
vn -0.373516 0.495499 -0.784198
v -0.737663 0.191113 -3.57113
vn -0.373516 0.495499 -0.784198
v -0.752188 0.161687 -3.57878
vn -0.205026 0.21988 -0.953739
v -0.769558 0.16164 -3.55549
vn -0.96003 0.265759 0.0878373
v -0.769558 0.16164 -3.55549
vn -0.96003 0.265759 0.0878373
v -0.77763 0.118798 -3.56442
vn -0.974978 0.197189 0.102637
v -0.76114 0.149422 -3.54688
vn -0.328589 -0.264083 0.906802
v -0.77763 0.118798 -3.56442
vn -0.974978 0.197189 0.102637
v -0.769558 0.16164 -3.55549
vn -0.96003 0.265759 0.0878373
v -0.752188 0.161687 -3.57878
vn -0.205026 0.21988 -0.953739
v -0.752188 0.161687 -3.57878
vn -0.205026 0.21988 -0.953739
v -0.762966 0.118838 -3.58408
vn -0.0413708 0.172303 -0.984175
v -0.77763 0.118798 -3.56442
vn -0.974978 0.197189 0.102637
v -0.76114 0.149422 -3.54688
vn -0.328589 -0.264083 0.906802
v -0.77763 0.118798 -3.56442
vn -0.974978 0.197189 0.102637
v -0.771815 0.0843526 -3.56057
vn -0.0942956 -0.151552 0.983941
v -0.762966 0.118838 -3.58408
vn -0.0413708 0.172303 -0.984175
v -0.788417 0.0638689 -3.58787
vn -0.780816 0.22847 -0.581488
v -0.77763 0.118798 -3.56442
vn -0.974978 0.197189 0.102637
v -0.793832 0.0354539 -3.57488
vn -0.776308 0.0299916 0.62964
v -0.771815 0.0843526 -3.56057
vn -0.0942956 -0.151552 0.983941
v -0.77763 0.118798 -3.56442
vn -0.974978 0.197189 0.102637
v -0.77763 0.118798 -3.56442
vn -0.974978 0.197189 0.102637
v -0.788417 0.0638689 -3.58787
vn -0.780816 0.22847 -0.581488
v -0.793832 0.0354539 -3.57488
vn -0.776308 0.0299916 0.62964
v -0.771815 0.0843526 -3.56057
vn -0.0942956 -0.151552 0.983941
v -0.793832 0.0354539 -3.57488
vn -0.776308 0.0299916 0.62964
v -0.783045 0.0301068 -3.56915
vn 0.0111173 -0.180022 0.9836
v -0.771815 0.0843526 -3.56057
vn -0.0942956 -0.151552 0.983941
v -0.783045 0.0301068 -3.56915
vn 0.0111173 -0.180022 0.9836
v -0.769438 0.0318539 -3.57378
vn 0.770753 -0.275966 0.574268
v -0.783709 -0.0280726 -3.58454
vn 0.770537 -0.276905 0.574105
v -0.769438 0.0318539 -3.57378
vn 0.770753 -0.275966 0.574268
v -0.783045 0.0301068 -3.56915
vn 0.0111173 -0.180022 0.9836
v -0.793611 -0.0264231 -3.58025
vn -0.0799 -0.165131 0.98303
v -0.783045 0.0301068 -3.56915
vn 0.0111173 -0.180022 0.9836
v -0.793832 0.0354539 -3.57488
vn -0.776308 0.0299916 0.62964
v -0.783045 0.0301068 -3.56915
vn 0.0111173 -0.180022 0.9836
v -0.793611 -0.0264231 -3.58025
vn -0.0799 -0.165131 0.98303
v -0.783709 -0.0280726 -3.58454
vn 0.770537 -0.276905 0.574105
v -0.794129 -0.076146 -3.59241
vn 0.434084 -0.841346 0.322038
v -0.783709 -0.0280726 -3.58454
vn 0.770537 -0.276905 0.574105
v -0.793611 -0.0264231 -3.58025
vn -0.0799 -0.165131 0.98303
v -0.793832 0.0354539 -3.57488
vn -0.776308 0.0299916 0.62964
v -0.802063 -0.0227225 -3.58612
vn -0.957765 0.0547904 0.282282
v -0.793611 -0.0264231 -3.58025
vn -0.0799 -0.165131 0.98303
v -0.802063 -0.0227225 -3.58612
vn -0.957765 0.0547904 0.282282
v -0.793832 0.0354539 -3.57488
vn -0.776308 0.0299916 0.62964
v -0.788417 0.0638689 -3.58787
vn -0.780816 0.22847 -0.581488
v -0.788417 0.0638689 -3.58787
vn -0.780816 0.22847 -0.581488
v -0.800287 -0.0198016 -3.59689
vn -0.797326 0.114521 -0.592585
v -0.802063 -0.0227225 -3.58612
vn -0.957765 0.0547904 0.282282
v -0.802063 -0.0227225 -3.58612
vn -0.957765 0.0547904 0.282282
v -0.800287 -0.0198016 -3.59689
vn -0.797326 0.114521 -0.592585
v -0.802492 -0.0718765 -3.59864
vn -0.775721 -0.252161 -0.578508
v -0.802492 -0.0718765 -3.59864
vn -0.775721 -0.252161 -0.578508
v -0.805415 -0.0657752 -3.59059
vn -0.842279 -0.42229 0.335017
v -0.802063 -0.0227225 -3.58612
vn -0.957765 0.0547904 0.282282
v -0.805415 -0.0657752 -3.59059
vn -0.842279 -0.42229 0.335017
v -0.802492 -0.0718765 -3.59864
vn -0.775721 -0.252161 -0.578508
v -0.794129 -0.076146 -3.59241
vn 0.434084 -0.841346 0.322038
v -0.802063 -0.0227225 -3.58612
vn -0.957765 0.0547904 0.282282
v -0.805415 -0.0657752 -3.59059
vn -0.842279 -0.42229 0.335017
v -0.799892 -0.0683303 -3.58657
vn -0.383616 -0.308682 0.870376
v -0.794129 -0.076146 -3.59241
vn 0.434084 -0.841346 0.322038
v -0.799892 -0.0683303 -3.58657
vn -0.383616 -0.308682 0.870376
v -0.805415 -0.0657752 -3.59059
vn -0.842279 -0.42229 0.335017
v -0.799892 -0.0683303 -3.58657
vn -0.383616 -0.308682 0.870376
v -0.793611 -0.0264231 -3.58025
vn -0.0799 -0.165131 0.98303
v -0.802063 -0.0227225 -3.58612
vn -0.957765 0.0547904 0.282282
v -0.793611 -0.0264231 -3.58025
vn -0.0799 -0.165131 0.98303
v -0.799892 -0.0683303 -3.58657
vn -0.383616 -0.308682 0.870376
v -0.794129 -0.076146 -3.59241
vn 0.434084 -0.841346 0.322038
v -0.442338 -0.43975 -3.46504
vn 0.0534284 -0.695026 0.716996
v -0.435501 -0.396146 -3.48499
vn 0.621991 0.314424 0.717122
v -0.472415 -0.377896 -3.4808
vn -0.125488 0.181242 0.975399
v -0.472415 -0.377896 -3.4808
vn -0.125488 0.181242 0.975399
v -0.487089 -0.434191 -3.47717
vn -0.548685 -0.4672 0.693303
v -0.442338 -0.43975 -3.46504
vn 0.0534284 -0.695026 0.716996
v -0.487089 -0.434191 -3.47717
vn -0.548685 -0.4672 0.693303
v -0.472415 -0.377896 -3.4808
vn -0.125488 0.181242 0.975399
v -0.500152 -0.368308 -3.49191
vn -0.644443 0.216786 0.733279
v -0.489843 -0.34359 -3.4918
vn -0.516099 0.313189 0.797216
v -0.500152 -0.368308 -3.49191
vn -0.644443 0.216786 0.733279
v -0.472415 -0.377896 -3.4808
vn -0.125488 0.181242 0.975399
v -0.500152 -0.368308 -3.49191
vn -0.644443 0.216786 0.733279
v -0.51393 -0.401962 -3.49637
vn -0.899189 -0.178383 0.399547
v -0.487089 -0.434191 -3.47717
vn -0.548685 -0.4672 0.693303
v -0.500206 -0.426461 -3.51052
vn -0.689796 -0.709809 -0.142661
v -0.487089 -0.434191 -3.47717
vn -0.548685 -0.4672 0.693303
v -0.51393 -0.401962 -3.49637
vn -0.899189 -0.178383 0.399547
v -0.519735 -0.382935 -3.52043
vn -0.983985 -0.0572192 -0.168817
v -0.51393 -0.401962 -3.49637
vn -0.899189 -0.178383 0.399547
v -0.500152 -0.368308 -3.49191
vn -0.644443 0.216786 0.733279
v -0.51393 -0.401962 -3.49637
vn -0.899189 -0.178383 0.399547
v -0.519735 -0.382935 -3.52043
vn -0.983985 -0.0572192 -0.168817
v -0.500206 -0.426461 -3.51052
vn -0.689796 -0.709809 -0.142661
v -0.471562 -0.435658 -3.53874
vn -0.595061 -0.751482 -0.284918
v -0.500206 -0.426461 -3.51052
vn -0.689796 -0.709809 -0.142661
v -0.519735 -0.382935 -3.52043
vn -0.983985 -0.0572192 -0.168817
v -0.500152 -0.368308 -3.49191
vn -0.644443 0.216786 0.733279
v -0.505507 -0.349936 -3.51135
vn -0.871166 0.300661 0.388167
v -0.519735 -0.382935 -3.52043
vn -0.983985 -0.0572192 -0.168817
v -0.505507 -0.349936 -3.51135
vn -0.871166 0.300661 0.388167
v -0.500152 -0.368308 -3.49191
vn -0.644443 0.216786 0.733279
v -0.489843 -0.34359 -3.4918
vn -0.516099 0.313189 0.797216
v -0.472415 -0.377896 -3.4808
vn -0.125488 0.181242 0.975399
v -0.468916 -0.343203 -3.4857
vn -0.0594466 0.237129 0.969658
v -0.489843 -0.34359 -3.4918
vn -0.516099 0.313189 0.797216
v -0.489843 -0.34359 -3.4918
vn -0.516099 0.313189 0.797216
v -0.484961 -0.31037 -3.50913
vn -0.730741 0.137203 0.668725
v -0.505507 -0.349936 -3.51135
vn -0.871166 0.300661 0.388167
v -0.484961 -0.31037 -3.50913
vn -0.730741 0.137203 0.668725
v -0.489843 -0.34359 -3.4918
vn -0.516099 0.313189 0.797216
v -0.468916 -0.343203 -3.4857
vn -0.0594466 0.237129 0.969658
v -0.468916 -0.343203 -3.4857
vn -0.0594466 0.237129 0.969658
v -0.469422 -0.3009 -3.4923
vn 0.0302791 0.114794 0.992928
v -0.484961 -0.31037 -3.50913
vn -0.730741 0.137203 0.668725
v -0.484961 -0.31037 -3.50913
vn -0.730741 0.137203 0.668725
v -0.469422 -0.3009 -3.4923
vn 0.0302791 0.114794 0.992928
v -0.474025 -0.263168 -3.49415
vn -0.332458 -0.1402 0.932639
v -0.474025 -0.263168 -3.49415
vn -0.332458 -0.1402 0.932639
v -0.4906 -0.258377 -3.51309
vn -0.768624 -0.252461 0.587776
v -0.484961 -0.31037 -3.50913
vn -0.730741 0.137203 0.668725
v -0.4906 -0.258377 -3.51309
vn -0.768624 -0.252461 0.587776
v -0.474025 -0.263168 -3.49415
vn -0.332458 -0.1402 0.932639
v -0.480188 -0.230613 -3.48249
vn -0.256338 -0.523999 0.812229
v -0.480188 -0.230613 -3.48249
vn -0.256338 -0.523999 0.812229
v -0.429873 -0.221662 -3.48919
vn 0.530971 -0.659711 0.531837
v -0.45048 -0.191064 -3.44773
vn 0.03502 -0.594591 0.803266
v -0.45048 -0.191064 -3.44773
vn 0.03502 -0.594591 0.803266
v -0.501436 -0.186026 -3.46873
vn -0.660878 -0.523733 0.537536
v -0.480188 -0.230613 -3.48249
vn -0.256338 -0.523999 0.812229
v -0.480188 -0.230613 -3.48249
vn -0.256338 -0.523999 0.812229
v -0.512253 -0.217775 -3.50779
vn -0.800608 -0.388299 0.456346
v -0.4906 -0.258377 -3.51309
vn -0.768624 -0.252461 0.587776
v -0.501436 -0.186026 -3.46873
vn -0.660878 -0.523733 0.537536
v -0.512253 -0.217775 -3.50779
vn -0.800608 -0.388299 0.456346
v -0.480188 -0.230613 -3.48249
vn -0.256338 -0.523999 0.812229
v -0.500785 -0.156286 -3.4438
vn -0.36831 -0.877685 0.30662
v -0.501436 -0.186026 -3.46873
vn -0.660878 -0.523733 0.537536
v -0.45048 -0.191064 -3.44773
vn 0.03502 -0.594591 0.803266
v -0.45048 -0.191064 -3.44773
vn 0.03502 -0.594591 0.803266
v -0.434748 -0.168472 -3.43746
vn 0.227106 -0.907616 0.353067
v -0.500785 -0.156286 -3.4438
vn -0.36831 -0.877685 0.30662
v -0.434748 -0.168472 -3.43746
vn 0.227106 -0.907616 0.353067
v -0.401825 -0.163765 -3.42019
vn 0.313458 -0.925071 -0.214449
v -0.445828 -0.175192 -3.39202
vn -0.00666338 -0.986569 -0.163211
v -0.445828 -0.175192 -3.39202
vn -0.00666338 -0.986569 -0.163211
v -0.500785 -0.156286 -3.4438
vn -0.36831 -0.877685 0.30662
v -0.434748 -0.168472 -3.43746
vn 0.227106 -0.907616 0.353067
v -0.532052 -0.15475 -3.42753
vn -0.253982 -0.900668 -0.352549
v -0.500785 -0.156286 -3.4438
vn -0.36831 -0.877685 0.30662
v -0.445828 -0.175192 -3.39202
vn -0.00666338 -0.986569 -0.163211
v -0.445828 -0.175192 -3.39202
vn -0.00666338 -0.986569 -0.163211
v -0.494446 -0.177345 -3.36912
vn -0.0898331 -0.993555 -0.069121
v -0.532052 -0.15475 -3.42753
vn -0.253982 -0.900668 -0.352549
v -0.551217 -0.16176 -3.41147
vn -0.339266 -0.905349 -0.255425
v -0.532052 -0.15475 -3.42753
vn -0.253982 -0.900668 -0.352549
v -0.494446 -0.177345 -3.36912
vn -0.0898331 -0.993555 -0.069121
v -0.532052 -0.15475 -3.42753
vn -0.253982 -0.900668 -0.352549
v -0.551217 -0.16176 -3.41147
vn -0.339266 -0.905349 -0.255425
v -0.601756 -0.112478 -3.44916
vn -0.46997 -0.809399 -0.352139
v -0.601756 -0.112478 -3.44916
vn -0.46997 -0.809399 -0.352139
v -0.581288 -0.107698 -3.47352
vn -0.480357 -0.843231 -0.241284
v -0.532052 -0.15475 -3.42753
vn -0.253982 -0.900668 -0.352549
v -0.652025 -0.0586067 -3.52989
vn -0.674911 -0.7163 -0.177224
v -0.581288 -0.107698 -3.47352
vn -0.480357 -0.843231 -0.241284
v -0.601756 -0.112478 -3.44916
vn -0.46997 -0.809399 -0.352139
v -0.601756 -0.112478 -3.44916
vn -0.46997 -0.809399 -0.352139
v -0.66351 -0.0355132 -3.4951
vn -0.65161 -0.582285 -0.486157
v -0.652025 -0.0586067 -3.52989
vn -0.674911 -0.7163 -0.177224
v -0.5657 -0.118613 -3.50056
vn -0.617025 -0.782524 -0.0832773
v -0.581288 -0.107698 -3.47352
vn -0.480357 -0.843231 -0.241284
v -0.652025 -0.0586067 -3.52989
vn -0.674911 -0.7163 -0.177224
v -0.532052 -0.15475 -3.42753
vn -0.253982 -0.900668 -0.352549
v -0.581288 -0.107698 -3.47352
vn -0.480357 -0.843231 -0.241284
v -0.5657 -0.118613 -3.50056
vn -0.617025 -0.782524 -0.0832773
v -0.5657 -0.118613 -3.50056
vn -0.617025 -0.782524 -0.0832773
v -0.500785 -0.156286 -3.4438
vn -0.36831 -0.877685 0.30662
v -0.532052 -0.15475 -3.42753
vn -0.253982 -0.900668 -0.352549
v -0.501436 -0.186026 -3.46873
vn -0.660878 -0.523733 0.537536
v -0.500785 -0.156286 -3.4438
vn -0.36831 -0.877685 0.30662
v -0.5657 -0.118613 -3.50056
vn -0.617025 -0.782524 -0.0832773
v -0.5657 -0.118613 -3.50056
vn -0.617025 -0.782524 -0.0832773
v -0.533579 -0.14833 -3.51136
vn -0.911883 -0.404735 0.0682656
v -0.501436 -0.186026 -3.46873
vn -0.660878 -0.523733 0.537536
v -0.512253 -0.217775 -3.50779
vn -0.800608 -0.388299 0.456346
v -0.501436 -0.186026 -3.46873
vn -0.660878 -0.523733 0.537536
v -0.533579 -0.14833 -3.51136
vn -0.911883 -0.404735 0.0682656
v -0.533579 -0.14833 -3.51136
vn -0.911883 -0.404735 0.0682656
v -0.540377 -0.185435 -3.54395
vn -0.987706 -0.154894 -0.0211012
v -0.512253 -0.217775 -3.50779
vn -0.800608 -0.388299 0.456346
v -0.540377 -0.185435 -3.54395
vn -0.987706 -0.154894 -0.0211012
v -0.523393 -0.220057 -3.54208
vn -0.896966 -0.394598 0.199361
v -0.512253 -0.217775 -3.50779
vn -0.800608 -0.388299 0.456346
v -0.4906 -0.258377 -3.51309
vn -0.768624 -0.252461 0.587776
v -0.512253 -0.217775 -3.50779
vn -0.800608 -0.388299 0.456346
v -0.523393 -0.220057 -3.54208
vn -0.896966 -0.394598 0.199361
v -0.523393 -0.220057 -3.54208
vn -0.896966 -0.394598 0.199361
v -0.509448 -0.256666 -3.53468
vn -0.944765 -0.232566 0.230936
v -0.4906 -0.258377 -3.51309
vn -0.768624 -0.252461 0.587776
v -0.484961 -0.31037 -3.50913
vn -0.730741 0.137203 0.668725
v -0.4906 -0.258377 -3.51309
vn -0.768624 -0.252461 0.587776
v -0.509448 -0.256666 -3.53468
vn -0.944765 -0.232566 0.230936
v -0.509448 -0.256666 -3.53468
vn -0.944765 -0.232566 0.230936
v -0.523393 -0.220057 -3.54208
vn -0.896966 -0.394598 0.199361
v -0.518235 -0.221236 -3.56898
vn -0.722599 -0.43724 -0.535418
v -0.518235 -0.221236 -3.56898
vn -0.722599 -0.43724 -0.535418
v -0.523393 -0.220057 -3.54208
vn -0.896966 -0.394598 0.199361
v -0.540377 -0.185435 -3.54395
vn -0.987706 -0.154894 -0.0211012
v -0.52211 -0.156517 -3.57555
vn -0.820534 0.0210669 -0.57121
v -0.540377 -0.185435 -3.54395
vn -0.987706 -0.154894 -0.0211012
v -0.533579 -0.14833 -3.51136
vn -0.911883 -0.404735 0.0682656
v -0.540377 -0.185435 -3.54395
vn -0.987706 -0.154894 -0.0211012
v -0.529521 -0.1866 -3.58189
vn -0.635556 -0.0600671 -0.769714
v -0.518235 -0.221236 -3.56898
vn -0.722599 -0.43724 -0.535418
v -0.52211 -0.156517 -3.57555
vn -0.820534 0.0210669 -0.57121
v -0.529521 -0.1866 -3.58189
vn -0.635556 -0.0600671 -0.769714
v -0.540377 -0.185435 -3.54395
vn -0.987706 -0.154894 -0.0211012
v -0.533579 -0.14833 -3.51136
vn -0.911883 -0.404735 0.0682656
v -0.552108 -0.116458 -3.57473
vn -0.557901 -0.626238 -0.544585
v -0.52211 -0.156517 -3.57555
vn -0.820534 0.0210669 -0.57121
v -0.5657 -0.118613 -3.50056
vn -0.617025 -0.782524 -0.0832773
v -0.552108 -0.116458 -3.57473
vn -0.557901 -0.626238 -0.544585
v -0.533579 -0.14833 -3.51136
vn -0.911883 -0.404735 0.0682656
v -0.466779 -0.148785 -3.59772
vn 0.0191963 -0.18118 -0.983262
v -0.52211 -0.156517 -3.57555
vn -0.820534 0.0210669 -0.57121
v -0.552108 -0.116458 -3.57473
vn -0.557901 -0.626238 -0.544585
v -0.529521 -0.1866 -3.58189
vn -0.635556 -0.0600671 -0.769714
v -0.52211 -0.156517 -3.57555
vn -0.820534 0.0210669 -0.57121
v -0.466779 -0.148785 -3.59772
vn 0.0191963 -0.18118 -0.983262
v -0.466779 -0.148785 -3.59772
vn 0.0191963 -0.18118 -0.983262
v -0.474797 -0.192543 -3.59456
vn 0.0459083 -0.258366 -0.964956
v -0.529521 -0.1866 -3.58189
vn -0.635556 -0.0600671 -0.769714
v -0.518235 -0.221236 -3.56898
vn -0.722599 -0.43724 -0.535418
v -0.529521 -0.1866 -3.58189
vn -0.635556 -0.0600671 -0.769714
v -0.474797 -0.192543 -3.59456
vn 0.0459083 -0.258366 -0.964956
v -0.411763 -0.212142 -3.55023
vn 0.788093 -0.435981 -0.434546
v -0.474797 -0.192543 -3.59456
vn 0.0459083 -0.258366 -0.964956
v -0.466779 -0.148785 -3.59772
vn 0.0191963 -0.18118 -0.983262
v -0.552108 -0.116458 -3.57473
vn -0.557901 -0.626238 -0.544585
v -0.478938 -0.0893051 -3.62564
vn 0.179119 -0.453269 -0.873192
v -0.466779 -0.148785 -3.59772
vn 0.0191963 -0.18118 -0.983262
v -0.476111 -0.230246 -3.58188
vn 0.0310339 -0.311134 -0.949859
v -0.474797 -0.192543 -3.59456
vn 0.0459083 -0.258366 -0.964956
v -0.411763 -0.212142 -3.55023
vn 0.788093 -0.435981 -0.434546
v -0.474797 -0.192543 -3.59456
vn 0.0459083 -0.258366 -0.964956
v -0.476111 -0.230246 -3.58188
vn 0.0310339 -0.311134 -0.949859
v -0.518235 -0.221236 -3.56898
vn -0.722599 -0.43724 -0.535418
v -0.503708 -0.260069 -3.55502
vn -0.757607 -0.281496 -0.58889
v -0.518235 -0.221236 -3.56898
vn -0.722599 -0.43724 -0.535418
v -0.476111 -0.230246 -3.58188
vn 0.0310339 -0.311134 -0.949859
v -0.518235 -0.221236 -3.56898
vn -0.722599 -0.43724 -0.535418
v -0.503708 -0.260069 -3.55502
vn -0.757607 -0.281496 -0.58889
v -0.509448 -0.256666 -3.53468
vn -0.944765 -0.232566 0.230936
v -0.411763 -0.212142 -3.55023
vn 0.788093 -0.435981 -0.434546
v -0.429873 -0.221662 -3.48919
vn 0.530971 -0.659711 0.531837
v -0.444511 -0.259674 -3.50946
vn 0.730898 -0.150552 0.665674
v -0.444511 -0.259674 -3.50946
vn 0.730898 -0.150552 0.665674
v -0.429873 -0.221662 -3.48919
vn 0.530971 -0.659711 0.531837
v -0.480188 -0.230613 -3.48249
vn -0.256338 -0.523999 0.812229
v -0.480188 -0.230613 -3.48249
vn -0.256338 -0.523999 0.812229
v -0.474025 -0.263168 -3.49415
vn -0.332458 -0.1402 0.932639
v -0.444511 -0.259674 -3.50946
vn 0.730898 -0.150552 0.665674
v -0.444511 -0.259674 -3.50946
vn 0.730898 -0.150552 0.665674
v -0.474025 -0.263168 -3.49415
vn -0.332458 -0.1402 0.932639
v -0.469422 -0.3009 -3.4923
vn 0.0302791 0.114794 0.992928
v -0.5657 -0.118613 -3.50056
vn -0.617025 -0.782524 -0.0832773
v -0.652025 -0.0586067 -3.52989
vn -0.674911 -0.7163 -0.177224
v -0.636568 -0.0418409 -3.58814
vn -0.630146 -0.619779 -0.46775
v -0.636568 -0.0418409 -3.58814
vn -0.630146 -0.619779 -0.46775
v -0.552108 -0.116458 -3.57473
vn -0.557901 -0.626238 -0.544585
v -0.5657 -0.118613 -3.50056
vn -0.617025 -0.782524 -0.0832773
v -0.697458 0.0332731 -3.55733
vn -0.908366 -0.371931 -0.19115
v -0.652025 -0.0586067 -3.52989
vn -0.674911 -0.7163 -0.177224
v -0.66351 -0.0355132 -3.4951
vn -0.65161 -0.582285 -0.486157
v -0.636568 -0.0418409 -3.58814
vn -0.630146 -0.619779 -0.46775
v -0.652025 -0.0586067 -3.52989
vn -0.674911 -0.7163 -0.177224
v -0.697458 0.0332731 -3.55733
vn -0.908366 -0.371931 -0.19115
v -0.66351 -0.0355132 -3.4951
vn -0.65161 -0.582285 -0.486157
v -0.700008 0.0416194 -3.52189
vn -0.731 -0.406743 -0.547904
v -0.697458 0.0332731 -3.55733
vn -0.908366 -0.371931 -0.19115
v -0.697458 0.0332731 -3.55733
vn -0.908366 -0.371931 -0.19115
v -0.700008 0.0416194 -3.52189
vn -0.731 -0.406743 -0.547904
v -0.715045 0.100733 -3.53308
vn -0.779619 -0.229945 -0.582512
v -0.715045 0.100733 -3.53308
vn -0.779619 -0.229945 -0.582512
v -0.711287 0.101357 -3.56859
vn -0.933677 -0.13688 -0.330924
v -0.697458 0.0332731 -3.55733
vn -0.908366 -0.371931 -0.19115
v -0.711287 0.101357 -3.56859
vn -0.933677 -0.13688 -0.330924
v -0.715045 0.100733 -3.53308
vn -0.779619 -0.229945 -0.582512
v -0.720378 0.14608 -3.53691
vn -0.746666 -0.362387 -0.557823
v -0.673019 0.0385449 -3.60834
vn -0.707548 -0.330884 -0.624413
v -0.697458 0.0332731 -3.55733
vn -0.908366 -0.371931 -0.19115
v -0.711287 0.101357 -3.56859
vn -0.933677 -0.13688 -0.330924
v -0.697458 0.0332731 -3.55733
vn -0.908366 -0.371931 -0.19115
v -0.673019 0.0385449 -3.60834
vn -0.707548 -0.330884 -0.624413
v -0.636568 -0.0418409 -3.58814
vn -0.630146 -0.619779 -0.46775
v -0.720378 0.14608 -3.53691
vn -0.746666 -0.362387 -0.557823
v -0.712149 0.163455 -3.56948
vn -0.778196 -0.0913927 -0.621336
v -0.711287 0.101357 -3.56859
vn -0.933677 -0.13688 -0.330924
v -0.712149 0.163455 -3.56948
vn -0.778196 -0.0913927 -0.621336
v -0.720378 0.14608 -3.53691
vn -0.746666 -0.362387 -0.557823
v -0.730925 0.15605 -3.54481
vn -0.147391 -0.982727 -0.111911
v -0.469422 -0.3009 -3.4923
vn 0.0302791 0.114794 0.992928
v -0.440567 -0.296742 -3.50551
vn 0.700603 0.167566 0.693598
v -0.444511 -0.259674 -3.50946
vn 0.730898 -0.150552 0.665674
v -0.43004 -0.355443 -3.50032
vn 0.626758 0.209679 0.750472
v -0.440567 -0.296742 -3.50551
vn 0.700603 0.167566 0.693598
v -0.469422 -0.3009 -3.4923
vn 0.0302791 0.114794 0.992928
v -0.469422 -0.3009 -3.4923
vn 0.0302791 0.114794 0.992928
v -0.468916 -0.343203 -3.4857
vn -0.0594466 0.237129 0.969658
v -0.43004 -0.355443 -3.50032
vn 0.626758 0.209679 0.750472
v -0.468916 -0.343203 -3.4857
vn -0.0594466 0.237129 0.969658
v -0.472415 -0.377896 -3.4808
vn -0.125488 0.181242 0.975399
v -0.435501 -0.396146 -3.48499
vn 0.621991 0.314424 0.717122
v -0.435501 -0.396146 -3.48499
vn 0.621991 0.314424 0.717122
v -0.43004 -0.355443 -3.50032
vn 0.626758 0.209679 0.750472
v -0.468916 -0.343203 -3.4857
vn -0.0594466 0.237129 0.969658
v -0.435501 -0.396146 -3.48499
vn 0.621991 0.314424 0.717122
v -0.442338 -0.43975 -3.46504
vn 0.0534284 -0.695026 0.716996
v -0.421997 -0.446619 -3.46471
vn 0.804214 -0.0680582 0.59043
v -0.421997 -0.446619 -3.46471
vn 0.804214 -0.0680582 0.59043
v -0.422291 -0.436887 -3.47865
vn 0.859561 -0.498162 -0.113971
v -0.435501 -0.396146 -3.48499
vn 0.621991 0.314424 0.717122
v -0.435501 -0.396146 -3.48499
vn 0.621991 0.314424 0.717122
v -0.422291 -0.436887 -3.47865
vn 0.859561 -0.498162 -0.113971
v -0.423658 -0.441724 -3.49512
vn 0.535786 -0.655387 0.532355
v -0.43004 -0.355443 -3.50032
vn 0.626758 0.209679 0.750472
v -0.435501 -0.396146 -3.48499
vn 0.621991 0.314424 0.717122
v -0.423658 -0.441724 -3.49512
vn 0.535786 -0.655387 0.532355
v -0.550721 -0.0194989 -3.66204
vn -0.223323 -0.456667 -0.861151
v -0.478938 -0.0893051 -3.62564
vn 0.179119 -0.453269 -0.873192
v -0.552108 -0.116458 -3.57473
vn -0.557901 -0.626238 -0.544585
v -0.552108 -0.116458 -3.57473
vn -0.557901 -0.626238 -0.544585
v -0.636568 -0.0418409 -3.58814
vn -0.630146 -0.619779 -0.46775
v -0.550721 -0.0194989 -3.66204
vn -0.223323 -0.456667 -0.861151
v -0.550721 -0.0194989 -3.66204
vn -0.223323 -0.456667 -0.861151
v -0.636568 -0.0418409 -3.58814
vn -0.630146 -0.619779 -0.46775
v -0.673019 0.0385449 -3.60834
vn -0.707548 -0.330884 -0.624413
v -0.456072 -0.00994644 -3.6571
vn 0.265031 -0.354194 -0.896831
v -0.478938 -0.0893051 -3.62564
vn 0.179119 -0.453269 -0.873192
v -0.550721 -0.0194989 -3.66204
vn -0.223323 -0.456667 -0.861151
v -0.478938 -0.0893051 -3.62564
vn 0.179119 -0.453269 -0.873192
v -0.456072 -0.00994644 -3.6571
vn 0.265031 -0.354194 -0.896831
v -0.325903 -0.0227109 -3.58179
vn 0.521359 -0.386753 -0.760662
v -0.325903 -0.0227109 -3.58179
vn 0.521359 -0.386753 -0.760662
v -0.456072 -0.00994644 -3.6571
vn 0.265031 -0.354194 -0.896831
v -0.442848 0.0683886 -3.67768
vn 0.27468 -0.210517 -0.938208
v -0.442848 0.0683886 -3.67768
vn 0.27468 -0.210517 -0.938208
v -0.456072 -0.00994644 -3.6571
vn 0.265031 -0.354194 -0.896831
v -0.550721 -0.0194989 -3.66204
vn -0.223323 -0.456667 -0.861151
v -0.442848 0.0683886 -3.67768
vn 0.27468 -0.210517 -0.938208
v -0.293989 0.0571331 -3.59653
vn 0.621548 -0.265849 -0.736887
v -0.325903 -0.0227109 -3.58179
vn 0.521359 -0.386753 -0.760662
v -0.283007 0.148368 -3.60298
vn 0.617141 0.0205458 -0.786584
v -0.293989 0.0571331 -3.59653
vn 0.621548 -0.265849 -0.736887
v -0.442848 0.0683886 -3.67768
vn 0.27468 -0.210517 -0.938208
v -0.442848 0.0683886 -3.67768
vn 0.27468 -0.210517 -0.938208
v -0.435267 0.147498 -3.68669
vn 0.265807 0.0644363 -0.96187
v -0.283007 0.148368 -3.60298
vn 0.617141 0.0205458 -0.786584
v -0.580566 0.125309 -3.69328
vn -0.21787 0.00289389 -0.975973
v -0.435267 0.147498 -3.68669
vn 0.265807 0.0644363 -0.96187
v -0.442848 0.0683886 -3.67768
vn 0.27468 -0.210517 -0.938208
v -0.442848 0.0683886 -3.67768
vn 0.27468 -0.210517 -0.938208
v -0.576077 0.0559434 -3.68683
vn -0.326277 -0.235435 -0.915486
v -0.580566 0.125309 -3.69328
vn -0.21787 0.00289389 -0.975973
v -0.550721 -0.0194989 -3.66204
vn -0.223323 -0.456667 -0.861151
v -0.576077 0.0559434 -3.68683
vn -0.326277 -0.235435 -0.915486
v -0.442848 0.0683886 -3.67768
vn 0.27468 -0.210517 -0.938208
v -0.673019 0.0385449 -3.60834
vn -0.707548 -0.330884 -0.624413
v -0.576077 0.0559434 -3.68683
vn -0.326277 -0.235435 -0.915486
v -0.550721 -0.0194989 -3.66204
vn -0.223323 -0.456667 -0.861151
v -0.576077 0.0559434 -3.68683
vn -0.326277 -0.235435 -0.915486
v -0.673019 0.0385449 -3.60834
vn -0.707548 -0.330884 -0.624413
v -0.680376 0.107242 -3.62018
vn -0.709093 -0.0400602 -0.703976
v -0.680376 0.107242 -3.62018
vn -0.709093 -0.0400602 -0.703976
v -0.580566 0.125309 -3.69328
vn -0.21787 0.00289389 -0.975973
v -0.576077 0.0559434 -3.68683
vn -0.326277 -0.235435 -0.915486
v -0.711287 0.101357 -3.56859
vn -0.933677 -0.13688 -0.330924
v -0.680376 0.107242 -3.62018
vn -0.709093 -0.0400602 -0.703976
v -0.673019 0.0385449 -3.60834
vn -0.707548 -0.330884 -0.624413
v -0.680376 0.107242 -3.62018
vn -0.709093 -0.0400602 -0.703976
v -0.711287 0.101357 -3.56859
vn -0.933677 -0.13688 -0.330924
v -0.712149 0.163455 -3.56948
vn -0.778196 -0.0913927 -0.621336
v -0.712149 0.163455 -3.56948
vn -0.778196 -0.0913927 -0.621336
v -0.678589 0.168606 -3.6184
vn -0.688236 0.282643 -0.668164
v -0.680376 0.107242 -3.62018
vn -0.709093 -0.0400602 -0.703976
v -0.680376 0.107242 -3.62018
vn -0.709093 -0.0400602 -0.703976
v -0.678589 0.168606 -3.6184
vn -0.688236 0.282643 -0.668164
v -0.579402 0.178824 -3.6836
vn -0.343013 0.290342 -0.893333
v -0.579402 0.178824 -3.6836
vn -0.343013 0.290342 -0.893333
v -0.580566 0.125309 -3.69328
vn -0.21787 0.00289389 -0.975973
v -0.680376 0.107242 -3.62018
vn -0.709093 -0.0400602 -0.703976
v -0.435267 0.147498 -3.68669
vn 0.265807 0.0644363 -0.96187
v -0.580566 0.125309 -3.69328
vn -0.21787 0.00289389 -0.975973
v -0.579402 0.178824 -3.6836
vn -0.343013 0.290342 -0.893333
v -0.579402 0.178824 -3.6836
vn -0.343013 0.290342 -0.893333
v -0.438804 0.213714 -3.67771
vn 0.166169 0.420282 -0.892048
v -0.435267 0.147498 -3.68669
vn 0.265807 0.0644363 -0.96187
v -0.438804 0.213714 -3.67771
vn 0.166169 0.420282 -0.892048
v -0.579402 0.178824 -3.6836
vn -0.343013 0.290342 -0.893333
v -0.565241 0.244084 -3.65172
vn -0.303726 0.579994 -0.755882
v -0.644028 0.243799 -3.59077
vn -0.510937 0.49565 -0.702335
v -0.565241 0.244084 -3.65172
vn -0.303726 0.579994 -0.755882
v -0.579402 0.178824 -3.6836
vn -0.343013 0.290342 -0.893333
v -0.579402 0.178824 -3.6836
vn -0.343013 0.290342 -0.893333
v -0.678589 0.168606 -3.6184
vn -0.688236 0.282643 -0.668164
v -0.644028 0.243799 -3.59077
vn -0.510937 0.49565 -0.702335
v -0.644028 0.243799 -3.59077
vn -0.510937 0.49565 -0.702335
v -0.678589 0.168606 -3.6184
vn -0.688236 0.282643 -0.668164
v -0.712149 0.163455 -3.56948
vn -0.778196 -0.0913927 -0.621336
v -0.721911 0.172947 -3.56455
vn 0.101229 -0.157063 -0.982387
v -0.644028 0.243799 -3.59077
vn -0.510937 0.49565 -0.702335
v -0.712149 0.163455 -3.56948
vn -0.778196 -0.0913927 -0.621336
v -0.721911 0.172947 -3.56455
vn 0.101229 -0.157063 -0.982387
v -0.716644 0.212697 -3.56393
vn -0.40615 0.430004 -0.806312
v -0.644028 0.243799 -3.59077
vn -0.510937 0.49565 -0.702335
v -0.730925 0.15605 -3.54481
vn -0.147391 -0.982727 -0.111911
v -0.721911 0.172947 -3.56455
vn 0.101229 -0.157063 -0.982387
v -0.712149 0.163455 -3.56948
vn -0.778196 -0.0913927 -0.621336
v -0.716644 0.212697 -3.56393
vn -0.40615 0.430004 -0.806312
v -0.721911 0.172947 -3.56455
vn 0.101229 -0.157063 -0.982387
v -0.737663 0.191113 -3.57113
vn -0.373516 0.495499 -0.784198
v -0.752188 0.161687 -3.57878
vn -0.205026 0.21988 -0.953739
v -0.737663 0.191113 -3.57113
vn -0.373516 0.495499 -0.784198
v -0.721911 0.172947 -3.56455
vn 0.101229 -0.157063 -0.982387
v -0.741513 0.149475 -3.57319
vn 0.775953 -0.261088 -0.57422
v -0.721911 0.172947 -3.56455
vn 0.101229 -0.157063 -0.982387
v -0.730925 0.15605 -3.54481
vn -0.147391 -0.982727 -0.111911
v -0.730925 0.15605 -3.54481
vn -0.147391 -0.982727 -0.111911
v -0.748112 0.128104 -3.55768
vn 0.743491 -0.374964 0.553736
v -0.741513 0.149475 -3.57319
vn 0.775953 -0.261088 -0.57422
v -0.721911 0.172947 -3.56455
vn 0.101229 -0.157063 -0.982387
v -0.741513 0.149475 -3.57319
vn 0.775953 -0.261088 -0.57422
v -0.752188 0.161687 -3.57878
vn -0.205026 0.21988 -0.953739
v -0.752188 0.161687 -3.57878
vn -0.205026 0.21988 -0.953739
v -0.741513 0.149475 -3.57319
vn 0.775953 -0.261088 -0.57422
v -0.762966 0.118838 -3.58408
vn -0.0413708 0.172303 -0.984175
v -0.741513 0.149475 -3.57319
vn 0.775953 -0.261088 -0.57422
v -0.748112 0.128104 -3.55768
vn 0.743491 -0.374964 0.553736
v -0.757558 0.0843912 -3.57969
vn 0.916486 -0.148812 -0.371361
v -0.757558 0.0843912 -3.57969
vn 0.916486 -0.148812 -0.371361
v -0.762966 0.118838 -3.58408
vn -0.0413708 0.172303 -0.984175
v -0.741513 0.149475 -3.57319
vn 0.775953 -0.261088 -0.57422
v -0.748112 0.128104 -3.55768
vn 0.743491 -0.374964 0.553736
v -0.756096 0.0869672 -3.56372
vn 0.773532 -0.263534 0.576366
v -0.757558 0.0843912 -3.57969
vn 0.916486 -0.148812 -0.371361
v -0.757558 0.0843912 -3.57969
vn 0.916486 -0.148812 -0.371361
v -0.756096 0.0869672 -3.56372
vn 0.773532 -0.263534 0.576366
v -0.769438 0.0318539 -3.57378
vn 0.770753 -0.275966 0.574268
v -0.769438 0.0318539 -3.57378
vn 0.770753 -0.275966 0.574268
v -0.768877 0.0301452 -3.58815
vn 0.946274 -0.177487 -0.270302
v -0.757558 0.0843912 -3.57969
vn 0.916486 -0.148812 -0.371361
v -0.768877 0.0301452 -3.58815
vn 0.946274 -0.177487 -0.270302
v -0.769438 0.0318539 -3.57378
vn 0.770753 -0.275966 0.574268
v -0.783709 -0.0280726 -3.58454
vn 0.770537 -0.276905 0.574105
v -0.757558 0.0843912 -3.57969
vn 0.916486 -0.148812 -0.371361
v -0.768877 0.0301452 -3.58815
vn 0.946274 -0.177487 -0.270302
v -0.777454 0.0354983 -3.59684
vn 0.382137 0.0332223 -0.923508
v -0.762966 0.118838 -3.58408
vn -0.0413708 0.172303 -0.984175
v -0.757558 0.0843912 -3.57969
vn 0.916486 -0.148812 -0.371361
v -0.777454 0.0354983 -3.59684
vn 0.382137 0.0332223 -0.923508
v -0.777454 0.0354983 -3.59684
vn 0.382137 0.0332223 -0.923508
v -0.788417 0.0638689 -3.58787
vn -0.780816 0.22847 -0.581488
v -0.762966 0.118838 -3.58408
vn -0.0413708 0.172303 -0.984175
v -0.777454 0.0354983 -3.59684
vn 0.382137 0.0332223 -0.923508
v -0.768877 0.0301452 -3.58815
vn 0.946274 -0.177487 -0.270302
v -0.782422 -0.0263927 -3.59526
vn 0.919744 -0.16242 -0.357339
v -0.783709 -0.0280726 -3.58454
vn 0.770537 -0.276905 0.574105
v -0.782422 -0.0263927 -3.59526
vn 0.919744 -0.16242 -0.357339
v -0.768877 0.0301452 -3.58815
vn 0.946274 -0.177487 -0.270302
v -0.788417 0.0638689 -3.58787
vn -0.780816 0.22847 -0.581488
v -0.777454 0.0354983 -3.59684
vn 0.382137 0.0332223 -0.923508
v -0.790497 -0.0226906 -3.6017
vn -0.00339382 0.0573873 -0.998346
v -0.782422 -0.0263927 -3.59526
vn 0.919744 -0.16242 -0.357339
v -0.790497 -0.0226906 -3.6017
vn -0.00339382 0.0573873 -0.998346
v -0.777454 0.0354983 -3.59684
vn 0.382137 0.0332223 -0.923508
v -0.790497 -0.0226906 -3.6017
vn -0.00339382 0.0573873 -0.998346
v -0.800287 -0.0198016 -3.59689
vn -0.797326 0.114521 -0.592585
v -0.788417 0.0638689 -3.58787
vn -0.780816 0.22847 -0.581488
v -0.802492 -0.0718765 -3.59864
vn -0.775721 -0.252161 -0.578508
v -0.800287 -0.0198016 -3.59689
vn -0.797326 0.114521 -0.592585
v -0.790497 -0.0226906 -3.6017
vn -0.00339382 0.0573873 -0.998346
v -0.790497 -0.0226906 -3.6017
vn -0.00339382 0.0573873 -0.998346
v -0.795624 -0.0657487 -3.60372
vn 0.0818232 -0.419961 -0.903846
v -0.802492 -0.0718765 -3.59864
vn -0.775721 -0.252161 -0.578508
v -0.794129 -0.076146 -3.59241
vn 0.434084 -0.841346 0.322038
v -0.802492 -0.0718765 -3.59864
vn -0.775721 -0.252161 -0.578508
v -0.795624 -0.0657487 -3.60372
vn 0.0818232 -0.419961 -0.903846
v -0.790191 -0.068304 -3.59958
vn 0.725415 -0.305677 -0.616712
v -0.795624 -0.0657487 -3.60372
vn 0.0818232 -0.419961 -0.903846
v -0.790497 -0.0226906 -3.6017
vn -0.00339382 0.0573873 -0.998346
v -0.790497 -0.0226906 -3.6017
vn -0.00339382 0.0573873 -0.998346
v -0.782422 -0.0263927 -3.59526
vn 0.919744 -0.16242 -0.357339
v -0.790191 -0.068304 -3.59958
vn 0.725415 -0.305677 -0.616712
v -0.795624 -0.0657487 -3.60372
vn 0.0818232 -0.419961 -0.903846
v -0.790191 -0.068304 -3.59958
vn 0.725415 -0.305677 -0.616712
v -0.794129 -0.076146 -3.59241
vn 0.434084 -0.841346 0.322038
v -0.794129 -0.076146 -3.59241
vn 0.434084 -0.841346 0.322038
v -0.790191 -0.068304 -3.59958
vn 0.725415 -0.305677 -0.616712
v -0.782422 -0.0263927 -3.59526
vn 0.919744 -0.16242 -0.357339
v -0.782422 -0.0263927 -3.59526
vn 0.919744 -0.16242 -0.357339
v -0.783709 -0.0280726 -3.58454
vn 0.770537 -0.276905 0.574105
v -0.794129 -0.076146 -3.59241
vn 0.434084 -0.841346 0.322038
v 0.670332 0.313001 -2.67069
vn 0.95196 -0.284 0.114526
v 0.667367 0.276064 -2.67956
vn 0.982397 -0.120092 -0.14309
v 0.664257 0.2816 -2.70461
vn 0.720777 -0.447713 -0.529183
v 0.678571 0.340675 -2.65851
vn 0.802136 -0.551078 0.22998
v 0.670332 0.313001 -2.67069
vn 0.95196 -0.284 0.114526
v 0.664257 0.2816 -2.70461
vn 0.720777 -0.447713 -0.529183
v 0.664257 0.2816 -2.70461
vn 0.720777 -0.447713 -0.529183
v 0.627806 0.249828 -2.72489
vn 0.720855 0.0182974 -0.692844
v 0.607205 0.316239 -2.71663
vn 0.249171 0.464789 -0.849638
v 0.664257 0.2816 -2.70461
vn 0.720777 -0.447713 -0.529183
v 0.696322 0.286223 -2.71877
vn 0.331007 -0.911502 -0.244127
v 0.678571 0.340675 -2.65851
vn 0.802136 -0.551078 0.22998
v 0.704599 0.375026 -2.67254
vn 0.746008 -0.562794 0.356
v 0.678571 0.340675 -2.65851
vn 0.802136 -0.551078 0.22998
v 0.696322 0.286223 -2.71877
vn 0.331007 -0.911502 -0.244127
v 0.607205 0.316239 -2.71663
vn 0.249171 0.464789 -0.849638
v 0.641968 0.318528 -2.71212
vn -0.279566 0.110327 -0.953767
v 0.664257 0.2816 -2.70461
vn 0.720777 -0.447713 -0.529183
v 0.696322 0.286223 -2.71877
vn 0.331007 -0.911502 -0.244127
v 0.664257 0.2816 -2.70461
vn 0.720777 -0.447713 -0.529183
v 0.641968 0.318528 -2.71212
vn -0.279566 0.110327 -0.953767
v 0.626858 0.357194 -2.67953
vn -0.341697 0.882439 -0.323334
v 0.641968 0.318528 -2.71212
vn -0.279566 0.110327 -0.953767
v 0.607205 0.316239 -2.71663
vn 0.249171 0.464789 -0.849638
v 0.607205 0.316239 -2.71663
vn 0.249171 0.464789 -0.849638
v 0.594697 0.347759 -2.67812
vn 0.0097078 0.937209 -0.348632
v 0.626858 0.357194 -2.67953
vn -0.341697 0.882439 -0.323334
v 0.626858 0.357194 -2.67953
vn -0.341697 0.882439 -0.323334
v 0.594697 0.347759 -2.67812
vn 0.0097078 0.937209 -0.348632
v 0.601398 0.348652 -2.62496
vn -0.0100978 0.959995 0.279836
v 0.601398 0.348652 -2.62496
vn -0.0100978 0.959995 0.279836
v 0.641778 0.358258 -2.61864
vn -0.409009 0.57345 0.709836
v 0.626858 0.357194 -2.67953
vn -0.341697 0.882439 -0.323334
v 0.641778 0.358258 -2.61864
vn -0.409009 0.57345 0.709836
v 0.601398 0.348652 -2.62496
vn -0.0100978 0.959995 0.279836
v 0.64874 0.302362 -2.60349
vn 0.760128 0.360495 0.5406
v 0.64874 0.302362 -2.60349
vn 0.760128 0.360495 0.5406
v 0.674848 0.343783 -2.60041
vn 0.551418 -0.405832 0.728861
v 0.641778 0.358258 -2.61864
vn -0.409009 0.57345 0.709836
v 0.674848 0.343783 -2.60041
vn 0.551418 -0.405832 0.728861
v 0.64874 0.302362 -2.60349
vn 0.760128 0.360495 0.5406
v 0.670332 0.313001 -2.67069
vn 0.95196 -0.284 0.114526
v 0.670332 0.313001 -2.67069
vn 0.95196 -0.284 0.114526
v 0.678571 0.340675 -2.65851
vn 0.802136 -0.551078 0.22998
v 0.674848 0.343783 -2.60041
vn 0.551418 -0.405832 0.728861
v 0.678571 0.340675 -2.65851
vn 0.802136 -0.551078 0.22998
v 0.694049 0.359386 -2.59679
vn 0.140802 -0.0416181 0.989163
v 0.674848 0.343783 -2.60041
vn 0.551418 -0.405832 0.728861
v 0.641778 0.358258 -2.61864
vn -0.409009 0.57345 0.709836
v 0.674848 0.343783 -2.60041
vn 0.551418 -0.405832 0.728861
v 0.694049 0.359386 -2.59679
vn 0.140802 -0.0416181 0.989163
v 0.71279 0.385681 -2.60498
vn 0.501676 -0.0747717 0.861818
v 0.694049 0.359386 -2.59679
vn 0.140802 -0.0416181 0.989163
v 0.678571 0.340675 -2.65851
vn 0.802136 -0.551078 0.22998
v 0.678571 0.340675 -2.65851
vn 0.802136 -0.551078 0.22998
v 0.704599 0.375026 -2.67254
vn 0.746008 -0.562794 0.356
v 0.71279 0.385681 -2.60498
vn 0.501676 -0.0747717 0.861818
v 0.735196 0.413344 -2.61439
vn 0.276014 0.304517 0.911639
v 0.71279 0.385681 -2.60498
vn 0.501676 -0.0747717 0.861818
v 0.704599 0.375026 -2.67254
vn 0.746008 -0.562794 0.356
v 0.704599 0.375026 -2.67254
vn 0.746008 -0.562794 0.356
v 0.738206 0.410658 -2.6724
vn 0.660322 -0.640745 0.391688
v 0.735196 0.413344 -2.61439
vn 0.276014 0.304517 0.911639
v 0.759709 0.434404 -2.62982
vn 0.617462 -0.0674004 0.783708
v 0.735196 0.413344 -2.61439
vn 0.276014 0.304517 0.911639
v 0.738206 0.410658 -2.6724
vn 0.660322 -0.640745 0.391688
v 0.738206 0.410658 -2.6724
vn 0.660322 -0.640745 0.391688
v 0.766034 0.435979 -2.65776
vn 0.33807 -0.893268 0.296279
v 0.759709 0.434404 -2.62982
vn 0.617462 -0.0674004 0.783708
v 0.782401 0.441363 -2.64461
vn 0.579401 -0.352572 0.734838
v 0.759709 0.434404 -2.62982
vn 0.617462 -0.0674004 0.783708
v 0.766034 0.435979 -2.65776
vn 0.33807 -0.893268 0.296279
v 0.626858 0.357194 -2.67953
vn -0.341697 0.882439 -0.323334
v 0.641778 0.358258 -2.61864
vn -0.409009 0.57345 0.709836
v 0.66865 0.376417 -2.61862
vn -0.472554 0.758169 0.449302
v 0.694049 0.359386 -2.59679
vn 0.140802 -0.0416181 0.989163
v 0.66865 0.376417 -2.61862
vn -0.472554 0.758169 0.449302
v 0.641778 0.358258 -2.61864
vn -0.409009 0.57345 0.709836
v 0.66865 0.376417 -2.61862
vn -0.472554 0.758169 0.449302
v 0.694049 0.359386 -2.59679
vn 0.140802 -0.0416181 0.989163
v 0.71279 0.385681 -2.60498
vn 0.501676 -0.0747717 0.861818
v 0.66865 0.376417 -2.61862
vn -0.472554 0.758169 0.449302
v 0.655566 0.368809 -2.6911
vn -0.501092 0.739471 -0.449544
v 0.626858 0.357194 -2.67953
vn -0.341697 0.882439 -0.323334
v 0.641968 0.318528 -2.71212
vn -0.279566 0.110327 -0.953767
v 0.626858 0.357194 -2.67953
vn -0.341697 0.882439 -0.323334
v 0.655566 0.368809 -2.6911
vn -0.501092 0.739471 -0.449544
v 0.655566 0.368809 -2.6911
vn -0.501092 0.739471 -0.449544
v 0.66865 0.376417 -2.61862
vn -0.472554 0.758169 0.449302
v 0.698269 0.39816 -2.62144
vn -0.506002 0.789756 0.346768
v 0.71279 0.385681 -2.60498
vn 0.501676 -0.0747717 0.861818
v 0.698269 0.39816 -2.62144
vn -0.506002 0.789756 0.346768
v 0.66865 0.376417 -2.61862
vn -0.472554 0.758169 0.449302
v 0.698269 0.39816 -2.62144
vn -0.506002 0.789756 0.346768
v 0.71279 0.385681 -2.60498
vn 0.501676 -0.0747717 0.861818
v 0.735196 0.413344 -2.61439
vn 0.276014 0.304517 0.911639
v 0.698269 0.39816 -2.62144
vn -0.506002 0.789756 0.346768
v 0.692577 0.387771 -2.69556
vn -0.513225 0.727267 -0.455723
v 0.655566 0.368809 -2.6911
vn -0.501092 0.739471 -0.449544
v 0.692577 0.387771 -2.69556
vn -0.513225 0.727267 -0.455723
v 0.698269 0.39816 -2.62144
vn -0.506002 0.789756 0.346768
v 0.733049 0.423868 -2.63
vn -0.530489 0.819897 0.215293
v 0.735196 0.413344 -2.61439
vn 0.276014 0.304517 0.911639
v 0.733049 0.423868 -2.63
vn -0.530489 0.819897 0.215293
v 0.698269 0.39816 -2.62144
vn -0.506002 0.789756 0.346768
v 0.733049 0.423868 -2.63
vn -0.530489 0.819897 0.215293
v 0.732386 0.422259 -2.68609
vn -0.556035 0.73995 -0.378548
v 0.692577 0.387771 -2.69556
vn -0.513225 0.727267 -0.455723
v 0.655566 0.368809 -2.6911
vn -0.501092 0.739471 -0.449544
v 0.672896 0.320392 -2.72836
vn -0.352674 0.0304519 -0.935251
v 0.641968 0.318528 -2.71212
vn -0.279566 0.110327 -0.953767
v 0.672896 0.320392 -2.72836
vn -0.352674 0.0304519 -0.935251
v 0.655566 0.368809 -2.6911
vn -0.501092 0.739471 -0.449544
v 0.692577 0.387771 -2.69556
vn -0.513225 0.727267 -0.455723
v 0.641968 0.318528 -2.71212
vn -0.279566 0.110327 -0.953767
v 0.672896 0.320392 -2.72836
vn -0.352674 0.0304519 -0.935251
v 0.696322 0.286223 -2.71877
vn 0.331007 -0.911502 -0.244127
v 0.692577 0.387771 -2.69556
vn -0.513225 0.727267 -0.455723
v 0.708505 0.333861 -2.74042
vn -0.269181 0.239111 -0.932935
v 0.672896 0.320392 -2.72836
vn -0.352674 0.0304519 -0.935251
v 0.708505 0.333861 -2.74042
vn -0.269181 0.239111 -0.932935
v 0.692577 0.387771 -2.69556
vn -0.513225 0.727267 -0.455723
v 0.732386 0.422259 -2.68609
vn -0.556035 0.73995 -0.378548
v 0.726467 0.310894 -2.73168
vn 0.575771 -0.652551 -0.49261
v 0.696322 0.286223 -2.71877
vn 0.331007 -0.911502 -0.244127
v 0.672896 0.320392 -2.72836
vn -0.352674 0.0304519 -0.935251
v 0.672896 0.320392 -2.72836
vn -0.352674 0.0304519 -0.935251
v 0.708505 0.333861 -2.74042
vn -0.269181 0.239111 -0.932935
v 0.726467 0.310894 -2.73168
vn 0.575771 -0.652551 -0.49261
v 0.696322 0.286223 -2.71877
vn 0.331007 -0.911502 -0.244127
v 0.726467 0.310894 -2.73168
vn 0.575771 -0.652551 -0.49261
v 0.704599 0.375026 -2.67254
vn 0.746008 -0.562794 0.356
v 0.738206 0.410658 -2.6724
vn 0.660322 -0.640745 0.391688
v 0.704599 0.375026 -2.67254
vn 0.746008 -0.562794 0.356
v 0.726467 0.310894 -2.73168
vn 0.575771 -0.652551 -0.49261
v 0.726467 0.310894 -2.73168
vn 0.575771 -0.652551 -0.49261
v 0.708505 0.333861 -2.74042
vn -0.269181 0.239111 -0.932935
v 0.743229 0.377241 -2.73514
vn -0.0586639 0.356628 -0.932403
v 0.732386 0.422259 -2.68609
vn -0.556035 0.73995 -0.378548
v 0.743229 0.377241 -2.73514
vn -0.0586639 0.356628 -0.932403
v 0.708505 0.333861 -2.74042
vn -0.269181 0.239111 -0.932935
v 0.743229 0.377241 -2.73514
vn -0.0586639 0.356628 -0.932403
v 0.753763 0.355191 -2.73063
vn 0.94935 -0.284967 -0.132396
v 0.726467 0.310894 -2.73168
vn 0.575771 -0.652551 -0.49261
v 0.726467 0.310894 -2.73168
vn 0.575771 -0.652551 -0.49261
v 0.753763 0.355191 -2.73063
vn 0.94935 -0.284967 -0.132396
v 0.738206 0.410658 -2.6724
vn 0.660322 -0.640745 0.391688
v 0.753763 0.355191 -2.73063
vn 0.94935 -0.284967 -0.132396
v 0.760742 0.401444 -2.70721
vn 0.835298 -0.534171 0.130147
v 0.738206 0.410658 -2.6724
vn 0.660322 -0.640745 0.391688
v 0.753763 0.355191 -2.73063
vn 0.94935 -0.284967 -0.132396
v 0.743229 0.377241 -2.73514
vn -0.0586639 0.356628 -0.932403
v 0.764744 0.421509 -2.70658
vn 0.396724 0.528483 -0.750544
v 0.764744 0.421509 -2.70658
vn 0.396724 0.528483 -0.750544
v 0.760742 0.401444 -2.70721
vn 0.835298 -0.534171 0.130147
v 0.753763 0.355191 -2.73063
vn 0.94935 -0.284967 -0.132396
v 0.766034 0.435979 -2.65776
vn 0.33807 -0.893268 0.296279
v 0.738206 0.410658 -2.6724
vn 0.660322 -0.640745 0.391688
v 0.760742 0.401444 -2.70721
vn 0.835298 -0.534171 0.130147
v 0.760742 0.401444 -2.70721
vn 0.835298 -0.534171 0.130147
v 0.764744 0.421509 -2.70658
vn 0.396724 0.528483 -0.750544
v 0.784609 0.439072 -2.68872
vn 0.780686 -0.0289958 -0.624251
v 0.784609 0.439072 -2.68872
vn 0.780686 -0.0289958 -0.624251
v 0.782724 0.429211 -2.68195
vn 0.637206 -0.77061 0.0113151
v 0.760742 0.401444 -2.70721
vn 0.835298 -0.534171 0.130147
v 0.760742 0.401444 -2.70721
vn 0.835298 -0.534171 0.130147
v 0.782724 0.429211 -2.68195
vn 0.637206 -0.77061 0.0113151
v 0.766034 0.435979 -2.65776
vn 0.33807 -0.893268 0.296279
v 0.766034 0.435979 -2.65776
vn 0.33807 -0.893268 0.296279
v 0.782724 0.429211 -2.68195
vn 0.637206 -0.77061 0.0113151
v 0.80041 0.437935 -2.66088
vn 0.928425 -0.337274 0.155796
v 0.80041 0.437935 -2.66088
vn 0.928425 -0.337274 0.155796
v 0.782401 0.441363 -2.64461
vn 0.579401 -0.352572 0.734838
v 0.766034 0.435979 -2.65776
vn 0.33807 -0.893268 0.296279
v 0.80041 0.437935 -2.66088
vn 0.928425 -0.337274 0.155796
v 0.782724 0.429211 -2.68195
vn 0.637206 -0.77061 0.0113151
v 0.784609 0.439072 -2.68872
vn 0.780686 -0.0289958 -0.624251
v 0.784609 0.439072 -2.68872
vn 0.780686 -0.0289958 -0.624251
v 0.793234 0.448584 -2.67233
vn 0.193427 0.9397 -0.282045
v 0.80041 0.437935 -2.66088
vn 0.928425 -0.337274 0.155796
v 0.793234 0.448584 -2.67233
vn 0.193427 0.9397 -0.282045
v 0.784609 0.439072 -2.68872
vn 0.780686 -0.0289958 -0.624251
v 0.764744 0.421509 -2.70658
vn 0.396724 0.528483 -0.750544
v 0.80041 0.437935 -2.66088
vn 0.928425 -0.337274 0.155796
v 0.793234 0.448584 -2.67233
vn 0.193427 0.9397 -0.282045
v 0.784969 0.450033 -2.65383
vn 0.312842 0.836377 0.450116
v 0.784969 0.450033 -2.65383
vn 0.312842 0.836377 0.450116
v 0.782401 0.441363 -2.64461
vn 0.579401 -0.352572 0.734838
v 0.80041 0.437935 -2.66088
vn 0.928425 -0.337274 0.155796
v 0.759709 0.434404 -2.62982
vn 0.617462 -0.0674004 0.783708
v 0.782401 0.441363 -2.64461
vn 0.579401 -0.352572 0.734838
v 0.784969 0.450033 -2.65383
vn 0.312842 0.836377 0.450116
v 0.784969 0.450033 -2.65383
vn 0.312842 0.836377 0.450116
v 0.763918 0.446003 -2.64666
vn -0.324612 0.919801 0.220439
v 0.759709 0.434404 -2.62982
vn 0.617462 -0.0674004 0.783708
v 0.763918 0.446003 -2.64666
vn -0.324612 0.919801 0.220439
v 0.784969 0.450033 -2.65383
vn 0.312842 0.836377 0.450116
v 0.793234 0.448584 -2.67233
vn 0.193427 0.9397 -0.282045
v 0.735196 0.413344 -2.61439
vn 0.276014 0.304517 0.911639
v 0.759709 0.434404 -2.62982
vn 0.617462 -0.0674004 0.783708
v 0.763918 0.446003 -2.64666
vn -0.324612 0.919801 0.220439
v 0.763918 0.446003 -2.64666
vn -0.324612 0.919801 0.220439
v 0.733049 0.423868 -2.63
vn -0.530489 0.819897 0.215293
v 0.735196 0.413344 -2.61439
vn 0.276014 0.304517 0.911639
v 0.732386 0.422259 -2.68609
vn -0.556035 0.73995 -0.378548
v 0.733049 0.423868 -2.63
vn -0.530489 0.819897 0.215293
v 0.763918 0.446003 -2.64666
vn -0.324612 0.919801 0.220439
v 0.743229 0.377241 -2.73514
vn -0.0586639 0.356628 -0.932403
v 0.732386 0.422259 -2.68609
vn -0.556035 0.73995 -0.378548
v 0.766272 0.447642 -2.68039
vn -0.300334 0.848894 -0.434946
v 0.763918 0.446003 -2.64666
vn -0.324612 0.919801 0.220439
v 0.766272 0.447642 -2.68039
vn -0.300334 0.848894 -0.434946
v 0.732386 0.422259 -2.68609
vn -0.556035 0.73995 -0.378548
v 0.766272 0.447642 -2.68039
vn -0.300334 0.848894 -0.434946
v 0.764744 0.421509 -2.70658
vn 0.396724 0.528483 -0.750544
v 0.743229 0.377241 -2.73514
vn -0.0586639 0.356628 -0.932403
v 0.764744 0.421509 -2.70658
vn 0.396724 0.528483 -0.750544
v 0.766272 0.447642 -2.68039
vn -0.300334 0.848894 -0.434946
v 0.793234 0.448584 -2.67233
vn 0.193427 0.9397 -0.282045
v 0.793234 0.448584 -2.67233
vn 0.193427 0.9397 -0.282045
v 0.766272 0.447642 -2.68039
vn -0.300334 0.848894 -0.434946
v 0.763918 0.446003 -2.64666
vn -0.324612 0.919801 0.220439
v -0.40927 -0.398097 -3.50323
vn 0.631516 0.3118 0.709907
v -0.423658 -0.441724 -3.49512
vn 0.535786 -0.655387 0.532355
v -0.402155 -0.44727 -3.49247
vn 0.284438 -0.58528 0.759304
v -0.402155 -0.44727 -3.49247
vn 0.284438 -0.58528 0.759304
v -0.387912 -0.436531 -3.49886
vn 0.854201 -0.0252715 0.519328
v -0.40927 -0.398097 -3.50323
vn 0.631516 0.3118 0.709907
v -0.40927 -0.398097 -3.50323
vn 0.631516 0.3118 0.709907
v -0.387912 -0.436531 -3.49886
vn 0.854201 -0.0252715 0.519328
v -0.386151 -0.437458 -3.52448
vn 0.861909 -0.492188 -0.121918
v -0.386151 -0.437458 -3.52448
vn 0.861909 -0.492188 -0.121918
v -0.401506 -0.383581 -3.5288
vn 0.961559 0.269772 -0.0512465
v -0.40927 -0.398097 -3.50323
vn 0.631516 0.3118 0.709907
v -0.40927 -0.398097 -3.50323
vn 0.631516 0.3118 0.709907
v -0.401506 -0.383581 -3.5288
vn 0.961559 0.269772 -0.0512465
v -0.413047 -0.344118 -3.53008
vn 0.956571 0.28087 0.078005
v -0.413047 -0.344118 -3.53008
vn 0.956571 0.28087 0.078005
v -0.43004 -0.355443 -3.50032
vn 0.626758 0.209679 0.750472
v -0.40927 -0.398097 -3.50323
vn 0.631516 0.3118 0.709907
v -0.418251 -0.377549 -3.56567
vn 0.710869 0.164946 -0.68371
v -0.401506 -0.383581 -3.5288
vn 0.961559 0.269772 -0.0512465
v -0.386151 -0.437458 -3.52448
vn 0.861909 -0.492188 -0.121918
v -0.386151 -0.437458 -3.52448
vn 0.861909 -0.492188 -0.121918
v -0.40528 -0.437592 -3.56101
vn 0.527684 -0.613584 -0.587421
v -0.418251 -0.377549 -3.56567
vn 0.710869 0.164946 -0.68371
v -0.42108 -0.424141 -3.57149
vn 0.662668 -0.292335 -0.689501
v -0.418251 -0.377549 -3.56567
vn 0.710869 0.164946 -0.68371
v -0.40528 -0.437592 -3.56101
vn 0.527684 -0.613584 -0.587421
v -0.42108 -0.424141 -3.57149
vn 0.662668 -0.292335 -0.689501
v -0.40528 -0.437592 -3.56101
vn 0.527684 -0.613584 -0.587421
v -0.438715 -0.446851 -3.55706
vn 0.100501 -0.96773 -0.231081
v -0.438715 -0.446851 -3.55706
vn 0.100501 -0.96773 -0.231081
v -0.439653 -0.447032 -3.56793
vn 0.125537 -0.991583 0.0316944
v -0.42108 -0.424141 -3.57149
vn 0.662668 -0.292335 -0.689501
v -0.439653 -0.447032 -3.56793
vn 0.125537 -0.991583 0.0316944
v -0.438715 -0.446851 -3.55706
vn 0.100501 -0.96773 -0.231081
v -0.471562 -0.435658 -3.53874
vn -0.595061 -0.751482 -0.284918
v -0.471562 -0.435658 -3.53874
vn -0.595061 -0.751482 -0.284918
v -0.465056 -0.436938 -3.57193
vn -0.675669 -0.657033 -0.334334
v -0.439653 -0.447032 -3.56793
vn 0.125537 -0.991583 0.0316944
v -0.437771 -0.447913 -3.57975
vn 0.288246 -0.752834 -0.59174
v -0.439653 -0.447032 -3.56793
vn 0.125537 -0.991583 0.0316944
v -0.465056 -0.436938 -3.57193
vn -0.675669 -0.657033 -0.334334
v -0.42108 -0.424141 -3.57149
vn 0.662668 -0.292335 -0.689501
v -0.439653 -0.447032 -3.56793
vn 0.125537 -0.991583 0.0316944
v -0.437771 -0.447913 -3.57975
vn 0.288246 -0.752834 -0.59174
v -0.485882 -0.359903 -3.55054
vn -0.663742 -0.0461964 -0.746534
v -0.465056 -0.436938 -3.57193
vn -0.675669 -0.657033 -0.334334
v -0.471562 -0.435658 -3.53874
vn -0.595061 -0.751482 -0.284918
v -0.519735 -0.382935 -3.52043
vn -0.983985 -0.0572192 -0.168817
v -0.485882 -0.359903 -3.55054
vn -0.663742 -0.0461964 -0.746534
v -0.471562 -0.435658 -3.53874
vn -0.595061 -0.751482 -0.284918
v -0.465056 -0.436938 -3.57193
vn -0.675669 -0.657033 -0.334334
v -0.450794 -0.433992 -3.58751
vn -0.222964 -0.0345804 -0.974213
v -0.437771 -0.447913 -3.57975
vn 0.288246 -0.752834 -0.59174
v -0.450794 -0.433992 -3.58751
vn -0.222964 -0.0345804 -0.974213
v -0.465056 -0.436938 -3.57193
vn -0.675669 -0.657033 -0.334334
v -0.485882 -0.359903 -3.55054
vn -0.663742 -0.0461964 -0.746534
v -0.43304 -0.424928 -3.58136
vn 0.485118 0.00390691 -0.87444
v -0.437771 -0.447913 -3.57975
vn 0.288246 -0.752834 -0.59174
v -0.450794 -0.433992 -3.58751
vn -0.222964 -0.0345804 -0.974213
v -0.437771 -0.447913 -3.57975
vn 0.288246 -0.752834 -0.59174
v -0.43304 -0.424928 -3.58136
vn 0.485118 0.00390691 -0.87444
v -0.42108 -0.424141 -3.57149
vn 0.662668 -0.292335 -0.689501
v -0.432618 -0.371153 -3.57048
vn 0.250956 0.184497 -0.950254
v -0.43304 -0.424928 -3.58136
vn 0.485118 0.00390691 -0.87444
v -0.450794 -0.433992 -3.58751
vn -0.222964 -0.0345804 -0.974213
v -0.42108 -0.424141 -3.57149
vn 0.662668 -0.292335 -0.689501
v -0.43304 -0.424928 -3.58136
vn 0.485118 0.00390691 -0.87444
v -0.432618 -0.371153 -3.57048
vn 0.250956 0.184497 -0.950254
v -0.432618 -0.371153 -3.57048
vn 0.250956 0.184497 -0.950254
v -0.418251 -0.377549 -3.56567
vn 0.710869 0.164946 -0.68371
v -0.42108 -0.424141 -3.57149
vn 0.662668 -0.292335 -0.689501
v -0.450794 -0.433992 -3.58751
vn -0.222964 -0.0345804 -0.974213
v -0.456465 -0.390746 -3.57371
vn -0.260421 0.214411 -0.941387
v -0.432618 -0.371153 -3.57048
vn 0.250956 0.184497 -0.950254
v -0.485882 -0.359903 -3.55054
vn -0.663742 -0.0461964 -0.746534
v -0.456465 -0.390746 -3.57371
vn -0.260421 0.214411 -0.941387
v -0.450794 -0.433992 -3.58751
vn -0.222964 -0.0345804 -0.974213
v -0.448593 -0.339581 -3.56652
vn -0.062188 0.0514839 -0.996736
v -0.432618 -0.371153 -3.57048
vn 0.250956 0.184497 -0.950254
v -0.456465 -0.390746 -3.57371
vn -0.260421 0.214411 -0.941387
v -0.456465 -0.390746 -3.57371
vn -0.260421 0.214411 -0.941387
v -0.485882 -0.359903 -3.55054
vn -0.663742 -0.0461964 -0.746534
v -0.448593 -0.339581 -3.56652
vn -0.062188 0.0514839 -0.996736
v -0.425934 -0.338523 -3.56152
vn 0.660937 0.188638 -0.726345
v -0.432618 -0.371153 -3.57048
vn 0.250956 0.184497 -0.950254
v -0.448593 -0.339581 -3.56652
vn -0.062188 0.0514839 -0.996736
v -0.432618 -0.371153 -3.57048
vn 0.250956 0.184497 -0.950254
v -0.425934 -0.338523 -3.56152
vn 0.660937 0.188638 -0.726345
v -0.418251 -0.377549 -3.56567
vn 0.710869 0.164946 -0.68371
v -0.401506 -0.383581 -3.5288
vn 0.961559 0.269772 -0.0512465
v -0.418251 -0.377549 -3.56567
vn 0.710869 0.164946 -0.68371
v -0.425934 -0.338523 -3.56152
vn 0.660937 0.188638 -0.726345
v -0.425934 -0.338523 -3.56152
vn 0.660937 0.188638 -0.726345
v -0.413047 -0.344118 -3.53008
vn 0.956571 0.28087 0.078005
v -0.401506 -0.383581 -3.5288
vn 0.961559 0.269772 -0.0512465
v -0.43004 -0.355443 -3.50032
vn 0.626758 0.209679 0.750472
v -0.413047 -0.344118 -3.53008
vn 0.956571 0.28087 0.078005
v -0.426036 -0.291393 -3.54235
vn 0.976186 0.160612 0.145824
v -0.426036 -0.291393 -3.54235
vn 0.976186 0.160612 0.145824
v -0.440567 -0.296742 -3.50551
vn 0.700603 0.167566 0.693598
v -0.43004 -0.355443 -3.50032
vn 0.626758 0.209679 0.750472
v -0.444511 -0.259674 -3.50946
vn 0.730898 -0.150552 0.665674
v -0.440567 -0.296742 -3.50551
vn 0.700603 0.167566 0.693598
v -0.426036 -0.291393 -3.54235
vn 0.976186 0.160612 0.145824
v -0.426036 -0.291393 -3.54235
vn 0.976186 0.160612 0.145824
v -0.428835 -0.250725 -3.55273
vn 0.823653 -0.0912326 -0.559707
v -0.444511 -0.259674 -3.50946
vn 0.730898 -0.150552 0.665674
v -0.444511 -0.259674 -3.50946
vn 0.730898 -0.150552 0.665674
v -0.428835 -0.250725 -3.55273
vn 0.823653 -0.0912326 -0.559707
v -0.411763 -0.212142 -3.55023
vn 0.788093 -0.435981 -0.434546
v -0.411763 -0.212142 -3.55023
vn 0.788093 -0.435981 -0.434546
v -0.428835 -0.250725 -3.55273
vn 0.823653 -0.0912326 -0.559707
v -0.476111 -0.230246 -3.58188
vn 0.0310339 -0.311134 -0.949859
v -0.428835 -0.250725 -3.55273
vn 0.823653 -0.0912326 -0.559707
v -0.426036 -0.291393 -3.54235
vn 0.976186 0.160612 0.145824
v -0.438869 -0.292804 -3.56778
vn 0.587673 0.0931391 -0.80372
v -0.438869 -0.292804 -3.56778
vn 0.587673 0.0931391 -0.80372
v -0.426036 -0.291393 -3.54235
vn 0.976186 0.160612 0.145824
v -0.413047 -0.344118 -3.53008
vn 0.956571 0.28087 0.078005
v -0.413047 -0.344118 -3.53008
vn 0.956571 0.28087 0.078005
v -0.425934 -0.338523 -3.56152
vn 0.660937 0.188638 -0.726345
v -0.438869 -0.292804 -3.56778
vn 0.587673 0.0931391 -0.80372
v -0.448593 -0.339581 -3.56652
vn -0.062188 0.0514839 -0.996736
v -0.438869 -0.292804 -3.56778
vn 0.587673 0.0931391 -0.80372
v -0.425934 -0.338523 -3.56152
vn 0.660937 0.188638 -0.726345
v -0.476264 -0.276693 -3.56787
vn -0.141363 -0.0926201 -0.985615
v -0.438869 -0.292804 -3.56778
vn 0.587673 0.0931391 -0.80372
v -0.448593 -0.339581 -3.56652
vn -0.062188 0.0514839 -0.996736
v -0.428835 -0.250725 -3.55273
vn 0.823653 -0.0912326 -0.559707
v -0.438869 -0.292804 -3.56778
vn 0.587673 0.0931391 -0.80372
v -0.476264 -0.276693 -3.56787
vn -0.141363 -0.0926201 -0.985615
v -0.428835 -0.250725 -3.55273
vn 0.823653 -0.0912326 -0.559707
v -0.476264 -0.276693 -3.56787
vn -0.141363 -0.0926201 -0.985615
v -0.476111 -0.230246 -3.58188
vn 0.0310339 -0.311134 -0.949859
v -0.476111 -0.230246 -3.58188
vn 0.0310339 -0.311134 -0.949859
v -0.476264 -0.276693 -3.56787
vn -0.141363 -0.0926201 -0.985615
v -0.503708 -0.260069 -3.55502
vn -0.757607 -0.281496 -0.58889
v -0.448593 -0.339581 -3.56652
vn -0.062188 0.0514839 -0.996736
v -0.485882 -0.359903 -3.55054
vn -0.663742 -0.0461964 -0.746534
v -0.476264 -0.276693 -3.56787
vn -0.141363 -0.0926201 -0.985615
v -0.503708 -0.260069 -3.55502
vn -0.757607 -0.281496 -0.58889
v -0.476264 -0.276693 -3.56787
vn -0.141363 -0.0926201 -0.985615
v -0.485882 -0.359903 -3.55054
vn -0.663742 -0.0461964 -0.746534
v -0.485882 -0.359903 -3.55054
vn -0.663742 -0.0461964 -0.746534
v -0.501643 -0.304313 -3.5337
vn -0.998597 0.038831 -0.0360026
v -0.503708 -0.260069 -3.55502
vn -0.757607 -0.281496 -0.58889
v -0.509448 -0.256666 -3.53468
vn -0.944765 -0.232566 0.230936
v -0.503708 -0.260069 -3.55502
vn -0.757607 -0.281496 -0.58889
v -0.501643 -0.304313 -3.5337
vn -0.998597 0.038831 -0.0360026
v -0.501643 -0.304313 -3.5337
vn -0.998597 0.038831 -0.0360026
v -0.485882 -0.359903 -3.55054
vn -0.663742 -0.0461964 -0.746534
v -0.508081 -0.346307 -3.5313
vn -0.668494 0.0329017 -0.74299
v -0.514857 -0.359544 -3.52494
vn -0.963149 0.225096 -0.147229
v -0.508081 -0.346307 -3.5313
vn -0.668494 0.0329017 -0.74299
v -0.485882 -0.359903 -3.55054
vn -0.663742 -0.0461964 -0.746534
v -0.508081 -0.346307 -3.5313
vn -0.668494 0.0329017 -0.74299
v -0.508566 -0.33175 -3.52984
vn -0.962078 0.248372 0.112771
v -0.501643 -0.304313 -3.5337
vn -0.998597 0.038831 -0.0360026
v -0.508566 -0.33175 -3.52984
vn -0.962078 0.248372 0.112771
v -0.508081 -0.346307 -3.5313
vn -0.668494 0.0329017 -0.74299
v -0.514857 -0.359544 -3.52494
vn -0.963149 0.225096 -0.147229
v -0.485882 -0.359903 -3.55054
vn -0.663742 -0.0461964 -0.746534
v -0.519735 -0.382935 -3.52043
vn -0.983985 -0.0572192 -0.168817
v -0.514857 -0.359544 -3.52494
vn -0.963149 0.225096 -0.147229
v -0.514857 -0.359544 -3.52494
vn -0.963149 0.225096 -0.147229
v -0.50336 -0.337815 -3.52536
vn -0.797803 0.279011 0.534475
v -0.508566 -0.33175 -3.52984
vn -0.962078 0.248372 0.112771
v -0.50336 -0.337815 -3.52536
vn -0.797803 0.279011 0.534475
v -0.501643 -0.304313 -3.5337
vn -0.998597 0.038831 -0.0360026
v -0.508566 -0.33175 -3.52984
vn -0.962078 0.248372 0.112771
v -0.505507 -0.349936 -3.51135
vn -0.871166 0.300661 0.388167
v -0.50336 -0.337815 -3.52536
vn -0.797803 0.279011 0.534475
v -0.514857 -0.359544 -3.52494
vn -0.963149 0.225096 -0.147229
v -0.501643 -0.304313 -3.5337
vn -0.998597 0.038831 -0.0360026
v -0.50336 -0.337815 -3.52536
vn -0.797803 0.279011 0.534475
v -0.505507 -0.349936 -3.51135
vn -0.871166 0.300661 0.388167
v -0.514857 -0.359544 -3.52494
vn -0.963149 0.225096 -0.147229
v -0.519735 -0.382935 -3.52043
vn -0.983985 -0.0572192 -0.168817
v -0.505507 -0.349936 -3.51135
vn -0.871166 0.300661 0.388167
v -0.505507 -0.349936 -3.51135
vn -0.871166 0.300661 0.388167
v -0.484961 -0.31037 -3.50913
vn -0.730741 0.137203 0.668725
v -0.501643 -0.304313 -3.5337
vn -0.998597 0.038831 -0.0360026
v -0.509448 -0.256666 -3.53468
vn -0.944765 -0.232566 0.230936
v -0.501643 -0.304313 -3.5337
vn -0.998597 0.038831 -0.0360026
v -0.484961 -0.31037 -3.50913
vn -0.730741 0.137203 0.668725
v 0.506191 0.312556 -2.4506
vn 0.381178 -0.28491 0.879505
v 0.472007 0.281117 -2.44683
vn -0.301046 -0.450449 0.840516
v 0.49691 0.275602 -2.45101
vn 0.142505 -0.122571 0.982176
v 0.472007 0.281117 -2.44683
vn -0.301046 -0.450449 0.840516
v 0.506191 0.312556 -2.4506
vn 0.381178 -0.28491 0.879505
v 0.52016 0.340245 -2.4461
vn 0.450194 -0.552082 0.701805
v 0.444147 0.315797 -2.498
vn -0.744229 0.462067 0.482304
v 0.442234 0.249325 -2.47607
vn -0.46394 0.0116466 0.88579
v 0.472007 0.281117 -2.44683
vn -0.301046 -0.450449 0.840516
v 0.52016 0.340245 -2.4461
vn 0.450194 -0.552082 0.701805
v 0.467571 0.285603 -2.41205
vn -0.137779 -0.912938 0.384137
v 0.472007 0.281117 -2.44683
vn -0.301046 -0.450449 0.840516
v 0.467571 0.285603 -2.41205
vn -0.137779 -0.912938 0.384137
v 0.52016 0.340245 -2.4461
vn 0.450194 -0.552082 0.701805
v 0.514064 0.374509 -2.41707
vn 0.555048 -0.563311 0.612047
v 0.472007 0.281117 -2.44683
vn -0.301046 -0.450449 0.840516
v 0.458381 0.318031 -2.46596
vn -0.994112 0.108269 0.00426835
v 0.444147 0.315797 -2.498
vn -0.744229 0.462067 0.482304
v 0.458381 0.318031 -2.46596
vn -0.994112 0.108269 0.00426835
v 0.472007 0.281117 -2.44683
vn -0.301046 -0.450449 0.840516
v 0.467571 0.285603 -2.41205
vn -0.137779 -0.912938 0.384137
v 0.514064 0.374509 -2.41707
vn 0.555048 -0.563311 0.612047
v 0.463742 0.310182 -2.37941
vn -0.306696 -0.654944 0.690642
v 0.467571 0.285603 -2.41205
vn -0.137779 -0.912938 0.384137
v 0.467571 0.285603 -2.41205
vn -0.137779 -0.912938 0.384137
v 0.451635 0.319792 -2.43168
vn -0.997046 0.0287049 -0.0712477
v 0.458381 0.318031 -2.46596
vn -0.994112 0.108269 0.00426835
v 0.451635 0.319792 -2.43168
vn -0.997046 0.0287049 -0.0712477
v 0.467571 0.285603 -2.41205
vn -0.137779 -0.912938 0.384137
v 0.463742 0.310182 -2.37941
vn -0.306696 -0.654944 0.690642
v 0.463742 0.310182 -2.37941
vn -0.306696 -0.654944 0.690642
v 0.514064 0.374509 -2.41707
vn 0.555048 -0.563311 0.612047
v 0.523713 0.410076 -2.3848
vn 0.564971 -0.641004 0.51954
v 0.523713 0.410076 -2.3848
vn 0.564971 -0.641004 0.51954
v 0.47245 0.354428 -2.35343
vn 0.144382 -0.28715 0.946942
v 0.463742 0.310182 -2.37941
vn -0.306696 -0.654944 0.690642
v 0.47245 0.354428 -2.35343
vn 0.144382 -0.28715 0.946942
v 0.523713 0.410076 -2.3848
vn 0.564971 -0.641004 0.51954
v 0.496799 0.400729 -2.3533
vn 0.363982 -0.535448 0.76211
v 0.496799 0.400729 -2.3533
vn 0.363982 -0.535448 0.76211
v 0.523713 0.410076 -2.3848
vn 0.564971 -0.641004 0.51954
v 0.545631 0.435381 -2.36224
vn 0.382115 -0.893149 0.237221
v 0.545631 0.435381 -2.36224
vn 0.382115 -0.893149 0.237221
v 0.5629 0.440768 -2.35029
vn 0.870236 -0.351784 0.344873
v 0.552439 0.437263 -2.32839
vn 0.414742 -0.338667 0.844568
v 0.545631 0.435381 -2.36224
vn 0.382115 -0.893149 0.237221
v 0.527218 0.428519 -2.33936
vn 0.194052 -0.771812 0.605516
v 0.496799 0.400729 -2.3533
vn 0.363982 -0.535448 0.76211
v 0.552439 0.437263 -2.32839
vn 0.414742 -0.338667 0.844568
v 0.527218 0.428519 -2.33936
vn 0.194052 -0.771812 0.605516
v 0.545631 0.435381 -2.36224
vn 0.382115 -0.893149 0.237221
v 0.496799 0.400729 -2.3533
vn 0.363982 -0.535448 0.76211
v 0.527218 0.428519 -2.33936
vn 0.194052 -0.771812 0.605516
v 0.521253 0.438358 -2.3356
vn -0.375642 -0.0321307 0.926208
v 0.521253 0.438358 -2.3356
vn -0.375642 -0.0321307 0.926208
v 0.527218 0.428519 -2.33936
vn 0.194052 -0.771812 0.605516
v 0.552439 0.437263 -2.32839
vn 0.414742 -0.338667 0.844568
v 0.521253 0.438358 -2.3356
vn -0.375642 -0.0321307 0.926208
v 0.498501 0.420787 -2.34959
vn -0.607267 0.525761 0.595653
v 0.496799 0.400729 -2.3533
vn 0.363982 -0.535448 0.76211
v 0.47245 0.354428 -2.35343
vn 0.144382 -0.28715 0.946942
v 0.496799 0.400729 -2.3533
vn 0.363982 -0.535448 0.76211
v 0.498501 0.420787 -2.34959
vn -0.607267 0.525761 0.595653
v 0.498501 0.420787 -2.34959
vn -0.607267 0.525761 0.595653
v 0.521253 0.438358 -2.3356
vn -0.375642 -0.0321307 0.926208
v 0.539398 0.447896 -2.33198
vn -0.216994 0.938588 0.268266
v 0.552439 0.437263 -2.32839
vn 0.414742 -0.338667 0.844568
v 0.539398 0.447896 -2.33198
vn -0.216994 0.938588 0.268266
v 0.521253 0.438358 -2.3356
vn -0.375642 -0.0321307 0.926208
v 0.539398 0.447896 -2.33198
vn -0.216994 0.938588 0.268266
v 0.523987 0.446985 -2.35553
vn -0.504177 0.848341 -0.161624
v 0.498501 0.420787 -2.34959
vn -0.607267 0.525761 0.595653
v 0.554775 0.449409 -2.34517
vn 0.519017 0.836936 0.173666
v 0.539398 0.447896 -2.33198
vn -0.216994 0.938588 0.268266
v 0.552439 0.437263 -2.32839
vn 0.414742 -0.338667 0.844568
v 0.552439 0.437263 -2.32839
vn 0.414742 -0.338667 0.844568
v 0.5629 0.440768 -2.35029
vn 0.870236 -0.351784 0.344873
v 0.554775 0.449409 -2.34517
vn 0.519017 0.836936 0.173666
v 0.554775 0.449409 -2.34517
vn 0.519017 0.836936 0.173666
v 0.5629 0.440768 -2.35029
vn 0.870236 -0.351784 0.344873
v 0.570618 0.433891 -2.37627
vn 0.927377 -0.0665601 0.368159
v 0.5629 0.440768 -2.35029
vn 0.870236 -0.351784 0.344873
v 0.545631 0.435381 -2.36224
vn 0.382115 -0.893149 0.237221
v 0.570618 0.433891 -2.37627
vn 0.927377 -0.0665601 0.368159
v 0.570618 0.433891 -2.37627
vn 0.927377 -0.0665601 0.368159
v 0.555651 0.445438 -2.36741
vn 0.116932 0.920998 -0.371605
v 0.554775 0.449409 -2.34517
vn 0.519017 0.836936 0.173666
v 0.539398 0.447896 -2.33198
vn -0.216994 0.938588 0.268266
v 0.554775 0.449409 -2.34517
vn 0.519017 0.836936 0.173666
v 0.555651 0.445438 -2.36741
vn 0.116932 0.920998 -0.371605
v 0.555651 0.445438 -2.36741
vn 0.116932 0.920998 -0.371605
v 0.523987 0.446985 -2.35553
vn -0.504177 0.848341 -0.161624
v 0.539398 0.447896 -2.33198
vn -0.216994 0.938588 0.268266
v 0.555651 0.445438 -2.36741
vn 0.116932 0.920998 -0.371605
v 0.570618 0.433891 -2.37627
vn 0.927377 -0.0665601 0.368159
v 0.578454 0.412919 -2.40422
vn 0.951904 0.30635 0.00537434
v 0.523713 0.410076 -2.3848
vn 0.564971 -0.641004 0.51954
v 0.578454 0.412919 -2.40422
vn 0.951904 0.30635 0.00537434
v 0.570618 0.433891 -2.37627
vn 0.927377 -0.0665601 0.368159
v 0.570618 0.433891 -2.37627
vn 0.927377 -0.0665601 0.368159
v 0.545631 0.435381 -2.36224
vn 0.382115 -0.893149 0.237221
v 0.523713 0.410076 -2.3848
vn 0.564971 -0.641004 0.51954
v 0.578454 0.412919 -2.40422
vn 0.951904 0.30635 0.00537434
v 0.523713 0.410076 -2.3848
vn 0.564971 -0.641004 0.51954
v 0.514064 0.374509 -2.41707
vn 0.555048 -0.563311 0.612047
v 0.514064 0.374509 -2.41707
vn 0.555048 -0.563311 0.612047
v 0.581134 0.385324 -2.42845
vn 0.969239 -0.0735041 0.234887
v 0.578454 0.412919 -2.40422
vn 0.951904 0.30635 0.00537434
v 0.581134 0.385324 -2.42845
vn 0.969239 -0.0735041 0.234887
v 0.514064 0.374509 -2.41707
vn 0.555048 -0.563311 0.612047
v 0.52016 0.340245 -2.4461
vn 0.450194 -0.552082 0.701805
v 0.52016 0.340245 -2.4461
vn 0.450194 -0.552082 0.701805
v 0.583689 0.359086 -2.44882
vn 0.98832 -0.0393204 -0.147229
v 0.581134 0.385324 -2.42845
vn 0.969239 -0.0735041 0.234887
v 0.52016 0.340245 -2.4461
vn 0.450194 -0.552082 0.701805
v 0.574776 0.343512 -2.46623
vn 0.856002 -0.406759 0.319073
v 0.583689 0.359086 -2.44882
vn 0.98832 -0.0393204 -0.147229
v 0.574776 0.343512 -2.46623
vn 0.856002 -0.406759 0.319073
v 0.52016 0.340245 -2.4461
vn 0.450194 -0.552082 0.701805
v 0.506191 0.312556 -2.4506
vn 0.381178 -0.28491 0.879505
v 0.506191 0.312556 -2.4506
vn 0.381178 -0.28491 0.879505
v 0.564211 0.302171 -2.49015
vn 0.744943 0.321013 0.584817
v 0.574776 0.343512 -2.46623
vn 0.856002 -0.406759 0.319073
v 0.547842 0.358003 -2.49269
vn 0.563404 0.574158 -0.594069
v 0.574776 0.343512 -2.46623
vn 0.856002 -0.406759 0.319073
v 0.564211 0.302171 -2.49015
vn 0.744943 0.321013 0.584817
v 0.583689 0.359086 -2.44882
vn 0.98832 -0.0393204 -0.147229
v 0.574776 0.343512 -2.46623
vn 0.856002 -0.406759 0.319073
v 0.547842 0.358003 -2.49269
vn 0.563404 0.574158 -0.594069
v 0.564211 0.302171 -2.49015
vn 0.744943 0.321013 0.584817
v 0.530292 0.348459 -2.52962
vn 0.280058 0.959983 -7.58097e-05
v 0.547842 0.358003 -2.49269
vn 0.563404 0.574158 -0.594069
v 0.547842 0.358003 -2.49269
vn 0.563404 0.574158 -0.594069
v 0.555493 0.376111 -2.46689
vn 0.294416 0.760248 -0.579087
v 0.583689 0.359086 -2.44882
vn 0.98832 -0.0393204 -0.147229
v 0.581134 0.385324 -2.42845
vn 0.969239 -0.0735041 0.234887
v 0.583689 0.359086 -2.44882
vn 0.98832 -0.0393204 -0.147229
v 0.555493 0.376111 -2.46689
vn 0.294416 0.760248 -0.579087
v 0.555493 0.376111 -2.46689
vn 0.294416 0.760248 -0.579087
v 0.547842 0.358003 -2.49269
vn 0.563404 0.574158 -0.594069
v 0.485232 0.35681 -2.48963
vn -0.40906 0.882256 -0.233011
v 0.485232 0.35681 -2.48963
vn -0.40906 0.882256 -0.233011
v 0.547842 0.358003 -2.49269
vn 0.563404 0.574158 -0.594069
v 0.530292 0.348459 -2.52962
vn 0.280058 0.959983 -7.58097e-05
v 0.530292 0.348459 -2.52962
vn 0.280058 0.959983 -7.58097e-05
v 0.477435 0.347441 -2.52088
vn -0.333203 0.93628 0.111158
v 0.485232 0.35681 -2.48963
vn -0.40906 0.882256 -0.233011
v 0.485232 0.35681 -2.48963
vn -0.40906 0.882256 -0.233011
v 0.477435 0.347441 -2.52088
vn -0.333203 0.93628 0.111158
v 0.444147 0.315797 -2.498
vn -0.744229 0.462067 0.482304
v 0.444147 0.315797 -2.498
vn -0.744229 0.462067 0.482304
v 0.458381 0.318031 -2.46596
vn -0.994112 0.108269 0.00426835
v 0.485232 0.35681 -2.48963
vn -0.40906 0.882256 -0.233011
v 0.482311 0.36834 -2.45879
vn -0.575207 0.73927 -0.350167
v 0.485232 0.35681 -2.48963
vn -0.40906 0.882256 -0.233011
v 0.458381 0.318031 -2.46596
vn -0.994112 0.108269 0.00426835
v 0.485232 0.35681 -2.48963
vn -0.40906 0.882256 -0.233011
v 0.482311 0.36834 -2.45879
vn -0.575207 0.73927 -0.350167
v 0.555493 0.376111 -2.46689
vn 0.294416 0.760248 -0.579087
v 0.458381 0.318031 -2.46596
vn -0.994112 0.108269 0.00426835
v 0.451635 0.319792 -2.43168
vn -0.997046 0.0287049 -0.0712477
v 0.482311 0.36834 -2.45879
vn -0.575207 0.73927 -0.350167
v 0.488552 0.387218 -2.42199
vn -0.584566 0.727073 -0.360066
v 0.482311 0.36834 -2.45879
vn -0.575207 0.73927 -0.350167
v 0.451635 0.319792 -2.43168
vn -0.997046 0.0287049 -0.0712477
v 0.463742 0.310182 -2.37941
vn -0.306696 -0.654944 0.690642
v 0.450202 0.333161 -2.39407
vn -0.97142 0.237207 0.00866
v 0.451635 0.319792 -2.43168
vn -0.997046 0.0287049 -0.0712477
v 0.451635 0.319792 -2.43168
vn -0.997046 0.0287049 -0.0712477
v 0.450202 0.333161 -2.39407
vn -0.97142 0.237207 0.00866
v 0.488552 0.387218 -2.42199
vn -0.584566 0.727073 -0.360066
v 0.465074 0.376487 -2.36218
vn -0.911105 0.354317 0.210589
v 0.450202 0.333161 -2.39407
vn -0.97142 0.237207 0.00866
v 0.463742 0.310182 -2.37941
vn -0.306696 -0.654944 0.690642
v 0.463742 0.310182 -2.37941
vn -0.306696 -0.654944 0.690642
v 0.47245 0.354428 -2.35343
vn 0.144382 -0.28715 0.946942
v 0.465074 0.376487 -2.36218
vn -0.911105 0.354317 0.210589
v 0.498501 0.420787 -2.34959
vn -0.607267 0.525761 0.595653
v 0.465074 0.376487 -2.36218
vn -0.911105 0.354317 0.210589
v 0.47245 0.354428 -2.35343
vn 0.144382 -0.28715 0.946942
v 0.465074 0.376487 -2.36218
vn -0.911105 0.354317 0.210589
v 0.498501 0.420787 -2.34959
vn -0.607267 0.525761 0.595653
v 0.523987 0.446985 -2.35553
vn -0.504177 0.848341 -0.161624
v 0.523987 0.446985 -2.35553
vn -0.504177 0.848341 -0.161624
v 0.508915 0.421653 -2.38645
vn -0.522828 0.74004 -0.423074
v 0.465074 0.376487 -2.36218
vn -0.911105 0.354317 0.210589
v 0.450202 0.333161 -2.39407
vn -0.97142 0.237207 0.00866
v 0.465074 0.376487 -2.36218
vn -0.911105 0.354317 0.210589
v 0.508915 0.421653 -2.38645
vn -0.522828 0.74004 -0.423074
v 0.508915 0.421653 -2.38645
vn -0.522828 0.74004 -0.423074
v 0.523987 0.446985 -2.35553
vn -0.504177 0.848341 -0.161624
v 0.555651 0.445438 -2.36741
vn 0.116932 0.920998 -0.371605
v 0.508915 0.421653 -2.38645
vn -0.522828 0.74004 -0.423074
v 0.488552 0.387218 -2.42199
vn -0.584566 0.727073 -0.360066
v 0.450202 0.333161 -2.39407
vn -0.97142 0.237207 0.00866
v 0.555651 0.445438 -2.36741
vn 0.116932 0.920998 -0.371605
v 0.562862 0.423406 -2.4018
vn 0.0534837 0.82148 -0.567724
v 0.508915 0.421653 -2.38645
vn -0.522828 0.74004 -0.423074
v 0.578454 0.412919 -2.40422
vn 0.951904 0.30635 0.00537434
v 0.562862 0.423406 -2.4018
vn 0.0534837 0.82148 -0.567724
v 0.555651 0.445438 -2.36741
vn 0.116932 0.920998 -0.371605
v 0.488552 0.387218 -2.42199
vn -0.584566 0.727073 -0.360066
v 0.508915 0.421653 -2.38645
vn -0.522828 0.74004 -0.423074
v 0.562862 0.423406 -2.4018
vn 0.0534837 0.82148 -0.567724
v 0.5612 0.397788 -2.43765
vn 0.18654 0.791633 -0.581824
v 0.562862 0.423406 -2.4018
vn 0.0534837 0.82148 -0.567724
v 0.578454 0.412919 -2.40422
vn 0.951904 0.30635 0.00537434
v 0.562862 0.423406 -2.4018
vn 0.0534837 0.82148 -0.567724
v 0.5612 0.397788 -2.43765
vn 0.18654 0.791633 -0.581824
v 0.488552 0.387218 -2.42199
vn -0.584566 0.727073 -0.360066
v 0.578454 0.412919 -2.40422
vn 0.951904 0.30635 0.00537434
v 0.581134 0.385324 -2.42845
vn 0.969239 -0.0735041 0.234887
v 0.5612 0.397788 -2.43765
vn 0.18654 0.791633 -0.581824
v 0.482311 0.36834 -2.45879
vn -0.575207 0.73927 -0.350167
v 0.488552 0.387218 -2.42199
vn -0.584566 0.727073 -0.360066
v 0.5612 0.397788 -2.43765
vn 0.18654 0.791633 -0.581824
v 0.5612 0.397788 -2.43765
vn 0.18654 0.791633 -0.581824
v 0.555493 0.376111 -2.46689
vn 0.294416 0.760248 -0.579087
v 0.482311 0.36834 -2.45879
vn -0.575207 0.73927 -0.350167
v 0.555493 0.376111 -2.46689
vn 0.294416 0.760248 -0.579087
v 0.5612 0.397788 -2.43765
vn 0.18654 0.791633 -0.581824
v 0.581134 0.385324 -2.42845
vn 0.969239 -0.0735041 0.234887
v 0.67014 0.252505 -2.63715
vn 0.959541 0.259636 -0.108955
v 0.676903 0.223506 -2.59846
vn 0.895327 0.402067 0.191655
v 0.699439 0.19419 -2.62714
vn 0.948912 0.269777 -0.163666
v 0.67014 0.252505 -2.63715
vn 0.959541 0.259636 -0.108955
v 0.699439 0.19419 -2.62714
vn 0.948912 0.269777 -0.163666
v 0.682241 0.162544 -2.66206
vn 0.999251 0.033362 0.0196191
v 0.676903 0.223506 -2.59846
vn 0.895327 0.402067 0.191655
v 0.67014 0.252505 -2.63715
vn 0.959541 0.259636 -0.108955
v 0.64874 0.302362 -2.60349
vn 0.760128 0.360495 0.5406
v 0.67014 0.252505 -2.63715
vn 0.959541 0.259636 -0.108955
v 0.682241 0.162544 -2.66206
vn 0.999251 0.033362 0.0196191
v 0.659544 0.231384 -2.68982
vn 0.936834 0.12631 -0.326171
v 0.64874 0.302362 -2.60349
vn 0.760128 0.360495 0.5406
v 0.67014 0.252505 -2.63715
vn 0.959541 0.259636 -0.108955
v 0.667367 0.276064 -2.67956
vn 0.982397 -0.120092 -0.14309
v 0.67014 0.252505 -2.63715
vn 0.959541 0.259636 -0.108955
v 0.659544 0.231384 -2.68982
vn 0.936834 0.12631 -0.326171
v 0.667367 0.276064 -2.67956
vn 0.982397 -0.120092 -0.14309
v 0.667367 0.276064 -2.67956
vn 0.982397 -0.120092 -0.14309
v 0.670332 0.313001 -2.67069
vn 0.95196 -0.284 0.114526
v 0.64874 0.302362 -2.60349
vn 0.760128 0.360495 0.5406
v 0.667367 0.276064 -2.67956
vn 0.982397 -0.120092 -0.14309
v 0.659544 0.231384 -2.68982
vn 0.936834 0.12631 -0.326171
v 0.627806 0.249828 -2.72489
vn 0.720855 0.0182974 -0.692844
v 0.627806 0.249828 -2.72489
vn 0.720855 0.0182974 -0.692844
v 0.664257 0.2816 -2.70461
vn 0.720777 -0.447713 -0.529183
v 0.667367 0.276064 -2.67956
vn 0.982397 -0.120092 -0.14309
v 0.78985 0.0350891 -2.45502
vn 0.995258 0.0970565 0.00649243
v 0.784735 0.042273 -2.46931
vn 0.597032 0.802115 0.0128565
v 0.775337 0.041098 -2.45138
vn 0.31569 0.926865 0.203126
v 0.775337 0.041098 -2.45138
vn 0.31569 0.926865 0.203126
v 0.785174 0.033313 -2.43869
vn 0.888137 0.216616 0.405328
v 0.78985 0.0350891 -2.45502
vn 0.995258 0.0970565 0.00649243
v 0.75766 0.0468624 -2.47203
vn 0.164115 0.972475 0.165405
v 0.775337 0.041098 -2.45138
vn 0.31569 0.926865 0.203126
v 0.784735 0.042273 -2.46931
vn 0.597032 0.802115 0.0128565
v 0.784735 0.042273 -2.46931
vn 0.597032 0.802115 0.0128565
v 0.771815 0.0499172 -2.49075
vn 0.446369 0.89455 -0.0231375
v 0.75766 0.0468624 -2.47203
vn 0.164115 0.972475 0.165405
v 0.785174 0.033313 -2.43869
vn 0.888137 0.216616 0.405328
v 0.775337 0.041098 -2.45138
vn 0.31569 0.926865 0.203126
v 0.763999 0.0403644 -2.43013
vn 0.277718 0.937648 0.209017
v 0.763999 0.0403644 -2.43013
vn 0.277718 0.937648 0.209017
v 0.775337 0.041098 -2.45138
vn 0.31569 0.926865 0.203126
v 0.75766 0.0468624 -2.47203
vn 0.164115 0.972475 0.165405
v 0.763999 0.0403644 -2.43013
vn 0.277718 0.937648 0.209017
v 0.775713 0.0327124 -2.42141
vn 0.783176 0.212064 0.58452
v 0.785174 0.033313 -2.43869
vn 0.888137 0.216616 0.405328
v 0.761848 0.0332498 -2.40741
vn 0.641375 0.216043 0.736182
v 0.775713 0.0327124 -2.42141
vn 0.783176 0.212064 0.58452
v 0.763999 0.0403644 -2.43013
vn 0.277718 0.937648 0.209017
v 0.763999 0.0403644 -2.43013
vn 0.277718 0.937648 0.209017
v 0.746868 0.0410209 -2.4132
vn 0.282921 0.926777 0.247065
v 0.761848 0.0332498 -2.40741
vn 0.641375 0.216043 0.736182
v 0.747529 0.0349744 -2.39827
vn 0.289751 0.0953301 0.952343
v 0.761848 0.0332498 -2.40741
vn 0.641375 0.216043 0.736182
v 0.746868 0.0410209 -2.4132
vn 0.282921 0.926777 0.247065
v 0.722016 0.0467657 -2.42424
vn 0.203453 0.972582 0.112659
v 0.746868 0.0410209 -2.4132
vn 0.282921 0.926777 0.247065
v 0.763999 0.0403644 -2.43013
vn 0.277718 0.937648 0.209017
v 0.732352 0.042131 -2.39908
vn 0.181025 0.800987 0.570657
v 0.746868 0.0410209 -2.4132
vn 0.282921 0.926777 0.247065
v 0.722016 0.0467657 -2.42424
vn 0.203453 0.972582 0.112659
v 0.746868 0.0410209 -2.4132
vn 0.282921 0.926777 0.247065
v 0.732352 0.042131 -2.39908
vn 0.181025 0.800987 0.570657
v 0.747529 0.0349744 -2.39827
vn 0.289751 0.0953301 0.952343
v 0.722016 0.0467657 -2.42424
vn 0.203453 0.972582 0.112659
v 0.708108 0.0497444 -2.40533
vn 0.103382 0.89362 0.436756
v 0.732352 0.042131 -2.39908
vn 0.181025 0.800987 0.570657
v 0.708108 0.0497444 -2.40533
vn 0.103382 0.89362 0.436756
v 0.722016 0.0467657 -2.42424
vn 0.203453 0.972582 0.112659
v 0.69585 0.0538003 -2.43828
vn 0.358879 0.892499 0.273224
v 0.69585 0.0538003 -2.43828
vn 0.358879 0.892499 0.273224
v 0.677637 0.0575678 -2.41806
vn 0.0590301 0.811808 0.580933
v 0.708108 0.0497444 -2.40533
vn 0.103382 0.89362 0.436756
v 0.69585 0.0538003 -2.43828
vn 0.358879 0.892499 0.273224
v 0.722016 0.0467657 -2.42424
vn 0.203453 0.972582 0.112659
v 0.741478 0.0474246 -2.44691
vn 0.19832 0.968612 0.149865
v 0.763999 0.0403644 -2.43013
vn 0.277718 0.937648 0.209017
v 0.741478 0.0474246 -2.44691
vn 0.19832 0.968612 0.149865
v 0.722016 0.0467657 -2.42424
vn 0.203453 0.972582 0.112659
v 0.75766 0.0468624 -2.47203
vn 0.164115 0.972475 0.165405
v 0.741478 0.0474246 -2.44691
vn 0.19832 0.968612 0.149865
v 0.763999 0.0403644 -2.43013
vn 0.277718 0.937648 0.209017
v 0.736727 0.0539111 -2.49309
vn 0.362491 0.892509 0.268381
v 0.75766 0.0468624 -2.47203
vn 0.164115 0.972475 0.165405
v 0.771815 0.0499172 -2.49075
vn 0.446369 0.89455 -0.0231375
v 0.741478 0.0474246 -2.44691
vn 0.19832 0.968612 0.149865
v 0.75766 0.0468624 -2.47203
vn 0.164115 0.972475 0.165405
v 0.736727 0.0539111 -2.49309
vn 0.362491 0.892509 0.268381
v 0.771815 0.0499172 -2.49075
vn 0.446369 0.89455 -0.0231375
v 0.750909 0.0577664 -2.5163
vn 0.57207 0.813199 -0.106975
v 0.736727 0.0539111 -2.49309
vn 0.362491 0.892509 0.268381
v 0.736727 0.0539111 -2.49309
vn 0.362491 0.892509 0.268381
v 0.71806 0.055408 -2.46436
vn 0.435596 0.838816 0.326563
v 0.741478 0.0474246 -2.44691
vn 0.19832 0.968612 0.149865
v 0.741478 0.0474246 -2.44691
vn 0.19832 0.968612 0.149865
v 0.71806 0.055408 -2.46436
vn 0.435596 0.838816 0.326563
v 0.69585 0.0538003 -2.43828
vn 0.358879 0.892499 0.273224
v 0.710681 0.0666402 -2.46984
vn 0.754923 0.335166 0.563698
v 0.71806 0.055408 -2.46436
vn 0.435596 0.838816 0.326563
v 0.736727 0.0539111 -2.49309
vn 0.362491 0.892509 0.268381
v 0.69585 0.0538003 -2.43828
vn 0.358879 0.892499 0.273224
v 0.71806 0.055408 -2.46436
vn 0.435596 0.838816 0.326563
v 0.710681 0.0666402 -2.46984
vn 0.754923 0.335166 0.563698
v 0.710681 0.0666402 -2.46984
vn 0.754923 0.335166 0.563698
v 0.686642 0.0623179 -2.44207
vn 0.84315 -0.181473 0.506127
v 0.69585 0.0538003 -2.43828
vn 0.358879 0.892499 0.273224
v 0.677637 0.0575678 -2.41806
vn 0.0590301 0.811808 0.580933
v 0.69585 0.0538003 -2.43828
vn 0.358879 0.892499 0.273224
v 0.686642 0.0623179 -2.44207
vn 0.84315 -0.181473 0.506127
v 0.686642 0.0623179 -2.44207
vn 0.84315 -0.181473 0.506127
v 0.664848 0.0585285 -2.42077
vn 0.00691838 -0.472984 0.881044
v 0.677637 0.0575678 -2.41806
vn 0.0590301 0.811808 0.580933
v 0.674331 0.0571837 -2.41389
vn -0.057385 -0.99702 -0.0515525
v 0.664848 0.0585285 -2.42077
vn 0.00691838 -0.472984 0.881044
v 0.686642 0.0623179 -2.44207
vn 0.84315 -0.181473 0.506127
v 0.686642 0.0623179 -2.44207
vn 0.84315 -0.181473 0.506127
v 0.69361 0.0688325 -2.43705
vn 0.206877 -0.950021 -0.233798
v 0.674331 0.0571837 -2.41389
vn -0.057385 -0.99702 -0.0515525
v 0.727104 0.0378148 -2.38836
vn -0.248626 -0.940661 -0.230958
v 0.674331 0.0571837 -2.41389
vn -0.057385 -0.99702 -0.0515525
v 0.69361 0.0688325 -2.43705
vn 0.206877 -0.950021 -0.233798
v 0.716089 0.0770683 -2.46579
vn 0.180881 -0.97448 0.13293
v 0.69361 0.0688325 -2.43705
vn 0.206877 -0.950021 -0.233798
v 0.686642 0.0623179 -2.44207
vn 0.84315 -0.181473 0.506127
v 0.686642 0.0623179 -2.44207
vn 0.84315 -0.181473 0.506127
v 0.710681 0.0666402 -2.46984
vn 0.754923 0.335166 0.563698
v 0.716089 0.0770683 -2.46579
vn 0.180881 -0.97448 0.13293
v 0.739275 0.0498271 -2.41
vn -0.231099 -0.848826 -0.475486
v 0.69361 0.0688325 -2.43705
vn 0.206877 -0.950021 -0.233798
v 0.716089 0.0770683 -2.46579
vn 0.180881 -0.97448 0.13293
v 0.69361 0.0688325 -2.43705
vn 0.206877 -0.950021 -0.233798
v 0.739275 0.0498271 -2.41
vn -0.231099 -0.848826 -0.475486
v 0.727104 0.0378148 -2.38836
vn -0.248626 -0.940661 -0.230958
v 0.745702 0.0314461 -2.38707
vn -0.305233 -0.944838 -0.118801
v 0.727104 0.0378148 -2.38836
vn -0.248626 -0.940661 -0.230958
v 0.739275 0.0498271 -2.41
vn -0.231099 -0.848826 -0.475486
v 0.716089 0.0770683 -2.46579
vn 0.180881 -0.97448 0.13293
v 0.756592 0.0573706 -2.43562
vn -0.390122 -0.872996 -0.292717
v 0.739275 0.0498271 -2.41
vn -0.231099 -0.848826 -0.475486
v 0.739275 0.0498271 -2.41
vn -0.231099 -0.848826 -0.475486
v 0.756592 0.0573706 -2.43562
vn -0.390122 -0.872996 -0.292717
v 0.770276 0.0445119 -2.42544
vn -0.505058 -0.77579 -0.37824
v 0.770276 0.0445119 -2.42544
vn -0.505058 -0.77579 -0.37824
v 0.756592 0.0573706 -2.43562
vn -0.390122 -0.872996 -0.292717
v 0.776226 0.0499272 -2.45954
vn -0.519999 -0.84961 -0.0881151
v 0.776226 0.0499272 -2.45954
vn -0.519999 -0.84961 -0.0881151
v 0.756592 0.0573706 -2.43562
vn -0.390122 -0.872996 -0.292717
v 0.716089 0.0770683 -2.46579
vn 0.180881 -0.97448 0.13293
v 0.736727 0.0539111 -2.49309
vn 0.362491 0.892509 0.268381
v 0.730452 0.0624366 -2.50081
vn 0.725905 -0.181791 0.663336
v 0.710681 0.0666402 -2.46984
vn 0.754923 0.335166 0.563698
v 0.730452 0.0624366 -2.50081
vn 0.725905 -0.181791 0.663336
v 0.736727 0.0539111 -2.49309
vn 0.362491 0.892509 0.268381
v 0.750909 0.0577664 -2.5163
vn 0.57207 0.813199 -0.106975
v 0.750909 0.0577664 -2.5163
vn 0.57207 0.813199 -0.106975
v 0.744662 0.0587449 -2.52779
vn 0.847347 -0.470705 -0.245842
v 0.730452 0.0624366 -2.50081
vn 0.725905 -0.181791 0.663336
v 0.730452 0.0624366 -2.50081
vn 0.725905 -0.181791 0.663336
v 0.744662 0.0587449 -2.52779
vn 0.847347 -0.470705 -0.245842
v 0.753965 0.0573996 -2.52066
vn -0.0641724 -0.997023 -0.0427561
v 0.716089 0.0770683 -2.46579
vn 0.180881 -0.97448 0.13293
v 0.710681 0.0666402 -2.46984
vn 0.754923 0.335166 0.563698
v 0.730452 0.0624366 -2.50081
vn 0.725905 -0.181791 0.663336
v 0.753965 0.0573996 -2.52066
vn -0.0641724 -0.997023 -0.0427561
v 0.73724 0.0689507 -2.49555
vn -0.163253 -0.951025 0.262489
v 0.730452 0.0624366 -2.50081
vn 0.725905 -0.181791 0.663336
v 0.730452 0.0624366 -2.50081
vn 0.725905 -0.181791 0.663336
v 0.73724 0.0689507 -2.49555
vn -0.163253 -0.951025 0.262489
v 0.716089 0.0770683 -2.46579
vn 0.180881 -0.97448 0.13293
v 0.73724 0.0689507 -2.49555
vn -0.163253 -0.951025 0.262489
v 0.753965 0.0573996 -2.52066
vn -0.0641724 -0.997023 -0.0427561
v 0.793518 0.0379948 -2.47741
vn -0.291103 -0.94065 -0.174461
v 0.793518 0.0379948 -2.47741
vn -0.291103 -0.94065 -0.174461
v 0.776226 0.0499272 -2.45954
vn -0.519999 -0.84961 -0.0881151
v 0.73724 0.0689507 -2.49555
vn -0.163253 -0.951025 0.262489
v 0.716089 0.0770683 -2.46579
vn 0.180881 -0.97448 0.13293
v 0.73724 0.0689507 -2.49555
vn -0.163253 -0.951025 0.262489
v 0.776226 0.0499272 -2.45954
vn -0.519999 -0.84961 -0.0881151
v 0.776226 0.0499272 -2.45954
vn -0.519999 -0.84961 -0.0881151
v 0.793518 0.0379948 -2.47741
vn -0.291103 -0.94065 -0.174461
v 0.80007 0.0315934 -2.45997
vn -0.199306 -0.944614 -0.260733
v 0.80007 0.0315934 -2.45997
vn -0.199306 -0.944614 -0.260733
v 0.78637 0.0403574 -2.44611
vn -0.627337 -0.743782 -0.230733
v 0.776226 0.0499272 -2.45954
vn -0.519999 -0.84961 -0.0881151
v 0.776226 0.0499272 -2.45954
vn -0.519999 -0.84961 -0.0881151
v 0.78637 0.0403574 -2.44611
vn -0.627337 -0.743782 -0.230733
v 0.770276 0.0445119 -2.42544
vn -0.505058 -0.77579 -0.37824
v 0.78637 0.0403574 -2.44611
vn -0.627337 -0.743782 -0.230733
v 0.80007 0.0315934 -2.45997
vn -0.199306 -0.944614 -0.260733
v 0.797821 0.0255536 -2.43892
vn 0.0182664 -0.994203 -0.105952
v 0.797821 0.0255536 -2.43892
vn 0.0182664 -0.994203 -0.105952
v 0.789797 0.0328895 -2.43543
vn -0.667056 -0.657172 -0.350945
v 0.78637 0.0403574 -2.44611
vn -0.627337 -0.743782 -0.230733
v 0.770276 0.0445119 -2.42544
vn -0.505058 -0.77579 -0.37824
v 0.78637 0.0403574 -2.44611
vn -0.627337 -0.743782 -0.230733
v 0.789797 0.0328895 -2.43543
vn -0.667056 -0.657172 -0.350945
v 0.789797 0.0328895 -2.43543
vn -0.667056 -0.657172 -0.350945
v 0.797821 0.0255536 -2.43892
vn 0.0182664 -0.994203 -0.105952
v 0.785081 0.0235188 -2.41444
vn -0.35154 -0.89818 -0.263994
v 0.785081 0.0235188 -2.41444
vn -0.35154 -0.89818 -0.263994
v 0.779261 0.0335139 -2.41876
vn -0.606834 -0.652481 -0.453895
v 0.789797 0.0328895 -2.43543
vn -0.667056 -0.657172 -0.350945
v 0.789797 0.0328895 -2.43543
vn -0.667056 -0.657172 -0.350945
v 0.779261 0.0335139 -2.41876
vn -0.606834 -0.652481 -0.453895
v 0.770276 0.0445119 -2.42544
vn -0.505058 -0.77579 -0.37824
v 0.766291 0.0328258 -2.40391
vn -0.525324 -0.656787 -0.540986
v 0.779261 0.0335139 -2.41876
vn -0.606834 -0.652481 -0.453895
v 0.785081 0.0235188 -2.41444
vn -0.35154 -0.89818 -0.263994
v 0.770276 0.0445119 -2.42544
vn -0.505058 -0.77579 -0.37824
v 0.779261 0.0335139 -2.41876
vn -0.606834 -0.652481 -0.453895
v 0.766291 0.0328258 -2.40391
vn -0.525324 -0.656787 -0.540986
v 0.785081 0.0235188 -2.41444
vn -0.35154 -0.89818 -0.263994
v 0.765245 0.0254653 -2.39524
vn -0.0944168 -0.994509 0.0451385
v 0.766291 0.0328258 -2.40391
vn -0.525324 -0.656787 -0.540986
v 0.766291 0.0328258 -2.40391
vn -0.525324 -0.656787 -0.540986
v 0.755058 0.0402725 -2.40413
vn -0.398609 -0.743161 -0.537421
v 0.770276 0.0445119 -2.42544
vn -0.505058 -0.77579 -0.37824
v 0.755058 0.0402725 -2.40413
vn -0.398609 -0.743161 -0.537421
v 0.766291 0.0328258 -2.40391
vn -0.525324 -0.656787 -0.540986
v 0.765245 0.0254653 -2.39524
vn -0.0944168 -0.994509 0.0451385
v 0.770276 0.0445119 -2.42544
vn -0.505058 -0.77579 -0.37824
v 0.755058 0.0402725 -2.40413
vn -0.398609 -0.743161 -0.537421
v 0.739275 0.0498271 -2.41
vn -0.231099 -0.848826 -0.475486
v 0.765245 0.0254653 -2.39524
vn -0.0944168 -0.994509 0.0451385
v 0.745702 0.0314461 -2.38707
vn -0.305233 -0.944838 -0.118801
v 0.755058 0.0402725 -2.40413
vn -0.398609 -0.743161 -0.537421
v 0.739275 0.0498271 -2.41
vn -0.231099 -0.848826 -0.475486
v 0.755058 0.0402725 -2.40413
vn -0.398609 -0.743161 -0.537421
v 0.745702 0.0314461 -2.38707
vn -0.305233 -0.944838 -0.118801
v 0.672979 0.187954 -2.63474
vn 0.254595 0.856815 -0.448386
v 0.660374 0.190435 -2.63129
vn 0.0462229 0.883619 -0.46592
v 0.664752 0.192865 -2.61898
vn 0.172801 0.978146 -0.115628
v 0.664752 0.192865 -2.61898
vn 0.172801 0.978146 -0.115628
v 0.677005 0.190171 -2.62336
vn 0.373793 0.920562 -0.11333
v 0.672979 0.187954 -2.63474
vn 0.254595 0.856815 -0.448386
v 0.677005 0.190171 -2.62336
vn 0.373793 0.920562 -0.11333
v 0.664752 0.192865 -2.61898
vn 0.172801 0.978146 -0.115628
v 0.669072 0.190088 -2.60673
vn 0.29848 0.923389 0.241376
v 0.660374 0.190435 -2.63129
vn 0.0462229 0.883619 -0.46592
v 0.672979 0.187954 -2.63474
vn 0.254595 0.856815 -0.448386
v 0.669483 0.181261 -2.64443
vn 0.151641 0.662106 -0.733908
v 0.669483 0.181261 -2.64443
vn 0.151641 0.662106 -0.733908
v 0.656621 0.183186 -2.64178
vn -0.0563876 0.654947 -0.753569
v 0.660374 0.190435 -2.63129
vn 0.0462229 0.883619 -0.46592
v 0.669072 0.190088 -2.60673
vn 0.29848 0.923389 0.241376
v 0.681001 0.187634 -2.61205
vn 0.489728 0.844189 0.217969
v 0.677005 0.190171 -2.62336
vn 0.373793 0.920562 -0.11333
v 0.681001 0.187634 -2.61205
vn 0.489728 0.844189 0.217969
v 0.669072 0.190088 -2.60673
vn 0.29848 0.923389 0.241376
v 0.672664 0.182547 -2.59639
vn 0.405918 0.728333 0.552052
v 0.656621 0.183186 -2.64178
vn -0.0563876 0.654947 -0.753569
v 0.669483 0.181261 -2.64443
vn 0.151641 0.662106 -0.733908
v 0.667112 0.171126 -2.65097
vn 0.082013 0.366686 -0.926723
v 0.667112 0.171126 -2.65097
vn 0.082013 0.366686 -0.926723
v 0.654029 0.172267 -2.64886
vn -0.122799 0.325887 -0.9374
v 0.656621 0.183186 -2.64178
vn -0.0563876 0.654947 -0.753569
v 0.672664 0.182547 -2.59639
vn 0.405918 0.728333 0.552052
v 0.684325 0.180669 -2.60248
vn 0.587658 0.63778 0.49789
v 0.681001 0.187634 -2.61205
vn 0.489728 0.844189 0.217969
v 0.684325 0.180669 -2.60248
vn 0.587658 0.63778 0.49789
v 0.672664 0.182547 -2.59639
vn 0.405918 0.728333 0.552052
v 0.675014 0.171431 -2.58953
vn 0.482577 0.421254 0.767896
v 0.654029 0.172267 -2.64886
vn -0.122799 0.325887 -0.9374
v 0.667112 0.171126 -2.65097
vn 0.082013 0.366686 -0.926723
v 0.666167 0.159122 -2.65335
vn 0.0538691 0.014425 -0.998444
v 0.666167 0.159122 -2.65335
vn 0.0538691 0.014425 -0.998444
v 0.653018 0.159247 -2.65143
vn -0.144339 -0.0533703 -0.988088
v 0.654029 0.172267 -2.64886
vn -0.122799 0.325887 -0.9374
v 0.675014 0.171431 -2.58953
vn 0.482577 0.421254 0.767896
v 0.686493 0.170354 -2.59617
vn 0.650728 0.334618 0.681603
v 0.684325 0.180669 -2.60248
vn 0.587658 0.63778 0.49789
v 0.686493 0.170354 -2.59617
vn 0.650728 0.334618 0.681603
v 0.675014 0.171431 -2.58953
vn 0.482577 0.421254 0.767896
v 0.675737 0.158342 -2.58723
vn 0.511159 0.0508245 0.857982
v 0.653018 0.159247 -2.65143
vn -0.144339 -0.0533703 -0.988088
v 0.666167 0.159122 -2.65335
vn 0.0538691 0.014425 -0.998444
v 0.666848 0.147054 -2.65121
vn 0.0726276 -0.340499 -0.937436
v 0.666848 0.147054 -2.65121
vn 0.0726276 -0.340499 -0.937436
v 0.653742 0.146195 -2.64913
vn -0.11492 -0.42464 -0.898039
v 0.653018 0.159247 -2.65143
vn -0.144339 -0.0533703 -0.988088
v 0.675737 0.158342 -2.58723
vn 0.511159 0.0508245 0.857982
v 0.687152 0.158286 -2.59401
vn 0.669518 -0.0199679 0.742528
v 0.686493 0.170354 -2.59617
vn 0.650728 0.334618 0.681603
v 0.687152 0.158286 -2.59401
vn 0.669518 -0.0199679 0.742528
v 0.675737 0.158342 -2.58723
vn 0.511159 0.0508245 0.857982
v 0.674727 0.145359 -2.58979
vn 0.490558 -0.328833 0.806983
v 0.653742 0.146195 -2.64913
vn -0.11492 -0.42464 -0.898039
v 0.666848 0.147054 -2.65121
vn 0.0726276 -0.340499 -0.937436
v 0.668994 0.136776 -2.64488
vn 0.135399 -0.64365 -0.753248
v 0.668994 0.136776 -2.64488
vn 0.135399 -0.64365 -0.753248
v 0.656092 0.135043 -2.64227
vn -0.0399812 -0.73027 -0.681988
v 0.653742 0.146195 -2.64913
vn -0.11492 -0.42464 -0.898039
v 0.674727 0.145359 -2.58979
vn 0.490558 -0.328833 0.806983
v 0.686229 0.146282 -2.59642
vn 0.641439 -0.37219 0.670844
v 0.687152 0.158286 -2.59401
vn 0.669518 -0.0199679 0.742528
v 0.686229 0.146282 -2.59642
vn 0.641439 -0.37219 0.670844
v 0.674727 0.145359 -2.58979
vn 0.490558 -0.328833 0.806983
v 0.672135 0.134403 -2.59688
vn 0.423073 -0.65703 0.623956
v 0.656092 0.135043 -2.64227
vn -0.0399812 -0.73027 -0.681988
v 0.668994 0.136776 -2.64488
vn 0.135399 -0.64365 -0.753248
v 0.672341 0.129812 -2.63534
vn 0.233187 -0.848466 -0.47511
v 0.672341 0.129812 -2.63534
vn 0.233187 -0.848466 -0.47511
v 0.659683 0.127501 -2.63193
vn 0.0682569 -0.926112 -0.371023
v 0.656092 0.135043 -2.64227
vn -0.0399812 -0.73027 -0.681988
v 0.672135 0.134403 -2.59688
vn 0.423073 -0.65703 0.623956
v 0.683837 0.136185 -2.60293
vn 0.570833 -0.667595 0.477982
v 0.686229 0.146282 -2.59642
vn 0.641439 -0.37219 0.670844
v 0.683837 0.136185 -2.60293
vn 0.570833 -0.667595 0.477982
v 0.672135 0.134403 -2.59688
vn 0.423073 -0.65703 0.623956
v 0.668381 0.127154 -2.60737
vn 0.319969 -0.886257 0.334915
v 0.659683 0.127501 -2.63193
vn 0.0682569 -0.926112 -0.371023
v 0.672341 0.129812 -2.63534
vn 0.233187 -0.848466 -0.47511
v 0.676314 0.127237 -2.624
vn 0.349786 -0.926125 -0.141215
v 0.676314 0.127237 -2.624
vn 0.349786 -0.926125 -0.141215
v 0.664004 0.124762 -2.61968
vn 0.193836 -0.980947 -0.0130607
v 0.659683 0.127501 -2.63193
vn 0.0682569 -0.926112 -0.371023
v 0.680363 0.129492 -2.61264
vn 0.468548 -0.862267 0.192248
v 0.668381 0.127154 -2.60737
vn 0.319969 -0.886257 0.334915
v 0.664004 0.124762 -2.61968
vn 0.193836 -0.980947 -0.0130607
v 0.664004 0.124762 -2.61968
vn 0.193836 -0.980947 -0.0130607
v 0.676314 0.127237 -2.624
vn 0.349786 -0.926125 -0.141215
v 0.680363 0.129492 -2.61264
vn 0.468548 -0.862267 0.192248
v 0.668381 0.127154 -2.60737
vn 0.319969 -0.886257 0.334915
v 0.680363 0.129492 -2.61264
vn 0.468548 -0.862267 0.192248
v 0.683837 0.136185 -2.60293
vn 0.570833 -0.667595 0.477982
v 0.689899 0.136282 -2.61889
vn 0.747124 -0.664668 0.00461288
v 0.680363 0.129492 -2.61264
vn 0.468548 -0.862267 0.192248
v 0.676314 0.127237 -2.624
vn 0.349786 -0.926125 -0.141215
v 0.680363 0.129492 -2.61264
vn 0.468548 -0.862267 0.192248
v 0.689899 0.136282 -2.61889
vn 0.747124 -0.664668 0.00461288
v 0.692564 0.141385 -2.61148
vn 0.825779 -0.517601 0.224006
v 0.692564 0.141385 -2.61148
vn 0.825779 -0.517601 0.224006
v 0.683837 0.136185 -2.60293
vn 0.570833 -0.667595 0.477982
v 0.680363 0.129492 -2.61264
vn 0.468548 -0.862267 0.192248
v 0.697016 0.149247 -2.62123
vn 0.945932 -0.321723 -0.0413225
v 0.692564 0.141385 -2.61148
vn 0.825779 -0.517601 0.224006
v 0.689899 0.136282 -2.61889
vn 0.747124 -0.664668 0.00461288
v 0.689899 0.136282 -2.61889
vn 0.747124 -0.664668 0.00461288
v 0.695571 0.146473 -2.62523
vn 0.897915 -0.403954 -0.17484
v 0.697016 0.149247 -2.62123
vn 0.945932 -0.321723 -0.0413225
v 0.692564 0.141385 -2.61148
vn 0.825779 -0.517601 0.224006
v 0.697016 0.149247 -2.62123
vn 0.945932 -0.321723 -0.0413225
v 0.69799 0.153435 -2.61851
vn 0.97985 -0.192841 0.0520331
v 0.695571 0.146473 -2.62523
vn 0.897915 -0.403954 -0.17484
v 0.689899 0.136282 -2.61889
vn 0.747124 -0.664668 0.00461288
v 0.686807 0.134556 -2.6276
vn 0.656506 -0.711066 -0.251764
v 0.676314 0.127237 -2.624
vn 0.349786 -0.926125 -0.141215
v 0.686807 0.134556 -2.6276
vn 0.656506 -0.711066 -0.251764
v 0.689899 0.136282 -2.61889
vn 0.747124 -0.664668 0.00461288
v 0.686807 0.134556 -2.6276
vn 0.656506 -0.711066 -0.251764
v 0.676314 0.127237 -2.624
vn 0.349786 -0.926125 -0.141215
v 0.672341 0.129812 -2.63534
vn 0.233187 -0.848466 -0.47511
v 0.686807 0.134556 -2.6276
vn 0.656506 -0.711066 -0.251764
v 0.693902 0.145559 -2.62996
vn 0.843451 -0.424555 -0.329157
v 0.695571 0.146473 -2.62523
vn 0.897915 -0.403954 -0.17484
v 0.693902 0.145559 -2.62996
vn 0.843451 -0.424555 -0.329157
v 0.686807 0.134556 -2.6276
vn 0.656506 -0.711066 -0.251764
v 0.683755 0.136527 -2.63627
vn 0.566945 -0.649846 -0.506235
v 0.672341 0.129812 -2.63534
vn 0.233187 -0.848466 -0.47511
v 0.683755 0.136527 -2.63627
vn 0.566945 -0.649846 -0.506235
v 0.686807 0.134556 -2.6276
vn 0.656506 -0.711066 -0.251764
v 0.683755 0.136527 -2.63627
vn 0.566945 -0.649846 -0.506235
v 0.692233 0.146606 -2.63464
vn 0.79099 -0.383058 -0.477075
v 0.693902 0.145559 -2.62996
vn 0.843451 -0.424555 -0.329157
v 0.683755 0.136527 -2.63627
vn 0.566945 -0.649846 -0.506235
v 0.672341 0.129812 -2.63534
vn 0.233187 -0.848466 -0.47511
v 0.668994 0.136776 -2.64488
vn 0.135399 -0.64365 -0.753248
v 0.668994 0.136776 -2.64488
vn 0.135399 -0.64365 -0.753248
v 0.681205 0.141838 -2.64358
vn 0.493004 -0.492212 -0.717408
v 0.683755 0.136527 -2.63627
vn 0.566945 -0.649846 -0.506235
v 0.692233 0.146606 -2.63464
vn 0.79099 -0.383058 -0.477075
v 0.683755 0.136527 -2.63627
vn 0.566945 -0.649846 -0.506235
v 0.681205 0.141838 -2.64358
vn 0.493004 -0.492212 -0.717408
v 0.681205 0.141838 -2.64358
vn 0.493004 -0.492212 -0.717408
v 0.668994 0.136776 -2.64488
vn 0.135399 -0.64365 -0.753248
v 0.666848 0.147054 -2.65121
vn 0.0726276 -0.340499 -0.937436
v 0.666848 0.147054 -2.65121
vn 0.0726276 -0.340499 -0.937436
v 0.679549 0.149717 -2.64842
vn 0.445918 -0.257172 -0.857333
v 0.681205 0.141838 -2.64358
vn 0.493004 -0.492212 -0.717408
v 0.679549 0.149717 -2.64842
vn 0.445918 -0.257172 -0.857333
v 0.666848 0.147054 -2.65121
vn 0.0726276 -0.340499 -0.937436
v 0.666167 0.159122 -2.65335
vn 0.0538691 0.014425 -0.998444
v 0.681205 0.141838 -2.64358
vn 0.493004 -0.492212 -0.717408
v 0.690872 0.149492 -2.63861
vn 0.748817 -0.282359 -0.599622
v 0.692233 0.146606 -2.63464
vn 0.79099 -0.383058 -0.477075
v 0.690872 0.149492 -2.63861
vn 0.748817 -0.282359 -0.599622
v 0.681205 0.141838 -2.64358
vn 0.493004 -0.492212 -0.717408
v 0.679549 0.149717 -2.64842
vn 0.445918 -0.257172 -0.857333
v 0.693902 0.145559 -2.62996
vn 0.843451 -0.424555 -0.329157
v 0.692233 0.146606 -2.63464
vn 0.79099 -0.383058 -0.477075
v 0.69648 0.158558 -2.63069
vn 0.942679 -0.00700392 -0.333628
v 0.69648 0.158558 -2.63069
vn 0.942679 -0.00700392 -0.333628
v 0.692233 0.146606 -2.63464
vn 0.79099 -0.383058 -0.477075
v 0.690872 0.149492 -2.63861
vn 0.748817 -0.282359 -0.599622
v 0.69648 0.158558 -2.63069
vn 0.942679 -0.00700392 -0.333628
v 0.695571 0.146473 -2.62523
vn 0.897915 -0.403954 -0.17484
v 0.693902 0.145559 -2.62996
vn 0.843451 -0.424555 -0.329157
v 0.697016 0.149247 -2.62123
vn 0.945932 -0.321723 -0.0413225
v 0.695571 0.146473 -2.62523
vn 0.897915 -0.403954 -0.17484
v 0.69648 0.158558 -2.63069
vn 0.942679 -0.00700392 -0.333628
v 0.69648 0.158558 -2.63069
vn 0.942679 -0.00700392 -0.333628
v 0.69799 0.153435 -2.61851
vn 0.97985 -0.192841 0.0520331
v 0.697016 0.149247 -2.62123
vn 0.945932 -0.321723 -0.0413225
v 0.69799 0.153435 -2.61851
vn 0.97985 -0.192841 0.0520331
v 0.694391 0.149125 -2.60647
vn 0.880274 -0.292609 0.373493
v 0.692564 0.141385 -2.61148
vn 0.825779 -0.517601 0.224006
v 0.683837 0.136185 -2.60293
vn 0.570833 -0.667595 0.477982
v 0.692564 0.141385 -2.61148
vn 0.825779 -0.517601 0.224006
v 0.694391 0.149125 -2.60647
vn 0.880274 -0.292609 0.373493
v 0.694391 0.149125 -2.60647
vn 0.880274 -0.292609 0.373493
v 0.686229 0.146282 -2.59642
vn 0.641439 -0.37219 0.670844
v 0.683837 0.136185 -2.60293
vn 0.570833 -0.667595 0.477982
v 0.694391 0.149125 -2.60647
vn 0.880274 -0.292609 0.373493
v 0.69799 0.153435 -2.61851
vn 0.97985 -0.192841 0.0520331
v 0.698394 0.158403 -2.61754
vn 0.995215 -0.0340196 0.091596
v 0.698394 0.158403 -2.61754
vn 0.995215 -0.0340196 0.091596
v 0.69799 0.153435 -2.61851
vn 0.97985 -0.192841 0.0520331
v 0.69648 0.158558 -2.63069
vn 0.942679 -0.00700392 -0.333628
v 0.686229 0.146282 -2.59642
vn 0.641439 -0.37219 0.670844
v 0.694391 0.149125 -2.60647
vn 0.880274 -0.292609 0.373493
v 0.695093 0.158307 -2.60466
vn 0.90233 -0.0230909 0.430427
v 0.698394 0.158403 -2.61754
vn 0.995215 -0.0340196 0.091596
v 0.695093 0.158307 -2.60466
vn 0.90233 -0.0230909 0.430427
v 0.694391 0.149125 -2.60647
vn 0.880274 -0.292609 0.373493
v 0.695093 0.158307 -2.60466
vn 0.90233 -0.0230909 0.430427
v 0.687152 0.158286 -2.59401
vn 0.669518 -0.0199679 0.742528
v 0.686229 0.146282 -2.59642
vn 0.641439 -0.37219 0.670844
v 0.695093 0.158307 -2.60466
vn 0.90233 -0.0230909 0.430427
v 0.698394 0.158403 -2.61754
vn 0.995215 -0.0340196 0.091596
v 0.698099 0.163396 -2.61841
vn 0.989147 0.128139 0.0718913
v 0.69648 0.158558 -2.63069
vn 0.942679 -0.00700392 -0.333628
v 0.698099 0.163396 -2.61841
vn 0.989147 0.128139 0.0718913
v 0.698394 0.158403 -2.61754
vn 0.995215 -0.0340196 0.091596
v 0.698099 0.163396 -2.61841
vn 0.989147 0.128139 0.0718913
v 0.694594 0.167538 -2.60628
vn 0.888805 0.24773 0.385558
v 0.695093 0.158307 -2.60466
vn 0.90233 -0.0230909 0.430427
v 0.687152 0.158286 -2.59401
vn 0.669518 -0.0199679 0.742528
v 0.695093 0.158307 -2.60466
vn 0.90233 -0.0230909 0.430427
v 0.694594 0.167538 -2.60628
vn 0.888805 0.24773 0.385558
v 0.694594 0.167538 -2.60628
vn 0.888805 0.24773 0.385558
v 0.698099 0.163396 -2.61841
vn 0.989147 0.128139 0.0718913
v 0.697218 0.16766 -2.62104
vn 0.963105 0.269068 -0.0055301
v 0.697218 0.16766 -2.62104
vn 0.963105 0.269068 -0.0055301
v 0.698099 0.163396 -2.61841
vn 0.989147 0.128139 0.0718913
v 0.69648 0.158558 -2.63069
vn 0.942679 -0.00700392 -0.333628
v 0.666167 0.159122 -2.65335
vn 0.0538691 0.014425 -0.998444
v 0.67905 0.158947 -2.65005
vn 0.432113 0.0129785 -0.901726
v 0.679549 0.149717 -2.64842
vn 0.445918 -0.257172 -0.857333
v 0.67905 0.158947 -2.65005
vn 0.432113 0.0129785 -0.901726
v 0.666167 0.159122 -2.65335
vn 0.0538691 0.014425 -0.998444
v 0.667112 0.171126 -2.65097
vn 0.082013 0.366686 -0.926723
v 0.667112 0.171126 -2.65097
vn 0.082013 0.366686 -0.926723
v 0.679751 0.168129 -2.64823
vn 0.454439 0.2827 -0.844728
v 0.67905 0.158947 -2.65005
vn 0.432113 0.0129785 -0.901726
v 0.679751 0.168129 -2.64823
vn 0.454439 0.2827 -0.844728
v 0.667112 0.171126 -2.65097
vn 0.082013 0.366686 -0.926723
v 0.669483 0.181261 -2.64443
vn 0.151641 0.662106 -0.733908
v 0.669483 0.181261 -2.64443
vn 0.151641 0.662106 -0.733908
v 0.681578 0.17587 -2.64323
vn 0.50801 0.506344 -0.696808
v 0.679751 0.168129 -2.64823
vn 0.454439 0.2827 -0.844728
v 0.681578 0.17587 -2.64323
vn 0.50801 0.506344 -0.696808
v 0.669483 0.181261 -2.64443
vn 0.151641 0.662106 -0.733908
v 0.672979 0.187954 -2.63474
vn 0.254595 0.856815 -0.448386
v 0.672979 0.187954 -2.63474
vn 0.254595 0.856815 -0.448386
v 0.684244 0.181011 -2.63582
vn 0.588039 0.654333 -0.475456
v 0.681578 0.17587 -2.64323
vn 0.50801 0.506344 -0.696808
v 0.684244 0.181011 -2.63582
vn 0.588039 0.654333 -0.475456
v 0.672979 0.187954 -2.63474
vn 0.254595 0.856815 -0.448386
v 0.677005 0.190171 -2.62336
vn 0.373793 0.920562 -0.11333
v 0.677005 0.190171 -2.62336
vn 0.373793 0.920562 -0.11333
v 0.687336 0.182699 -2.62711
vn 0.677329 0.701607 -0.221297
v 0.684244 0.181011 -2.63582
vn 0.588039 0.654333 -0.475456
v 0.687336 0.182699 -2.62711
vn 0.677329 0.701607 -0.221297
v 0.677005 0.190171 -2.62336
vn 0.373793 0.920562 -0.11333
v 0.681001 0.187634 -2.61205
vn 0.489728 0.844189 0.217969
v 0.681001 0.187634 -2.61205
vn 0.489728 0.844189 0.217969
v 0.690387 0.180766 -2.61843
vn 0.767535 0.640106 0.0339716
v 0.687336 0.182699 -2.62711
vn 0.677329 0.701607 -0.221297
v 0.690387 0.180766 -2.61843
vn 0.767535 0.640106 0.0339716
v 0.681001 0.187634 -2.61205
vn 0.489728 0.844189 0.217969
v 0.684325 0.180669 -2.60248
vn 0.587658 0.63778 0.49789
v 0.684325 0.180669 -2.60248
vn 0.587658 0.63778 0.49789
v 0.692938 0.175418 -2.61113
vn 0.841311 0.481068 0.246516
v 0.690387 0.180766 -2.61843
vn 0.767535 0.640106 0.0339716
v 0.692938 0.175418 -2.61113
vn 0.841311 0.481068 0.246516
v 0.684325 0.180669 -2.60248
vn 0.587658 0.63778 0.49789
v 0.686493 0.170354 -2.59617
vn 0.650728 0.334618 0.681603
v 0.689969 0.153755 -2.64121
vn 0.722055 -0.140008 -0.677521
v 0.679549 0.149717 -2.64842
vn 0.445918 -0.257172 -0.857333
v 0.67905 0.158947 -2.65005
vn 0.432113 0.0129785 -0.901726
v 0.679549 0.149717 -2.64842
vn 0.445918 -0.257172 -0.857333
v 0.689969 0.153755 -2.64121
vn 0.722055 -0.140008 -0.677521
v 0.690872 0.149492 -2.63861
vn 0.748817 -0.282359 -0.599622
v 0.690872 0.149492 -2.63861
vn 0.748817 -0.282359 -0.599622
v 0.689969 0.153755 -2.64121
vn 0.722055 -0.140008 -0.677521
v 0.69648 0.158558 -2.63069
vn 0.942679 -0.00700392 -0.333628
v 0.686493 0.170354 -2.59617
vn 0.650728 0.334618 0.681603
v 0.694594 0.167538 -2.60628
vn 0.888805 0.24773 0.385558
v 0.692938 0.175418 -2.61113
vn 0.841311 0.481068 0.246516
v 0.694594 0.167538 -2.60628
vn 0.888805 0.24773 0.385558
v 0.686493 0.170354 -2.59617
vn 0.650728 0.334618 0.681603
v 0.687152 0.158286 -2.59401
vn 0.669518 -0.0199679 0.742528
v 0.697218 0.16766 -2.62104
vn 0.963105 0.269068 -0.0055301
v 0.692938 0.175418 -2.61113
vn 0.841311 0.481068 0.246516
v 0.694594 0.167538 -2.60628
vn 0.888805 0.24773 0.385558
v 0.692938 0.175418 -2.61113
vn 0.841311 0.481068 0.246516
v 0.697218 0.16766 -2.62104
vn 0.963105 0.269068 -0.0055301
v 0.695835 0.170546 -2.62498
vn 0.92073 0.368936 -0.127052
v 0.69648 0.158558 -2.63069
vn 0.942679 -0.00700392 -0.333628
v 0.695835 0.170546 -2.62498
vn 0.92073 0.368936 -0.127052
v 0.697218 0.16766 -2.62104
vn 0.963105 0.269068 -0.0055301
v 0.695835 0.170546 -2.62498
vn 0.92073 0.368936 -0.127052
v 0.690387 0.180766 -2.61843
vn 0.767535 0.640106 0.0339716
v 0.692938 0.175418 -2.61113
vn 0.841311 0.481068 0.246516
v 0.694189 0.171631 -2.62969
vn 0.867556 0.412117 -0.278401
v 0.695835 0.170546 -2.62498
vn 0.92073 0.368936 -0.127052
v 0.69648 0.158558 -2.63069
vn 0.942679 -0.00700392 -0.333628
v 0.690387 0.180766 -2.61843
vn 0.767535 0.640106 0.0339716
v 0.695835 0.170546 -2.62498
vn 0.92073 0.368936 -0.127052
v 0.694189 0.171631 -2.62969
vn 0.867556 0.412117 -0.278401
v 0.694189 0.171631 -2.62969
vn 0.867556 0.412117 -0.278401
v 0.687336 0.182699 -2.62711
vn 0.677329 0.701607 -0.221297
v 0.690387 0.180766 -2.61843
vn 0.767535 0.640106 0.0339716
v 0.687336 0.182699 -2.62711
vn 0.677329 0.701607 -0.221297
v 0.694189 0.171631 -2.62969
vn 0.867556 0.412117 -0.278401
v 0.692497 0.170678 -2.63439
vn 0.813295 0.391435 -0.4305
v 0.69648 0.158558 -2.63069
vn 0.942679 -0.00700392 -0.333628
v 0.692497 0.170678 -2.63439
vn 0.813295 0.391435 -0.4305
v 0.694189 0.171631 -2.62969
vn 0.867556 0.412117 -0.278401
v 0.692497 0.170678 -2.63439
vn 0.813295 0.391435 -0.4305
v 0.684244 0.181011 -2.63582
vn 0.588039 0.654333 -0.475456
v 0.687336 0.182699 -2.62711
vn 0.677329 0.701607 -0.221297
v 0.690078 0.163716 -2.6411
vn 0.731155 0.179507 -0.658171
v 0.679751 0.168129 -2.64823
vn 0.454439 0.2827 -0.844728
v 0.681578 0.17587 -2.64323
vn 0.50801 0.506344 -0.696808
v 0.684244 0.181011 -2.63582
vn 0.588039 0.654333 -0.475456
v 0.692497 0.170678 -2.63439
vn 0.813295 0.391435 -0.4305
v 0.691074 0.167905 -2.63842
vn 0.765905 0.308891 -0.563893
v 0.691074 0.167905 -2.63842
vn 0.765905 0.308891 -0.563893
v 0.681578 0.17587 -2.64323
vn 0.50801 0.506344 -0.696808
v 0.684244 0.181011 -2.63582
vn 0.588039 0.654333 -0.475456
v 0.691074 0.167905 -2.63842
vn 0.765905 0.308891 -0.563893
v 0.692497 0.170678 -2.63439
vn 0.813295 0.391435 -0.4305
v 0.69648 0.158558 -2.63069
vn 0.942679 -0.00700392 -0.333628
v 0.681578 0.17587 -2.64323
vn 0.50801 0.506344 -0.696808
v 0.691074 0.167905 -2.63842
vn 0.765905 0.308891 -0.563893
v 0.690078 0.163716 -2.6411
vn 0.731155 0.179507 -0.658171
v 0.69648 0.158558 -2.63069
vn 0.942679 -0.00700392 -0.333628
v 0.690078 0.163716 -2.6411
vn 0.731155 0.179507 -0.658171
v 0.691074 0.167905 -2.63842
vn 0.765905 0.308891 -0.563893
v 0.689696 0.158749 -2.64211
vn 0.716506 0.0216562 -0.697245
v 0.67905 0.158947 -2.65005
vn 0.432113 0.0129785 -0.901726
v 0.679751 0.168129 -2.64823
vn 0.454439 0.2827 -0.844728
v 0.679751 0.168129 -2.64823
vn 0.454439 0.2827 -0.844728
v 0.690078 0.163716 -2.6411
vn 0.731155 0.179507 -0.658171
v 0.689696 0.158749 -2.64211
vn 0.716506 0.0216562 -0.697245
v 0.689696 0.158749 -2.64211
vn 0.716506 0.0216562 -0.697245
v 0.690078 0.163716 -2.6411
vn 0.731155 0.179507 -0.658171
v 0.69648 0.158558 -2.63069
vn 0.942679 -0.00700392 -0.333628
v 0.69648 0.158558 -2.63069
vn 0.942679 -0.00700392 -0.333628
v 0.689969 0.153755 -2.64121
vn 0.722055 -0.140008 -0.677521
v 0.689696 0.158749 -2.64211
vn 0.716506 0.0216562 -0.697245
v 0.67905 0.158947 -2.65005
vn 0.432113 0.0129785 -0.901726
v 0.689696 0.158749 -2.64211
vn 0.716506 0.0216562 -0.697245
v 0.689969 0.153755 -2.64121
vn 0.722055 -0.140008 -0.677521
v 0.554392 0.192565 -2.47101
vn -0.0634443 0.977506 0.20114
v 0.541352 0.190112 -2.4717
vn -0.435104 0.882314 0.179465
v 0.54164 0.187598 -2.45864
vn -0.358823 0.855152 0.374114
v 0.54164 0.187598 -2.45864
vn -0.358823 0.855152 0.374114
v 0.553697 0.189837 -2.45802
vn -0.00381285 0.919538 0.392981
v 0.554392 0.192565 -2.47101
vn -0.0634443 0.977506 0.20114
v 0.567376 0.189813 -2.47037
vn 0.314682 0.923433 0.219652
v 0.554392 0.192565 -2.47101
vn -0.0634443 0.977506 0.20114
v 0.553697 0.189837 -2.45802
vn -0.00381285 0.919538 0.392981
v 0.531375 0.180886 -2.45925
vn -0.661471 0.659902 0.35635
v 0.54164 0.187598 -2.45864
vn -0.358823 0.855152 0.374114
v 0.541352 0.190112 -2.4717
vn -0.435104 0.882314 0.179465
v 0.541352 0.190112 -2.4717
vn -0.435104 0.882314 0.179465
v 0.530244 0.182844 -2.47232
vn -0.739626 0.653094 0.162549
v 0.531375 0.180886 -2.45925
vn -0.661471 0.659902 0.35635
v 0.524448 0.170739 -2.45968
vn -0.865563 0.364117 0.343831
v 0.531375 0.180886 -2.45925
vn -0.661471 0.659902 0.35635
v 0.530244 0.182844 -2.47232
vn -0.739626 0.653094 0.162549
v 0.530244 0.182844 -2.47232
vn -0.739626 0.653094 0.162549
v 0.522734 0.171911 -2.47282
vn -0.934124 0.323687 0.150462
v 0.524448 0.170739 -2.45968
vn -0.865563 0.364117 0.343831
v 0.521923 0.158731 -2.45994
vn -0.941649 0.011726 0.336393
v 0.524448 0.170739 -2.45968
vn -0.865563 0.364117 0.343831
v 0.522734 0.171911 -2.47282
vn -0.934124 0.323687 0.150462
v 0.522734 0.171911 -2.47282
vn -0.934124 0.323687 0.150462
v 0.52001 0.158886 -2.47309
vn -0.988115 -0.0556579 0.143286
v 0.521923 0.158731 -2.45994
vn -0.941649 0.011726 0.336393
v 0.524184 0.146667 -2.45992
vn -0.877137 -0.343074 0.336052
v 0.521923 0.158731 -2.45994
vn -0.941649 0.011726 0.336393
v 0.52001 0.158886 -2.47309
vn -0.988115 -0.0556579 0.143286
v 0.52001 0.158886 -2.47309
vn -0.988115 -0.0556579 0.143286
v 0.522448 0.14584 -2.47308
vn -0.892696 -0.426749 0.14484
v 0.524184 0.146667 -2.45992
vn -0.877137 -0.343074 0.336052
v 0.530887 0.136402 -2.4597
vn -0.682109 -0.645866 0.342905
v 0.524184 0.146667 -2.45992
vn -0.877137 -0.343074 0.336052
v 0.522448 0.14584 -2.47308
vn -0.892696 -0.426749 0.14484
v 0.522448 0.14584 -2.47308
vn -0.892696 -0.426749 0.14484
v 0.529715 0.1347 -2.47282
vn -0.663654 -0.731961 0.154262
v 0.530887 0.136402 -2.4597
vn -0.682109 -0.645866 0.342905
v 0.541001 0.129456 -2.45923
vn -0.387238 -0.850148 0.356784
v 0.530887 0.136402 -2.4597
vn -0.682109 -0.645866 0.342905
v 0.529715 0.1347 -2.47282
vn -0.663654 -0.731961 0.154262
v 0.529715 0.1347 -2.47282
vn -0.663654 -0.731961 0.154262
v 0.540661 0.127178 -2.47234
vn -0.334356 -0.927203 0.168819
v 0.541001 0.129456 -2.45923
vn -0.387238 -0.850148 0.356784
v 0.553006 0.126903 -2.45866
vn -0.033807 -0.927165 0.373124
v 0.541001 0.129456 -2.45923
vn -0.387238 -0.850148 0.356784
v 0.540661 0.127178 -2.47234
vn -0.334356 -0.927203 0.168819
v 0.540661 0.127178 -2.47234
vn -0.334356 -0.927203 0.168819
v 0.553644 0.124463 -2.4717
vn 0.0446593 -0.981351 0.186962
v 0.553006 0.126903 -2.45866
vn -0.033807 -0.927165 0.373124
v 0.56504 0.12918 -2.45801
vn 0.319553 -0.862671 0.392027
v 0.553006 0.126903 -2.45866
vn -0.033807 -0.927165 0.373124
v 0.553644 0.124463 -2.4717
vn 0.0446593 -0.981351 0.186962
v 0.553644 0.124463 -2.4717
vn 0.0446593 -0.981351 0.186962
v 0.566685 0.126879 -2.47101
vn 0.413971 -0.886002 0.208873
v 0.56504 0.12918 -2.45801
vn 0.319553 -0.862671 0.392027
v 0.575327 0.135891 -2.45744
vn 0.622213 -0.667455 0.40909
v 0.56504 0.12918 -2.45801
vn 0.319553 -0.862671 0.392027
v 0.566685 0.126879 -2.47101
vn 0.413971 -0.886002 0.208873
v 0.566685 0.126879 -2.47101
vn 0.413971 -0.886002 0.208873
v 0.577793 0.134147 -2.47038
vn 0.719968 -0.656225 0.225865
v 0.575327 0.135891 -2.45744
vn 0.622213 -0.667455 0.40909
v 0.582231 0.146 -2.45697
vn 0.826628 -0.371688 0.422533
v 0.575327 0.135891 -2.45744
vn 0.622213 -0.667455 0.40909
v 0.577793 0.134147 -2.47038
vn 0.719968 -0.656225 0.225865
v 0.577793 0.134147 -2.47038
vn 0.719968 -0.656225 0.225865
v 0.585303 0.145117 -2.46989
vn 0.914004 -0.327685 0.239208
v 0.582231 0.146 -2.45697
vn 0.826628 -0.371688 0.422533
v 0.584778 0.158008 -2.45675
vn 0.90266 -0.0193358 0.429919
v 0.582231 0.146 -2.45697
vn 0.826628 -0.371688 0.422533
v 0.585303 0.145117 -2.46989
vn 0.914004 -0.327685 0.239208
v 0.585303 0.145117 -2.46989
vn 0.914004 -0.327685 0.239208
v 0.588027 0.158104 -2.46962
vn 0.968024 0.0520631 0.245397
v 0.584778 0.158008 -2.45675
vn 0.90266 -0.0193358 0.429919
v 0.582496 0.170072 -2.45673
vn 0.83822 0.335127 0.430205
v 0.584778 0.158008 -2.45675
vn 0.90266 -0.0193358 0.429919
v 0.588027 0.158104 -2.46962
vn 0.968024 0.0520631 0.245397
v 0.588027 0.158104 -2.46962
vn 0.968024 0.0520631 0.245397
v 0.585589 0.171189 -2.46962
vn 0.87281 0.422312 0.244654
v 0.582496 0.170072 -2.45673
vn 0.83822 0.335127 0.430205
v 0.575815 0.180375 -2.45698
vn 0.643562 0.637932 0.42293
v 0.582496 0.170072 -2.45673
vn 0.83822 0.335127 0.430205
v 0.585589 0.171189 -2.46962
vn 0.87281 0.422312 0.244654
v 0.585589 0.171189 -2.46962
vn 0.87281 0.422312 0.244654
v 0.578321 0.182291 -2.46989
vn 0.643473 0.728977 0.233527
v 0.575815 0.180375 -2.45698
vn 0.643562 0.637932 0.42293
v 0.565678 0.187322 -2.45742
vn 0.346938 0.843802 0.409428
v 0.575815 0.180375 -2.45698
vn 0.643562 0.637932 0.42293
v 0.578321 0.182291 -2.46989
vn 0.643473 0.728977 0.233527
v 0.578321 0.182291 -2.46989
vn 0.643473 0.728977 0.233527
v 0.567376 0.189813 -2.47037
vn 0.314682 0.923433 0.219652
v 0.565678 0.187322 -2.45742
vn 0.346938 0.843802 0.409428
v 0.553697 0.189837 -2.45802
vn -0.00381285 0.919538 0.392981
v 0.565678 0.187322 -2.45742
vn 0.346938 0.843802 0.409428
v 0.567376 0.189813 -2.47037
vn 0.314682 0.923433 0.219652
v 0.575815 0.180375 -2.45698
vn 0.643562 0.637932 0.42293
v 0.565678 0.187322 -2.45742
vn 0.346938 0.843802 0.409428
v 0.562251 0.180418 -2.44662
vn 0.2502 0.638703 0.727639
v 0.553064 0.182335 -2.44707
vn -0.020312 0.699716 0.714133
v 0.562251 0.180418 -2.44662
vn 0.2502 0.638703 0.727639
v 0.565678 0.187322 -2.45742
vn 0.346938 0.843802 0.409428
v 0.562251 0.180418 -2.44662
vn 0.2502 0.638703 0.727639
v 0.56999 0.175084 -2.44627
vn 0.475265 0.480076 0.737327
v 0.575815 0.180375 -2.45698
vn 0.643562 0.637932 0.42293
v 0.582496 0.170072 -2.45673
vn 0.83822 0.335127 0.430205
v 0.575815 0.180375 -2.45698
vn 0.643562 0.637932 0.42293
v 0.56999 0.175084 -2.44627
vn 0.475265 0.480076 0.737327
v 0.56999 0.175084 -2.44627
vn 0.475265 0.480076 0.737327
v 0.562251 0.180418 -2.44662
vn 0.2502 0.638703 0.727639
v 0.557548 0.170171 -2.43956
vn 0.140076 0.366819 0.919686
v 0.557548 0.170171 -2.43956
vn 0.140076 0.366819 0.919686
v 0.561728 0.167292 -2.43937
vn 0.268829 0.267186 0.925388
v 0.56999 0.175084 -2.44627
vn 0.475265 0.480076 0.737327
v 0.57512 0.167214 -2.44609
vn 0.62253 0.247008 0.742592
v 0.56999 0.175084 -2.44627
vn 0.475265 0.480076 0.737327
v 0.561728 0.167292 -2.43937
vn 0.268829 0.267186 0.925388
v 0.56999 0.175084 -2.44627
vn 0.475265 0.480076 0.737327
v 0.57512 0.167214 -2.44609
vn 0.62253 0.247008 0.742592
v 0.582496 0.170072 -2.45673
vn 0.83822 0.335127 0.430205
v 0.584778 0.158008 -2.45675
vn 0.90266 -0.0193358 0.429919
v 0.582496 0.170072 -2.45673
vn 0.83822 0.335127 0.430205
v 0.57512 0.167214 -2.44609
vn 0.62253 0.247008 0.742592
v 0.561728 0.167292 -2.43937
vn 0.268829 0.267186 0.925388
v 0.564504 0.163034 -2.43928
vn 0.350735 0.126408 0.927904
v 0.57512 0.167214 -2.44609
vn 0.62253 0.247008 0.742592
v 0.576838 0.157987 -2.4461
vn 0.669917 -0.023721 0.742057
v 0.57512 0.167214 -2.44609
vn 0.62253 0.247008 0.742592
v 0.564504 0.163034 -2.43928
vn 0.350735 0.126408 0.927904
v 0.57512 0.167214 -2.44609
vn 0.62253 0.247008 0.742592
v 0.576838 0.157987 -2.4461
vn 0.669917 -0.023721 0.742057
v 0.584778 0.158008 -2.45675
vn 0.90266 -0.0193358 0.429919
v 0.582231 0.146 -2.45697
vn 0.826628 -0.371688 0.422533
v 0.584778 0.158008 -2.45675
vn 0.90266 -0.0193358 0.429919
v 0.576838 0.157987 -2.4461
vn 0.669917 -0.023721 0.742057
v 0.564504 0.163034 -2.43928
vn 0.350735 0.126408 0.927904
v 0.56543 0.158042 -2.43926
vn 0.371666 -0.0357101 0.92768
v 0.576838 0.157987 -2.4461
vn 0.669917 -0.023721 0.742057
v 0.574918 0.148802 -2.44628
vn 0.60958 -0.293343 0.736452
v 0.576838 0.157987 -2.4461
vn 0.669917 -0.023721 0.742057
v 0.56543 0.158042 -2.43926
vn 0.371666 -0.0357101 0.92768
v 0.576838 0.157987 -2.4461
vn 0.669917 -0.023721 0.742057
v 0.574918 0.148802 -2.44628
vn 0.60958 -0.293343 0.736452
v 0.582231 0.146 -2.45697
vn 0.826628 -0.371688 0.422533
v 0.575327 0.135891 -2.45744
vn 0.622213 -0.667455 0.40909
v 0.582231 0.146 -2.45697
vn 0.826628 -0.371688 0.422533
v 0.574918 0.148802 -2.44628
vn 0.60958 -0.293343 0.736452
v 0.56543 0.158042 -2.43926
vn 0.371666 -0.0357101 0.92768
v 0.564394 0.153073 -2.43938
vn 0.329672 -0.194603 0.923821
v 0.574918 0.148802 -2.44628
vn 0.60958 -0.293343 0.736452
v 0.569616 0.141052 -2.44662
vn 0.451196 -0.518616 0.726264
v 0.574918 0.148802 -2.44628
vn 0.60958 -0.293343 0.736452
v 0.564394 0.153073 -2.43938
vn 0.329672 -0.194603 0.923821
v 0.574918 0.148802 -2.44628
vn 0.60958 -0.293343 0.736452
v 0.569616 0.141052 -2.44662
vn 0.451196 -0.518616 0.726264
v 0.575327 0.135891 -2.45744
vn 0.622213 -0.667455 0.40909
v 0.56504 0.12918 -2.45801
vn 0.319553 -0.862671 0.392027
v 0.575327 0.135891 -2.45744
vn 0.622213 -0.667455 0.40909
v 0.569616 0.141052 -2.44662
vn 0.451196 -0.518616 0.726264
v 0.564394 0.153073 -2.43938
vn 0.329672 -0.194603 0.923821
v 0.561526 0.14888 -2.43955
vn 0.23077 -0.323662 0.917599
v 0.569616 0.141052 -2.44662
vn 0.451196 -0.518616 0.726264
v 0.561763 0.135934 -2.44708
vn 0.218768 -0.666101 0.713057
v 0.569616 0.141052 -2.44662
vn 0.451196 -0.518616 0.726264
v 0.561526 0.14888 -2.43955
vn 0.23077 -0.323662 0.917599
v 0.569616 0.141052 -2.44662
vn 0.451196 -0.518616 0.726264
v 0.561763 0.135934 -2.44708
vn 0.218768 -0.666101 0.713057
v 0.56504 0.12918 -2.45801
vn 0.319553 -0.862671 0.392027
v 0.553006 0.126903 -2.45866
vn -0.033807 -0.927165 0.373124
v 0.56504 0.12918 -2.45801
vn 0.319553 -0.862671 0.392027
v 0.561763 0.135934 -2.44708
vn 0.218768 -0.666101 0.713057
v 0.561763 0.135934 -2.44708
vn 0.218768 -0.666101 0.713057
v 0.552535 0.134192 -2.44756
vn -0.0527142 -0.712988 0.699192
v 0.553006 0.126903 -2.45866
vn -0.033807 -0.927165 0.373124
v 0.541001 0.129456 -2.45923
vn -0.387238 -0.850148 0.356784
v 0.553006 0.126903 -2.45866
vn -0.033807 -0.927165 0.373124
v 0.552535 0.134192 -2.44756
vn -0.0527142 -0.712988 0.699192
v 0.552535 0.134192 -2.44756
vn -0.0527142 -0.712988 0.699192
v 0.561763 0.135934 -2.44708
vn 0.218768 -0.666101 0.713057
v 0.557283 0.146099 -2.43981
vn 0.0892632 -0.406146 0.909438
v 0.561526 0.14888 -2.43955
vn 0.23077 -0.323662 0.917599
v 0.557283 0.146099 -2.43981
vn 0.0892632 -0.406146 0.909438
v 0.561763 0.135934 -2.44708
vn 0.218768 -0.666101 0.713057
v 0.557283 0.146099 -2.43981
vn 0.0892632 -0.406146 0.909438
v 0.552276 0.145175 -2.44006
vn -0.0741376 -0.427042 0.901187
v 0.552535 0.134192 -2.44756
vn -0.0527142 -0.712988 0.699192
v 0.543347 0.136146 -2.44801
vn -0.322277 -0.652257 0.686075
v 0.552535 0.134192 -2.44756
vn -0.0527142 -0.712988 0.699192
v 0.552276 0.145175 -2.44006
vn -0.0741376 -0.427042 0.901187
v 0.552276 0.145175 -2.44006
vn -0.0741376 -0.427042 0.901187
v 0.557283 0.146099 -2.43981
vn 0.0892632 -0.406146 0.909438
v 0.552282 0.158167 -2.43734
vn -0.0509351 -0.00969772 0.998655
v 0.552282 0.158167 -2.43734
vn -0.0509351 -0.00969772 0.998655
v 0.557283 0.146099 -2.43981
vn 0.0892632 -0.406146 0.909438
v 0.561526 0.14888 -2.43955
vn 0.23077 -0.323662 0.917599
v 0.561526 0.14888 -2.43955
vn 0.23077 -0.323662 0.917599
v 0.564394 0.153073 -2.43938
vn 0.329672 -0.194603 0.923821
v 0.552282 0.158167 -2.43734
vn -0.0509351 -0.00969772 0.998655
v 0.552282 0.158167 -2.43734
vn -0.0509351 -0.00969772 0.998655
v 0.564394 0.153073 -2.43938
vn 0.329672 -0.194603 0.923821
v 0.56543 0.158042 -2.43926
vn 0.371666 -0.0357101 0.92768
v 0.56543 0.158042 -2.43926
vn 0.371666 -0.0357101 0.92768
v 0.564504 0.163034 -2.43928
vn 0.350735 0.126408 0.927904
v 0.552282 0.158167 -2.43734
vn -0.0509351 -0.00969772 0.998655
v 0.552282 0.158167 -2.43734
vn -0.0509351 -0.00969772 0.998655
v 0.564504 0.163034 -2.43928
vn 0.350735 0.126408 0.927904
v 0.561728 0.167292 -2.43937
vn 0.268829 0.267186 0.925388
v 0.561728 0.167292 -2.43937
vn 0.268829 0.267186 0.925388
v 0.557548 0.170171 -2.43956
vn 0.140076 0.366819 0.919686
v 0.552282 0.158167 -2.43734
vn -0.0509351 -0.00969772 0.998655
v 0.552562 0.171247 -2.43979
vn -0.0202365 0.40971 0.911991
v 0.557548 0.170171 -2.43956
vn 0.140076 0.366819 0.919686
v 0.562251 0.180418 -2.44662
vn 0.2502 0.638703 0.727639
v 0.552282 0.158167 -2.43734
vn -0.0509351 -0.00969772 0.998655
v 0.557548 0.170171 -2.43956
vn 0.140076 0.366819 0.919686
v 0.552562 0.171247 -2.43979
vn -0.0202365 0.40971 0.911991
v 0.562251 0.180418 -2.44662
vn 0.2502 0.638703 0.727639
v 0.553064 0.182335 -2.44707
vn -0.020312 0.699716 0.714133
v 0.552562 0.171247 -2.43979
vn -0.0202365 0.40971 0.911991
v 0.547577 0.170285 -2.44008
vn -0.181452 0.388738 0.903304
v 0.552562 0.171247 -2.43979
vn -0.0202365 0.40971 0.911991
v 0.553064 0.182335 -2.44707
vn -0.020312 0.699716 0.714133
v 0.565678 0.187322 -2.45742
vn 0.346938 0.843802 0.409428
v 0.553697 0.189837 -2.45802
vn -0.00381285 0.919538 0.392981
v 0.553064 0.182335 -2.44707
vn -0.020312 0.699716 0.714133
v 0.543836 0.18063 -2.44755
vn -0.289288 0.651955 0.700905
v 0.553064 0.182335 -2.44707
vn -0.020312 0.699716 0.714133
v 0.553697 0.189837 -2.45802
vn -0.00381285 0.919538 0.392981
v 0.553697 0.189837 -2.45802
vn -0.00381285 0.919538 0.392981
v 0.54164 0.187598 -2.45864
vn -0.358823 0.855152 0.374114
v 0.543836 0.18063 -2.44755
vn -0.289288 0.651955 0.700905
v 0.553064 0.182335 -2.44707
vn -0.020312 0.699716 0.714133
v 0.543836 0.18063 -2.44755
vn -0.289288 0.651955 0.700905
v 0.547577 0.170285 -2.44008
vn -0.181452 0.388738 0.903304
v 0.535982 0.175475 -2.44801
vn -0.523984 0.503546 0.686937
v 0.543836 0.18063 -2.44755
vn -0.289288 0.651955 0.700905
v 0.54164 0.187598 -2.45864
vn -0.358823 0.855152 0.374114
v 0.54164 0.187598 -2.45864
vn -0.358823 0.855152 0.374114
v 0.531375 0.180886 -2.45925
vn -0.661471 0.659902 0.35635
v 0.535982 0.175475 -2.44801
vn -0.523984 0.503546 0.686937
v 0.543312 0.167504 -2.4403
vn -0.322661 0.30594 0.895707
v 0.547577 0.170285 -2.44008
vn -0.181452 0.388738 0.903304
v 0.543836 0.18063 -2.44755
vn -0.289288 0.651955 0.700905
v 0.543836 0.18063 -2.44755
vn -0.289288 0.651955 0.700905
v 0.535982 0.175475 -2.44801
vn -0.523984 0.503546 0.686937
v 0.543312 0.167504 -2.4403
vn -0.322661 0.30594 0.895707
v 0.552562 0.171247 -2.43979
vn -0.0202365 0.40971 0.911991
v 0.547577 0.170285 -2.44008
vn -0.181452 0.388738 0.903304
v 0.552282 0.158167 -2.43734
vn -0.0509351 -0.00969772 0.998655
v 0.552282 0.158167 -2.43734
vn -0.0509351 -0.00969772 0.998655
v 0.547577 0.170285 -2.44008
vn -0.181452 0.388738 0.903304
v 0.543312 0.167504 -2.4403
vn -0.322661 0.30594 0.895707
v 0.543312 0.167504 -2.4403
vn -0.322661 0.30594 0.895707
v 0.540465 0.163311 -2.4405
vn -0.422683 0.176379 0.888949
v 0.552282 0.158167 -2.43734
vn -0.0509351 -0.00969772 0.998655
v 0.540465 0.163311 -2.4405
vn -0.422683 0.176379 0.888949
v 0.543312 0.167504 -2.4403
vn -0.322661 0.30594 0.895707
v 0.535982 0.175475 -2.44801
vn -0.523984 0.503546 0.686937
v 0.535982 0.175475 -2.44801
vn -0.523984 0.503546 0.686937
v 0.53068 0.167725 -2.44835
vn -0.680605 0.279623 0.677192
v 0.540465 0.163311 -2.4405
vn -0.422683 0.176379 0.888949
v 0.53068 0.167725 -2.44835
vn -0.680605 0.279623 0.677192
v 0.535982 0.175475 -2.44801
vn -0.523984 0.503546 0.686937
v 0.531375 0.180886 -2.45925
vn -0.661471 0.659902 0.35635
v 0.552535 0.134192 -2.44756
vn -0.0527142 -0.712988 0.699192
v 0.543347 0.136146 -2.44801
vn -0.322277 -0.652257 0.686075
v 0.541001 0.129456 -2.45923
vn -0.387238 -0.850148 0.356784
v 0.530887 0.136402 -2.4597
vn -0.682109 -0.645866 0.342905
v 0.541001 0.129456 -2.45923
vn -0.387238 -0.850148 0.356784
v 0.543347 0.136146 -2.44801
vn -0.322277 -0.652257 0.686075
v 0.531375 0.180886 -2.45925
vn -0.661471 0.659902 0.35635
v 0.524448 0.170739 -2.45968
vn -0.865563 0.364117 0.343831
v 0.53068 0.167725 -2.44835
vn -0.680605 0.279623 0.677192
v 0.52876 0.15854 -2.44853
vn -0.74108 0.00979785 0.671345
v 0.53068 0.167725 -2.44835
vn -0.680605 0.279623 0.677192
v 0.524448 0.170739 -2.45968
vn -0.865563 0.364117 0.343831
v 0.524448 0.170739 -2.45968
vn -0.865563 0.364117 0.343831
v 0.521923 0.158731 -2.45994
vn -0.941649 0.011726 0.336393
v 0.52876 0.15854 -2.44853
vn -0.74108 0.00979785 0.671345
v 0.530478 0.149313 -2.44854
vn -0.69407 -0.260263 0.671216
v 0.52876 0.15854 -2.44853
vn -0.74108 0.00979785 0.671345
v 0.521923 0.158731 -2.45994
vn -0.941649 0.011726 0.336393
v 0.521923 0.158731 -2.45994
vn -0.941649 0.011726 0.336393
v 0.524184 0.146667 -2.45992
vn -0.877137 -0.343074 0.336052
v 0.530478 0.149313 -2.44854
vn -0.69407 -0.260263 0.671216
v 0.535608 0.141443 -2.44835
vn -0.546072 -0.49503 0.675834
v 0.530478 0.149313 -2.44854
vn -0.69407 -0.260263 0.671216
v 0.524184 0.146667 -2.45992
vn -0.877137 -0.343074 0.336052
v 0.524184 0.146667 -2.45992
vn -0.877137 -0.343074 0.336052
v 0.530887 0.136402 -2.4597
vn -0.682109 -0.645866 0.342905
v 0.535608 0.141443 -2.44835
vn -0.546072 -0.49503 0.675834
v 0.543347 0.136146 -2.44801
vn -0.322277 -0.652257 0.686075
v 0.535608 0.141443 -2.44835
vn -0.546072 -0.49503 0.675834
v 0.530887 0.136402 -2.4597
vn -0.682109 -0.645866 0.342905
v 0.530478 0.149313 -2.44854
vn -0.69407 -0.260263 0.671216
v 0.535608 0.141443 -2.44835
vn -0.546072 -0.49503 0.675834
v 0.54311 0.149092 -2.44048
vn -0.360634 -0.285367 0.88798
v 0.547312 0.146213 -2.44032
vn -0.230953 -0.385829 0.893194
v 0.54311 0.149092 -2.44048
vn -0.360634 -0.285367 0.88798
v 0.535608 0.141443 -2.44835
vn -0.546072 -0.49503 0.675834
v 0.535608 0.141443 -2.44835
vn -0.546072 -0.49503 0.675834
v 0.543347 0.136146 -2.44801
vn -0.322277 -0.652257 0.686075
v 0.547312 0.146213 -2.44032
vn -0.230953 -0.385829 0.893194
v 0.552276 0.145175 -2.44006
vn -0.0741376 -0.427042 0.901187
v 0.547312 0.146213 -2.44032
vn -0.230953 -0.385829 0.893194
v 0.543347 0.136146 -2.44801
vn -0.322277 -0.652257 0.686075
v 0.54311 0.149092 -2.44048
vn -0.360634 -0.285367 0.88798
v 0.547312 0.146213 -2.44032
vn -0.230953 -0.385829 0.893194
v 0.552282 0.158167 -2.43734
vn -0.0509351 -0.00969772 0.998655
v 0.552282 0.158167 -2.43734
vn -0.0509351 -0.00969772 0.998655
v 0.547312 0.146213 -2.44032
vn -0.230953 -0.385829 0.893194
v 0.552276 0.145175 -2.44006
vn -0.0741376 -0.427042 0.901187
v 0.54311 0.149092 -2.44048
vn -0.360634 -0.285367 0.88798
v 0.540356 0.15335 -2.4406
vn -0.443205 -0.143167 0.884914
v 0.530478 0.149313 -2.44854
vn -0.69407 -0.260263 0.671216
v 0.552282 0.158167 -2.43734
vn -0.0509351 -0.00969772 0.998655
v 0.540356 0.15335 -2.4406
vn -0.443205 -0.143167 0.884914
v 0.54311 0.149092 -2.44048
vn -0.360634 -0.285367 0.88798
v 0.52876 0.15854 -2.44853
vn -0.74108 0.00979785 0.671345
v 0.530478 0.149313 -2.44854
vn -0.69407 -0.260263 0.671216
v 0.540356 0.15335 -2.4406
vn -0.443205 -0.143167 0.884914
v 0.539407 0.158342 -2.44059
vn -0.464006 0.0184557 0.88564
v 0.540356 0.15335 -2.4406
vn -0.443205 -0.143167 0.884914
v 0.552282 0.158167 -2.43734
vn -0.0509351 -0.00969772 0.998655
v 0.540356 0.15335 -2.4406
vn -0.443205 -0.143167 0.884914
v 0.539407 0.158342 -2.44059
vn -0.464006 0.0184557 0.88564
v 0.52876 0.15854 -2.44853
vn -0.74108 0.00979785 0.671345
v 0.552282 0.158167 -2.43734
vn -0.0509351 -0.00969772 0.998655
v 0.540465 0.163311 -2.4405
vn -0.422683 0.176379 0.888949
v 0.539407 0.158342 -2.44059
vn -0.464006 0.0184557 0.88564
v 0.539407 0.158342 -2.44059
vn -0.464006 0.0184557 0.88564
v 0.540465 0.163311 -2.4405
vn -0.422683 0.176379 0.888949
v 0.53068 0.167725 -2.44835
vn -0.680605 0.279623 0.677192
v 0.53068 0.167725 -2.44835
vn -0.680605 0.279623 0.677192
v 0.52876 0.15854 -2.44853
vn -0.74108 0.00979785 0.671345
v 0.539407 0.158342 -2.44059
vn -0.464006 0.0184557 0.88564
f 1//1 2//2 3//3
f 4//4 5//5 6//6
f 7//7 8//8 9//9
f 10//10 11//11 12//12
f 13//13 14//14 15//15
f 16//16 17//17 18//18
f 19//19 20//20 21//21
f 22//22 23//23 24//24
f 25//25 26//26 27//27
f 28//28 29//29 30//30
f 31//31 32//32 33//33
f 34//34 35//35 36//36
f 37//37 38//38 39//39
f 40//40 41//41 42//42
f 43//43 44//44 45//45
f 46//46 47//47 48//48
f 49//49 50//50 51//51
f 52//52 53//53 54//54
f 55//55 56//56 57//57
f 58//58 59//59 60//60
f 61//61 62//62 63//63
f 64//64 65//65 66//66
f 67//67 68//68 69//69
f 70//70 71//71 72//72
f 73//73 74//74 75//75
f 76//76 77//77 78//78
f 79//79 80//80 81//81
f 82//82 83//83 84//84
f 85//85 86//86 87//87
f 88//88 89//89 90//90
f 91//91 92//92 93//93
f 94//94 95//95 96//96
f 97//97 98//98 99//99
f 100//100 101//101 102//102
f 103//103 104//104 105//105
f 106//106 107//107 108//108
f 109//109 110//110 111//111
f 112//112 113//113 114//114
f 115//115 116//116 117//117
f 118//118 119//119 120//120
f 121//121 122//122 123//123
f 124//124 125//125 126//126
f 127//127 128//128 129//129
f 130//130 131//131 132//132
f 133//133 134//134 135//135
f 136//136 137//137 138//138
f 139//139 140//140 141//141
f 142//142 143//143 144//144
f 145//145 146//146 147//147
f 148//148 149//149 150//150
f 151//151 152//152 153//153
f 154//154 155//155 156//156
f 157//157 158//158 159//159
f 160//160 161//161 162//162
f 163//163 164//164 165//165
f 166//166 167//167 168//168
f 169//169 170//170 171//171
f 172//172 173//173 174//174
f 175//175 176//176 177//177
f 178//178 179//179 180//180
f 181//181 182//182 183//183
f 184//184 185//185 186//186
f 187//187 188//188 189//189
f 190//190 191//191 192//192
f 193//193 194//194 195//195
f 196//196 197//197 198//198
f 199//199 200//200 201//201
f 202//202 203//203 204//204
f 205//205 206//206 207//207
f 208//208 209//209 210//210
f 211//211 212//212 213//213
f 214//214 215//215 216//216
f 217//217 218//218 219//219
f 220//220 221//221 222//222
f 223//223 224//224 225//225
f 226//226 227//227 228//228
f 229//229 230//230 231//231
f 232//232 233//233 234//234
f 235//235 236//236 237//237
f 238//238 239//239 240//240
f 241//241 242//242 243//243
f 244//244 245//245 246//246
f 247//247 248//248 249//249
f 250//250 251//251 252//252
f 253//253 254//254 255//255
f 256//256 257//257 258//258
f 259//259 260//260 261//261
f 262//262 263//263 264//264
f 265//265 266//266 267//267
f 268//268 269//269 270//270
f 271//271 272//272 273//273
f 274//274 275//275 276//276
f 277//277 278//278 279//279
f 280//280 281//281 282//282
f 283//283 284//284 285//285
f 286//286 287//287 288//288
f 289//289 290//290 291//291
f 292//292 293//293 294//294
f 295//295 296//296 297//297
f 298//298 299//299 300//300
f 301//301 302//302 303//303
f 304//304 305//305 306//306
f 307//307 308//308 309//309
f 310//310 311//311 312//312
f 313//313 314//314 315//315
f 316//316 317//317 318//318
f 319//319 320//320 321//321
f 322//322 323//323 324//324
f 325//325 326//326 327//327
f 328//328 329//329 330//330
f 331//331 332//332 333//333
f 334//334 335//335 336//336
f 337//337 338//338 339//339
f 340//340 341//341 342//342
f 343//343 344//344 345//345
f 346//346 347//347 348//348
f 349//349 350//350 351//351
f 352//352 353//353 354//354
f 355//355 356//356 357//357
f 358//358 359//359 360//360
f 361//361 362//362 363//363
f 364//364 365//365 366//366
f 367//367 368//368 369//369
f 370//370 371//371 372//372
f 373//373 374//374 375//375
f 376//376 377//377 378//378
f 379//379 380//380 381//381
f 382//382 383//383 384//384
f 385//385 386//386 387//387
f 388//388 389//389 390//390
f 391//391 392//392 393//393
f 394//394 395//395 396//396
f 397//397 398//398 399//399
f 400//400 401//401 402//402
f 403//403 404//404 405//405
f 406//406 407//407 408//408
f 409//409 410//410 411//411
f 412//412 413//413 414//414
f 415//415 416//416 417//417
f 418//418 419//419 420//420
f 421//421 422//422 423//423
f 424//424 425//425 426//426
f 427//427 428//428 429//429
f 430//430 431//431 432//432
f 433//433 434//434 435//435
f 436//436 437//437 438//438
f 439//439 440//440 441//441
f 442//442 443//443 444//444
f 445//445 446//446 447//447
f 448//448 449//449 450//450
f 451//451 452//452 453//453
f 454//454 455//455 456//456
f 457//457 458//458 459//459
f 460//460 461//461 462//462
f 463//463 464//464 465//465
f 466//466 467//467 468//468
f 469//469 470//470 471//471
f 472//472 473//473 474//474
f 475//475 476//476 477//477
f 478//478 479//479 480//480
f 481//481 482//482 483//483
f 484//484 485//485 486//486
f 487//487 488//488 489//489
f 490//490 491//491 492//492
f 493//493 494//494 495//495
f 496//496 497//497 498//498
f 499//499 500//500 501//501
f 502//502 503//503 504//504
f 505//505 506//506 507//507
f 508//508 509//509 510//510
f 511//511 512//512 513//513
f 514//514 515//515 516//516
f 517//517 518//518 519//519
f 520//520 521//521 522//522
f 523//523 524//524 525//525
f 526//526 527//527 528//528
f 529//529 530//530 531//531
f 532//532 533//533 534//534
f 535//535 536//536 537//537
f 538//538 539//539 540//540
f 541//541 542//542 543//543
f 544//544 545//545 546//546
f 547//547 548//548 549//549
f 550//550 551//551 552//552
f 553//553 554//554 555//555
f 556//556 557//557 558//558
f 559//559 560//560 561//561
f 562//562 563//563 564//564
f 565//565 566//566 567//567
f 568//568 569//569 570//570
f 571//571 572//572 573//573
f 574//574 575//575 576//576
f 577//577 578//578 579//579
f 580//580 581//581 582//582
f 583//583 584//584 585//585
f 586//586 587//587 588//588
f 589//589 590//590 591//591
f 592//592 593//593 594//594
f 595//595 596//596 597//597
f 598//598 599//599 600//600
f 601//601 602//602 603//603
f 604//604 605//605 606//606
f 607//607 608//608 609//609
f 610//610 611//611 612//612
f 613//613 614//614 615//615
f 616//616 617//617 618//618
f 619//619 620//620 621//621
f 622//622 623//623 624//624
f 625//625 626//626 627//627
f 628//628 629//629 630//630
f 631//631 632//632 633//633
f 634//634 635//635 636//636
f 637//637 638//638 639//639
f 640//640 641//641 642//642
f 643//643 644//644 645//645
f 646//646 647//647 648//648
f 649//649 650//650 651//651
f 652//652 653//653 654//654
f 655//655 656//656 657//657
f 658//658 659//659 660//660
f 661//661 662//662 663//663
f 664//664 665//665 666//666
f 667//667 668//668 669//669
f 670//670 671//671 672//672
f 673//673 674//674 675//675
f 676//676 677//677 678//678
f 679//679 680//680 681//681
f 682//682 683//683 684//684
f 685//685 686//686 687//687
f 688//688 689//689 690//690
f 691//691 692//692 693//693
f 694//694 695//695 696//696
f 697//697 698//698 699//699
f 700//700 701//701 702//702
f 703//703 704//704 705//705
f 706//706 707//707 708//708
f 709//709 710//710 711//711
f 712//712 713//713 714//714
f 715//715 716//716 717//717
f 718//718 719//719 720//720
f 721//721 722//722 723//723
f 724//724 725//725 726//726
f 727//727 728//728 729//729
f 730//730 731//731 732//732
f 733//733 734//734 735//735
f 736//736 737//737 738//738
f 739//739 740//740 741//741
f 742//742 743//743 744//744
f 745//745 746//746 747//747
f 748//748 749//749 750//750
f 751//751 752//752 753//753
f 754//754 755//755 756//756
f 757//757 758//758 759//759
f 760//760 761//761 762//762
f 763//763 764//764 765//765
f 766//766 767//767 768//768
f 769//769 770//770 771//771
f 772//772 773//773 774//774
f 775//775 776//776 777//777
f 778//778 779//779 780//780
f 781//781 782//782 783//783
f 784//784 785//785 786//786
f 787//787 788//788 789//789
f 790//790 791//791 792//792
f 793//793 794//794 795//795
f 796//796 797//797 798//798
f 799//799 800//800 801//801
f 802//802 803//803 804//804
f 805//805 806//806 807//807
f 808//808 809//809 810//810
f 811//811 812//812 813//813
f 814//814 815//815 816//816
f 817//817 818//818 819//819
f 820//820 821//821 822//822
f 823//823 824//824 825//825
f 826//826 827//827 828//828
f 829//829 830//830 831//831
f 832//832 833//833 834//834
f 835//835 836//836 837//837
f 838//838 839//839 840//840
f 841//841 842//842 843//843
f 844//844 845//845 846//846
f 847//847 848//848 849//849
f 850//850 851//851 852//852
f 853//853 854//854 855//855
f 856//856 857//857 858//858
f 859//859 860//860 861//861
f 862//862 863//863 864//864
f 865//865 866//866 867//867
f 868//868 869//869 870//870
f 871//871 872//872 873//873
f 874//874 875//875 876//876
f 877//877 878//878 879//879
f 880//880 881//881 882//882
f 883//883 884//884 885//885
f 886//886 887//887 888//888
f 889//889 890//890 891//891
f 892//892 893//893 894//894
f 895//895 896//896 897//897
f 898//898 899//899 900//900
f 901//901 902//902 903//903
f 904//904 905//905 906//906
f 907//907 908//908 909//909
f 910//910 911//911 912//912
f 913//913 914//914 915//915
f 916//916 917//917 918//918
f 919//919 920//920 921//921
f 922//922 923//923 924//924
f 925//925 926//926 927//927
f 928//928 929//929 930//930
f 931//931 932//932 933//933
f 934//934 935//935 936//936
f 937//937 938//938 939//939
f 940//940 941//941 942//942
f 943//943 944//944 945//945
f 946//946 947//947 948//948
f 949//949 950//950 951//951
f 952//952 953//953 954//954
f 955//955 956//956 957//957
f 958//958 959//959 960//960
f 961//961 962//962 963//963
f 964//964 965//965 966//966
f 967//967 968//968 969//969
f 970//970 971//971 972//972
f 973//973 974//974 975//975
f 976//976 977//977 978//978
f 979//979 980//980 981//981
f 982//982 983//983 984//984
f 985//985 986//986 987//987
f 988//988 989//989 990//990
f 991//991 992//992 993//993
f 994//994 995//995 996//996
f 997//997 998//998 999//999
f 1000//1000 1001//1001 1002//1002
f 1003//1003 1004//1004 1005//1005
f 1006//1006 1007//1007 1008//1008
f 1009//1009 1010//1010 1011//1011
f 1012//1012 1013//1013 1014//1014
f 1015//1015 1016//1016 1017//1017
f 1018//1018 1019//1019 1020//1020
f 1021//1021 1022//1022 1023//1023
f 1024//1024 1025//1025 1026//1026
f 1027//1027 1028//1028 1029//1029
f 1030//1030 1031//1031 1032//1032
f 1033//1033 1034//1034 1035//1035
f 1036//1036 1037//1037 1038//1038
f 1039//1039 1040//1040 1041//1041
f 1042//1042 1043//1043 1044//1044
f 1045//1045 1046//1046 1047//1047
f 1048//1048 1049//1049 1050//1050
f 1051//1051 1052//1052 1053//1053
f 1054//1054 1055//1055 1056//1056
f 1057//1057 1058//1058 1059//1059
f 1060//1060 1061//1061 1062//1062
f 1063//1063 1064//1064 1065//1065
f 1066//1066 1067//1067 1068//1068
f 1069//1069 1070//1070 1071//1071
f 1072//1072 1073//1073 1074//1074
f 1075//1075 1076//1076 1077//1077
f 1078//1078 1079//1079 1080//1080
f 1081//1081 1082//1082 1083//1083
f 1084//1084 1085//1085 1086//1086
f 1087//1087 1088//1088 1089//1089
f 1090//1090 1091//1091 1092//1092
f 1093//1093 1094//1094 1095//1095
f 1096//1096 1097//1097 1098//1098
f 1099//1099 1100//1100 1101//1101
f 1102//1102 1103//1103 1104//1104
f 1105//1105 1106//1106 1107//1107
f 1108//1108 1109//1109 1110//1110
f 1111//1111 1112//1112 1113//1113
f 1114//1114 1115//1115 1116//1116
f 1117//1117 1118//1118 1119//1119
f 1120//1120 1121//1121 1122//1122
f 1123//1123 1124//1124 1125//1125
f 1126//1126 1127//1127 1128//1128
f 1129//1129 1130//1130 1131//1131
f 1132//1132 1133//1133 1134//1134
f 1135//1135 1136//1136 1137//1137
f 1138//1138 1139//1139 1140//1140
f 1141//1141 1142//1142 1143//1143
f 1144//1144 1145//1145 1146//1146
f 1147//1147 1148//1148 1149//1149
f 1150//1150 1151//1151 1152//1152
f 1153//1153 1154//1154 1155//1155
f 1156//1156 1157//1157 1158//1158
f 1159//1159 1160//1160 1161//1161
f 1162//1162 1163//1163 1164//1164
f 1165//1165 1166//1166 1167//1167
f 1168//1168 1169//1169 1170//1170
f 1171//1171 1172//1172 1173//1173
f 1174//1174 1175//1175 1176//1176
f 1177//1177 1178//1178 1179//1179
f 1180//1180 1181//1181 1182//1182
f 1183//1183 1184//1184 1185//1185
f 1186//1186 1187//1187 1188//1188
f 1189//1189 1190//1190 1191//1191
f 1192//1192 1193//1193 1194//1194
f 1195//1195 1196//1196 1197//1197
f 1198//1198 1199//1199 1200//1200
f 1201//1201 1202//1202 1203//1203
f 1204//1204 1205//1205 1206//1206
f 1207//1207 1208//1208 1209//1209
f 1210//1210 1211//1211 1212//1212
f 1213//1213 1214//1214 1215//1215
f 1216//1216 1217//1217 1218//1218
f 1219//1219 1220//1220 1221//1221
f 1222//1222 1223//1223 1224//1224
f 1225//1225 1226//1226 1227//1227
f 1228//1228 1229//1229 1230//1230
f 1231//1231 1232//1232 1233//1233
f 1234//1234 1235//1235 1236//1236
f 1237//1237 1238//1238 1239//1239
f 1240//1240 1241//1241 1242//1242
f 1243//1243 1244//1244 1245//1245
f 1246//1246 1247//1247 1248//1248
f 1249//1249 1250//1250 1251//1251
f 1252//1252 1253//1253 1254//1254
f 1255//1255 1256//1256 1257//1257
f 1258//1258 1259//1259 1260//1260
f 1261//1261 1262//1262 1263//1263
f 1264//1264 1265//1265 1266//1266
f 1267//1267 1268//1268 1269//1269
f 1270//1270 1271//1271 1272//1272
f 1273//1273 1274//1274 1275//1275
f 1276//1276 1277//1277 1278//1278
f 1279//1279 1280//1280 1281//1281
f 1282//1282 1283//1283 1284//1284
f 1285//1285 1286//1286 1287//1287
f 1288//1288 1289//1289 1290//1290
f 1291//1291 1292//1292 1293//1293
f 1294//1294 1295//1295 1296//1296
f 1297//1297 1298//1298 1299//1299
f 1300//1300 1301//1301 1302//1302
f 1303//1303 1304//1304 1305//1305
f 1306//1306 1307//1307 1308//1308
f 1309//1309 1310//1310 1311//1311
f 1312//1312 1313//1313 1314//1314
f 1315//1315 1316//1316 1317//1317
f 1318//1318 1319//1319 1320//1320
f 1321//1321 1322//1322 1323//1323
f 1324//1324 1325//1325 1326//1326
f 1327//1327 1328//1328 1329//1329
f 1330//1330 1331//1331 1332//1332
f 1333//1333 1334//1334 1335//1335
f 1336//1336 1337//1337 1338//1338
f 1339//1339 1340//1340 1341//1341
f 1342//1342 1343//1343 1344//1344
f 1345//1345 1346//1346 1347//1347
f 1348//1348 1349//1349 1350//1350
f 1351//1351 1352//1352 1353//1353
f 1354//1354 1355//1355 1356//1356
f 1357//1357 1358//1358 1359//1359
f 1360//1360 1361//1361 1362//1362
f 1363//1363 1364//1364 1365//1365
f 1366//1366 1367//1367 1368//1368
f 1369//1369 1370//1370 1371//1371
f 1372//1372 1373//1373 1374//1374
f 1375//1375 1376//1376 1377//1377
f 1378//1378 1379//1379 1380//1380
f 1381//1381 1382//1382 1383//1383
f 1384//1384 1385//1385 1386//1386
f 1387//1387 1388//1388 1389//1389
f 1390//1390 1391//1391 1392//1392
f 1393//1393 1394//1394 1395//1395
f 1396//1396 1397//1397 1398//1398
f 1399//1399 1400//1400 1401//1401
f 1402//1402 1403//1403 1404//1404
f 1405//1405 1406//1406 1407//1407
f 1408//1408 1409//1409 1410//1410
f 1411//1411 1412//1412 1413//1413
f 1414//1414 1415//1415 1416//1416
f 1417//1417 1418//1418 1419//1419
f 1420//1420 1421//1421 1422//1422
f 1423//1423 1424//1424 1425//1425
f 1426//1426 1427//1427 1428//1428
f 1429//1429 1430//1430 1431//1431
f 1432//1432 1433//1433 1434//1434
f 1435//1435 1436//1436 1437//1437
f 1438//1438 1439//1439 1440//1440
f 1441//1441 1442//1442 1443//1443
f 1444//1444 1445//1445 1446//1446
f 1447//1447 1448//1448 1449//1449
f 1450//1450 1451//1451 1452//1452
f 1453//1453 1454//1454 1455//1455
f 1456//1456 1457//1457 1458//1458
f 1459//1459 1460//1460 1461//1461
f 1462//1462 1463//1463 1464//1464
f 1465//1465 1466//1466 1467//1467
f 1468//1468 1469//1469 1470//1470
f 1471//1471 1472//1472 1473//1473
f 1474//1474 1475//1475 1476//1476
f 1477//1477 1478//1478 1479//1479
f 1480//1480 1481//1481 1482//1482
f 1483//1483 1484//1484 1485//1485
f 1486//1486 1487//1487 1488//1488
f 1489//1489 1490//1490 1491//1491
f 1492//1492 1493//1493 1494//1494
f 1495//1495 1496//1496 1497//1497
f 1498//1498 1499//1499 1500//1500
f 1501//1501 1502//1502 1503//1503
f 1504//1504 1505//1505 1506//1506
f 1507//1507 1508//1508 1509//1509
f 1510//1510 1511//1511 1512//1512
f 1513//1513 1514//1514 1515//1515
f 1516//1516 1517//1517 1518//1518
f 1519//1519 1520//1520 1521//1521
f 1522//1522 1523//1523 1524//1524
f 1525//1525 1526//1526 1527//1527
f 1528//1528 1529//1529 1530//1530
f 1531//1531 1532//1532 1533//1533
f 1534//1534 1535//1535 1536//1536
f 1537//1537 1538//1538 1539//1539
f 1540//1540 1541//1541 1542//1542
f 1543//1543 1544//1544 1545//1545
f 1546//1546 1547//1547 1548//1548
f 1549//1549 1550//1550 1551//1551
f 1552//1552 1553//1553 1554//1554
f 1555//1555 1556//1556 1557//1557
f 1558//1558 1559//1559 1560//1560
f 1561//1561 1562//1562 1563//1563
f 1564//1564 1565//1565 1566//1566
f 1567//1567 1568//1568 1569//1569
f 1570//1570 1571//1571 1572//1572
f 1573//1573 1574//1574 1575//1575
f 1576//1576 1577//1577 1578//1578
f 1579//1579 1580//1580 1581//1581
f 1582//1582 1583//1583 1584//1584
f 1585//1585 1586//1586 1587//1587
f 1588//1588 1589//1589 1590//1590
f 1591//1591 1592//1592 1593//1593
f 1594//1594 1595//1595 1596//1596
f 1597//1597 1598//1598 1599//1599
f 1600//1600 1601//1601 1602//1602
f 1603//1603 1604//1604 1605//1605
f 1606//1606 1607//1607 1608//1608
f 1609//1609 1610//1610 1611//1611
f 1612//1612 1613//1613 1614//1614
f 1615//1615 1616//1616 1617//1617
f 1618//1618 1619//1619 1620//1620
f 1621//1621 1622//1622 1623//1623
f 1624//1624 1625//1625 1626//1626
f 1627//1627 1628//1628 1629//1629
f 1630//1630 1631//1631 1632//1632
f 1633//1633 1634//1634 1635//1635
f 1636//1636 1637//1637 1638//1638
f 1639//1639 1640//1640 1641//1641
f 1642//1642 1643//1643 1644//1644
f 1645//1645 1646//1646 1647//1647
f 1648//1648 1649//1649 1650//1650
f 1651//1651 1652//1652 1653//1653
f 1654//1654 1655//1655 1656//1656
f 1657//1657 1658//1658 1659//1659
f 1660//1660 1661//1661 1662//1662
f 1663//1663 1664//1664 1665//1665
f 1666//1666 1667//1667 1668//1668
f 1669//1669 1670//1670 1671//1671
f 1672//1672 1673//1673 1674//1674
f 1675//1675 1676//1676 1677//1677
f 1678//1678 1679//1679 1680//1680
f 1681//1681 1682//1682 1683//1683
f 1684//1684 1685//1685 1686//1686
f 1687//1687 1688//1688 1689//1689
f 1690//1690 1691//1691 1692//1692
f 1693//1693 1694//1694 1695//1695
f 1696//1696 1697//1697 1698//1698
f 1699//1699 1700//1700 1701//1701
f 1702//1702 1703//1703 1704//1704
f 1705//1705 1706//1706 1707//1707
f 1708//1708 1709//1709 1710//1710
f 1711//1711 1712//1712 1713//1713
f 1714//1714 1715//1715 1716//1716
f 1717//1717 1718//1718 1719//1719
f 1720//1720 1721//1721 1722//1722
f 1723//1723 1724//1724 1725//1725
f 1726//1726 1727//1727 1728//1728
f 1729//1729 1730//1730 1731//1731
f 1732//1732 1733//1733 1734//1734
f 1735//1735 1736//1736 1737//1737
f 1738//1738 1739//1739 1740//1740
f 1741//1741 1742//1742 1743//1743
f 1744//1744 1745//1745 1746//1746
f 1747//1747 1748//1748 1749//1749
f 1750//1750 1751//1751 1752//1752
f 1753//1753 1754//1754 1755//1755
f 1756//1756 1757//1757 1758//1758
f 1759//1759 1760//1760 1761//1761
f 1762//1762 1763//1763 1764//1764
f 1765//1765 1766//1766 1767//1767
f 1768//1768 1769//1769 1770//1770
f 1771//1771 1772//1772 1773//1773
f 1774//1774 1775//1775 1776//1776
f 1777//1777 1778//1778 1779//1779
f 1780//1780 1781//1781 1782//1782
f 1783//1783 1784//1784 1785//1785
f 1786//1786 1787//1787 1788//1788
f 1789//1789 1790//1790 1791//1791
f 1792//1792 1793//1793 1794//1794
f 1795//1795 1796//1796 1797//1797
f 1798//1798 1799//1799 1800//1800
f 1801//1801 1802//1802 1803//1803
f 1804//1804 1805//1805 1806//1806
f 1807//1807 1808//1808 1809//1809
f 1810//1810 1811//1811 1812//1812
f 1813//1813 1814//1814 1815//1815
f 1816//1816 1817//1817 1818//1818
f 1819//1819 1820//1820 1821//1821
f 1822//1822 1823//1823 1824//1824
f 1825//1825 1826//1826 1827//1827
f 1828//1828 1829//1829 1830//1830
f 1831//1831 1832//1832 1833//1833
f 1834//1834 1835//1835 1836//1836
f 1837//1837 1838//1838 1839//1839
f 1840//1840 1841//1841 1842//1842
f 1843//1843 1844//1844 1845//1845
f 1846//1846 1847//1847 1848//1848
f 1849//1849 1850//1850 1851//1851
f 1852//1852 1853//1853 1854//1854
f 1855//1855 1856//1856 1857//1857
f 1858//1858 1859//1859 1860//1860
f 1861//1861 1862//1862 1863//1863
f 1864//1864 1865//1865 1866//1866
f 1867//1867 1868//1868 1869//1869
f 1870//1870 1871//1871 1872//1872
f 1873//1873 1874//1874 1875//1875
f 1876//1876 1877//1877 1878//1878
f 1879//1879 1880//1880 1881//1881
f 1882//1882 1883//1883 1884//1884
f 1885//1885 1886//1886 1887//1887
f 1888//1888 1889//1889 1890//1890
f 1891//1891 1892//1892 1893//1893
f 1894//1894 1895//1895 1896//1896
f 1897//1897 1898//1898 1899//1899
f 1900//1900 1901//1901 1902//1902
f 1903//1903 1904//1904 1905//1905
f 1906//1906 1907//1907 1908//1908
f 1909//1909 1910//1910 1911//1911
f 1912//1912 1913//1913 1914//1914
f 1915//1915 1916//1916 1917//1917
f 1918//1918 1919//1919 1920//1920
f 1921//1921 1922//1922 1923//1923
f 1924//1924 1925//1925 1926//1926
f 1927//1927 1928//1928 1929//1929
f 1930//1930 1931//1931 1932//1932
f 1933//1933 1934//1934 1935//1935
f 1936//1936 1937//1937 1938//1938
f 1939//1939 1940//1940 1941//1941
f 1942//1942 1943//1943 1944//1944
f 1945//1945 1946//1946 1947//1947
f 1948//1948 1949//1949 1950//1950
f 1951//1951 1952//1952 1953//1953
f 1954//1954 1955//1955 1956//1956
f 1957//1957 1958//1958 1959//1959
f 1960//1960 1961//1961 1962//1962
f 1963//1963 1964//1964 1965//1965
f 1966//1966 1967//1967 1968//1968
f 1969//1969 1970//1970 1971//1971
f 1972//1972 1973//1973 1974//1974
f 1975//1975 1976//1976 1977//1977
f 1978//1978 1979//1979 1980//1980
f 1981//1981 1982//1982 1983//1983
f 1984//1984 1985//1985 1986//1986
f 1987//1987 1988//1988 1989//1989
f 1990//1990 1991//1991 1992//1992
f 1993//1993 1994//1994 1995//1995
f 1996//1996 1997//1997 1998//1998
f 1999//1999 2000//2000 2001//2001
f 2002//2002 2003//2003 2004//2004
f 2005//2005 2006//2006 2007//2007
f 2008//2008 2009//2009 2010//2010
f 2011//2011 2012//2012 2013//2013
f 2014//2014 2015//2015 2016//2016
f 2017//2017 2018//2018 2019//2019
f 2020//2020 2021//2021 2022//2022
f 2023//2023 2024//2024 2025//2025
f 2026//2026 2027//2027 2028//2028
f 2029//2029 2030//2030 2031//2031
f 2032//2032 2033//2033 2034//2034
f 2035//2035 2036//2036 2037//2037
f 2038//2038 2039//2039 2040//2040
f 2041//2041 2042//2042 2043//2043
f 2044//2044 2045//2045 2046//2046
f 2047//2047 2048//2048 2049//2049
f 2050//2050 2051//2051 2052//2052
f 2053//2053 2054//2054 2055//2055
f 2056//2056 2057//2057 2058//2058
f 2059//2059 2060//2060 2061//2061
f 2062//2062 2063//2063 2064//2064
f 2065//2065 2066//2066 2067//2067
f 2068//2068 2069//2069 2070//2070
f 2071//2071 2072//2072 2073//2073
f 2074//2074 2075//2075 2076//2076
f 2077//2077 2078//2078 2079//2079
f 2080//2080 2081//2081 2082//2082
f 2083//2083 2084//2084 2085//2085
f 2086//2086 2087//2087 2088//2088
f 2089//2089 2090//2090 2091//2091
f 2092//2092 2093//2093 2094//2094
f 2095//2095 2096//2096 2097//2097
f 2098//2098 2099//2099 2100//2100
f 2101//2101 2102//2102 2103//2103
f 2104//2104 2105//2105 2106//2106
f 2107//2107 2108//2108 2109//2109
f 2110//2110 2111//2111 2112//2112
f 2113//2113 2114//2114 2115//2115
f 2116//2116 2117//2117 2118//2118
f 2119//2119 2120//2120 2121//2121
f 2122//2122 2123//2123 2124//2124
f 2125//2125 2126//2126 2127//2127
f 2128//2128 2129//2129 2130//2130
f 2131//2131 2132//2132 2133//2133
f 2134//2134 2135//2135 2136//2136
f 2137//2137 2138//2138 2139//2139
f 2140//2140 2141//2141 2142//2142
f 2143//2143 2144//2144 2145//2145
f 2146//2146 2147//2147 2148//2148
f 2149//2149 2150//2150 2151//2151
f 2152//2152 2153//2153 2154//2154
f 2155//2155 2156//2156 2157//2157
f 2158//2158 2159//2159 2160//2160
f 2161//2161 2162//2162 2163//2163
f 2164//2164 2165//2165 2166//2166
f 2167//2167 2168//2168 2169//2169
f 2170//2170 2171//2171 2172//2172
f 2173//2173 2174//2174 2175//2175
f 2176//2176 2177//2177 2178//2178
f 2179//2179 2180//2180 2181//2181
f 2182//2182 2183//2183 2184//2184
f 2185//2185 2186//2186 2187//2187
f 2188//2188 2189//2189 2190//2190
f 2191//2191 2192//2192 2193//2193
f 2194//2194 2195//2195 2196//2196
f 2197//2197 2198//2198 2199//2199
f 2200//2200 2201//2201 2202//2202
f 2203//2203 2204//2204 2205//2205
f 2206//2206 2207//2207 2208//2208
f 2209//2209 2210//2210 2211//2211
f 2212//2212 2213//2213 2214//2214
f 2215//2215 2216//2216 2217//2217
f 2218//2218 2219//2219 2220//2220
f 2221//2221 2222//2222 2223//2223
f 2224//2224 2225//2225 2226//2226
f 2227//2227 2228//2228 2229//2229
f 2230//2230 2231//2231 2232//2232
f 2233//2233 2234//2234 2235//2235
f 2236//2236 2237//2237 2238//2238
f 2239//2239 2240//2240 2241//2241
f 2242//2242 2243//2243 2244//2244
f 2245//2245 2246//2246 2247//2247
f 2248//2248 2249//2249 2250//2250
f 2251//2251 2252//2252 2253//2253
f 2254//2254 2255//2255 2256//2256
f 2257//2257 2258//2258 2259//2259
f 2260//2260 2261//2261 2262//2262
f 2263//2263 2264//2264 2265//2265
f 2266//2266 2267//2267 2268//2268
f 2269//2269 2270//2270 2271//2271
f 2272//2272 2273//2273 2274//2274
f 2275//2275 2276//2276 2277//2277
f 2278//2278 2279//2279 2280//2280
f 2281//2281 2282//2282 2283//2283
f 2284//2284 2285//2285 2286//2286
f 2287//2287 2288//2288 2289//2289
f 2290//2290 2291//2291 2292//2292
f 2293//2293 2294//2294 2295//2295
f 2296//2296 2297//2297 2298//2298
f 2299//2299 2300//2300 2301//2301
f 2302//2302 2303//2303 2304//2304
f 2305//2305 2306//2306 2307//2307
f 2308//2308 2309//2309 2310//2310
f 2311//2311 2312//2312 2313//2313
f 2314//2314 2315//2315 2316//2316
f 2317//2317 2318//2318 2319//2319
f 2320//2320 2321//2321 2322//2322
f 2323//2323 2324//2324 2325//2325
f 2326//2326 2327//2327 2328//2328
f 2329//2329 2330//2330 2331//2331
f 2332//2332 2333//2333 2334//2334
f 2335//2335 2336//2336 2337//2337
f 2338//2338 2339//2339 2340//2340
f 2341//2341 2342//2342 2343//2343
f 2344//2344 2345//2345 2346//2346
f 2347//2347 2348//2348 2349//2349
f 2350//2350 2351//2351 2352//2352
f 2353//2353 2354//2354 2355//2355
f 2356//2356 2357//2357 2358//2358
f 2359//2359 2360//2360 2361//2361
f 2362//2362 2363//2363 2364//2364
f 2365//2365 2366//2366 2367//2367
f 2368//2368 2369//2369 2370//2370
f 2371//2371 2372//2372 2373//2373
f 2374//2374 2375//2375 2376//2376
f 2377//2377 2378//2378 2379//2379
f 2380//2380 2381//2381 2382//2382
f 2383//2383 2384//2384 2385//2385
f 2386//2386 2387//2387 2388//2388
f 2389//2389 2390//2390 2391//2391
f 2392//2392 2393//2393 2394//2394
f 2395//2395 2396//2396 2397//2397
f 2398//2398 2399//2399 2400//2400
f 2401//2401 2402//2402 2403//2403
f 2404//2404 2405//2405 2406//2406
f 2407//2407 2408//2408 2409//2409
f 2410//2410 2411//2411 2412//2412
f 2413//2413 2414//2414 2415//2415
f 2416//2416 2417//2417 2418//2418
f 2419//2419 2420//2420 2421//2421
f 2422//2422 2423//2423 2424//2424
f 2425//2425 2426//2426 2427//2427
f 2428//2428 2429//2429 2430//2430
f 2431//2431 2432//2432 2433//2433
f 2434//2434 2435//2435 2436//2436
f 2437//2437 2438//2438 2439//2439
f 2440//2440 2441//2441 2442//2442
f 2443//2443 2444//2444 2445//2445
f 2446//2446 2447//2447 2448//2448
f 2449//2449 2450//2450 2451//2451
f 2452//2452 2453//2453 2454//2454
f 2455//2455 2456//2456 2457//2457
f 2458//2458 2459//2459 2460//2460
f 2461//2461 2462//2462 2463//2463
f 2464//2464 2465//2465 2466//2466
f 2467//2467 2468//2468 2469//2469
f 2470//2470 2471//2471 2472//2472
f 2473//2473 2474//2474 2475//2475
f 2476//2476 2477//2477 2478//2478
f 2479//2479 2480//2480 2481//2481
f 2482//2482 2483//2483 2484//2484
f 2485//2485 2486//2486 2487//2487
f 2488//2488 2489//2489 2490//2490
f 2491//2491 2492//2492 2493//2493
f 2494//2494 2495//2495 2496//2496
f 2497//2497 2498//2498 2499//2499
f 2500//2500 2501//2501 2502//2502
f 2503//2503 2504//2504 2505//2505
f 2506//2506 2507//2507 2508//2508
f 2509//2509 2510//2510 2511//2511
f 2512//2512 2513//2513 2514//2514
f 2515//2515 2516//2516 2517//2517
f 2518//2518 2519//2519 2520//2520
f 2521//2521 2522//2522 2523//2523
f 2524//2524 2525//2525 2526//2526
f 2527//2527 2528//2528 2529//2529
f 2530//2530 2531//2531 2532//2532
f 2533//2533 2534//2534 2535//2535
f 2536//2536 2537//2537 2538//2538
f 2539//2539 2540//2540 2541//2541
f 2542//2542 2543//2543 2544//2544
f 2545//2545 2546//2546 2547//2547
f 2548//2548 2549//2549 2550//2550
f 2551//2551 2552//2552 2553//2553
f 2554//2554 2555//2555 2556//2556
f 2557//2557 2558//2558 2559//2559
f 2560//2560 2561//2561 2562//2562
f 2563//2563 2564//2564 2565//2565
f 2566//2566 2567//2567 2568//2568
f 2569//2569 2570//2570 2571//2571
f 2572//2572 2573//2573 2574//2574
f 2575//2575 2576//2576 2577//2577
f 2578//2578 2579//2579 2580//2580
f 2581//2581 2582//2582 2583//2583
f 2584//2584 2585//2585 2586//2586
f 2587//2587 2588//2588 2589//2589
f 2590//2590 2591//2591 2592//2592
f 2593//2593 2594//2594 2595//2595
f 2596//2596 2597//2597 2598//2598
f 2599//2599 2600//2600 2601//2601
f 2602//2602 2603//2603 2604//2604
f 2605//2605 2606//2606 2607//2607
f 2608//2608 2609//2609 2610//2610
f 2611//2611 2612//2612 2613//2613
f 2614//2614 2615//2615 2616//2616
f 2617//2617 2618//2618 2619//2619
f 2620//2620 2621//2621 2622//2622
f 2623//2623 2624//2624 2625//2625
f 2626//2626 2627//2627 2628//2628
f 2629//2629 2630//2630 2631//2631
f 2632//2632 2633//2633 2634//2634
f 2635//2635 2636//2636 2637//2637
f 2638//2638 2639//2639 2640//2640
f 2641//2641 2642//2642 2643//2643
f 2644//2644 2645//2645 2646//2646
f 2647//2647 2648//2648 2649//2649
f 2650//2650 2651//2651 2652//2652
f 2653//2653 2654//2654 2655//2655
f 2656//2656 2657//2657 2658//2658
f 2659//2659 2660//2660 2661//2661
f 2662//2662 2663//2663 2664//2664
f 2665//2665 2666//2666 2667//2667
f 2668//2668 2669//2669 2670//2670
f 2671//2671 2672//2672 2673//2673
f 2674//2674 2675//2675 2676//2676
f 2677//2677 2678//2678 2679//2679
f 2680//2680 2681//2681 2682//2682
f 2683//2683 2684//2684 2685//2685
f 2686//2686 2687//2687 2688//2688
f 2689//2689 2690//2690 2691//2691
f 2692//2692 2693//2693 2694//2694
f 2695//2695 2696//2696 2697//2697
f 2698//2698 2699//2699 2700//2700
f 2701//2701 2702//2702 2703//2703
f 2704//2704 2705//2705 2706//2706
f 2707//2707 2708//2708 2709//2709
f 2710//2710 2711//2711 2712//2712
f 2713//2713 2714//2714 2715//2715
f 2716//2716 2717//2717 2718//2718
f 2719//2719 2720//2720 2721//2721
f 2722//2722 2723//2723 2724//2724
f 2725//2725 2726//2726 2727//2727
f 2728//2728 2729//2729 2730//2730
f 2731//2731 2732//2732 2733//2733
f 2734//2734 2735//2735 2736//2736
f 2737//2737 2738//2738 2739//2739
f 2740//2740 2741//2741 2742//2742
f 2743//2743 2744//2744 2745//2745
f 2746//2746 2747//2747 2748//2748
f 2749//2749 2750//2750 2751//2751
f 2752//2752 2753//2753 2754//2754
f 2755//2755 2756//2756 2757//2757
f 2758//2758 2759//2759 2760//2760
f 2761//2761 2762//2762 2763//2763
f 2764//2764 2765//2765 2766//2766
f 2767//2767 2768//2768 2769//2769
f 2770//2770 2771//2771 2772//2772
f 2773//2773 2774//2774 2775//2775
f 2776//2776 2777//2777 2778//2778
f 2779//2779 2780//2780 2781//2781
f 2782//2782 2783//2783 2784//2784
f 2785//2785 2786//2786 2787//2787
f 2788//2788 2789//2789 2790//2790
f 2791//2791 2792//2792 2793//2793
f 2794//2794 2795//2795 2796//2796
f 2797//2797 2798//2798 2799//2799
f 2800//2800 2801//2801 2802//2802
f 2803//2803 2804//2804 2805//2805
f 2806//2806 2807//2807 2808//2808
f 2809//2809 2810//2810 2811//2811
f 2812//2812 2813//2813 2814//2814
f 2815//2815 2816//2816 2817//2817
f 2818//2818 2819//2819 2820//2820
f 2821//2821 2822//2822 2823//2823
f 2824//2824 2825//2825 2826//2826
f 2827//2827 2828//2828 2829//2829
f 2830//2830 2831//2831 2832//2832
f 2833//2833 2834//2834 2835//2835
f 2836//2836 2837//2837 2838//2838
f 2839//2839 2840//2840 2841//2841
f 2842//2842 2843//2843 2844//2844
f 2845//2845 2846//2846 2847//2847
f 2848//2848 2849//2849 2850//2850
f 2851//2851 2852//2852 2853//2853
f 2854//2854 2855//2855 2856//2856
f 2857//2857 2858//2858 2859//2859
f 2860//2860 2861//2861 2862//2862
f 2863//2863 2864//2864 2865//2865
f 2866//2866 2867//2867 2868//2868
f 2869//2869 2870//2870 2871//2871
f 2872//2872 2873//2873 2874//2874
f 2875//2875 2876//2876 2877//2877
f 2878//2878 2879//2879 2880//2880
f 2881//2881 2882//2882 2883//2883
f 2884//2884 2885//2885 2886//2886
f 2887//2887 2888//2888 2889//2889
f 2890//2890 2891//2891 2892//2892
f 2893//2893 2894//2894 2895//2895
f 2896//2896 2897//2897 2898//2898
f 2899//2899 2900//2900 2901//2901
f 2902//2902 2903//2903 2904//2904
f 2905//2905 2906//2906 2907//2907
f 2908//2908 2909//2909 2910//2910
f 2911//2911 2912//2912 2913//2913
f 2914//2914 2915//2915 2916//2916
f 2917//2917 2918//2918 2919//2919
f 2920//2920 2921//2921 2922//2922
f 2923//2923 2924//2924 2925//2925
f 2926//2926 2927//2927 2928//2928
f 2929//2929 2930//2930 2931//2931
f 2932//2932 2933//2933 2934//2934
f 2935//2935 2936//2936 2937//2937
f 2938//2938 2939//2939 2940//2940
f 2941//2941 2942//2942 2943//2943
f 2944//2944 2945//2945 2946//2946
f 2947//2947 2948//2948 2949//2949
f 2950//2950 2951//2951 2952//2952
f 2953//2953 2954//2954 2955//2955
f 2956//2956 2957//2957 2958//2958
f 2959//2959 2960//2960 2961//2961
f 2962//2962 2963//2963 2964//2964
f 2965//2965 2966//2966 2967//2967
f 2968//2968 2969//2969 2970//2970
f 2971//2971 2972//2972 2973//2973
f 2974//2974 2975//2975 2976//2976
f 2977//2977 2978//2978 2979//2979
f 2980//2980 2981//2981 2982//2982
f 2983//2983 2984//2984 2985//2985
f 2986//2986 2987//2987 2988//2988
f 2989//2989 2990//2990 2991//2991
f 2992//2992 2993//2993 2994//2994
f 2995//2995 2996//2996 2997//2997
f 2998//2998 2999//2999 3000//3000
f 3001//3001 3002//3002 3003//3003
f 3004//3004 3005//3005 3006//3006
f 3007//3007 3008//3008 3009//3009
f 3010//3010 3011//3011 3012//3012
f 3013//3013 3014//3014 3015//3015
f 3016//3016 3017//3017 3018//3018
f 3019//3019 3020//3020 3021//3021
f 3022//3022 3023//3023 3024//3024
f 3025//3025 3026//3026 3027//3027
f 3028//3028 3029//3029 3030//3030
f 3031//3031 3032//3032 3033//3033
f 3034//3034 3035//3035 3036//3036
f 3037//3037 3038//3038 3039//3039
f 3040//3040 3041//3041 3042//3042
f 3043//3043 3044//3044 3045//3045
f 3046//3046 3047//3047 3048//3048
f 3049//3049 3050//3050 3051//3051
f 3052//3052 3053//3053 3054//3054
f 3055//3055 3056//3056 3057//3057
f 3058//3058 3059//3059 3060//3060
f 3061//3061 3062//3062 3063//3063
f 3064//3064 3065//3065 3066//3066
f 3067//3067 3068//3068 3069//3069
f 3070//3070 3071//3071 3072//3072
f 3073//3073 3074//3074 3075//3075
f 3076//3076 3077//3077 3078//3078
f 3079//3079 3080//3080 3081//3081
f 3082//3082 3083//3083 3084//3084
f 3085//3085 3086//3086 3087//3087
f 3088//3088 3089//3089 3090//3090
f 3091//3091 3092//3092 3093//3093
f 3094//3094 3095//3095 3096//3096
f 3097//3097 3098//3098 3099//3099
f 3100//3100 3101//3101 3102//3102
f 3103//3103 3104//3104 3105//3105
f 3106//3106 3107//3107 3108//3108
f 3109//3109 3110//3110 3111//3111
f 3112//3112 3113//3113 3114//3114
f 3115//3115 3116//3116 3117//3117
f 3118//3118 3119//3119 3120//3120
f 3121//3121 3122//3122 3123//3123
f 3124//3124 3125//3125 3126//3126
f 3127//3127 3128//3128 3129//3129
f 3130//3130 3131//3131 3132//3132
f 3133//3133 3134//3134 3135//3135
f 3136//3136 3137//3137 3138//3138
f 3139//3139 3140//3140 3141//3141
f 3142//3142 3143//3143 3144//3144
f 3145//3145 3146//3146 3147//3147
f 3148//3148 3149//3149 3150//3150
f 3151//3151 3152//3152 3153//3153
f 3154//3154 3155//3155 3156//3156
f 3157//3157 3158//3158 3159//3159
f 3160//3160 3161//3161 3162//3162
f 3163//3163 3164//3164 3165//3165
f 3166//3166 3167//3167 3168//3168
f 3169//3169 3170//3170 3171//3171
f 3172//3172 3173//3173 3174//3174
f 3175//3175 3176//3176 3177//3177
f 3178//3178 3179//3179 3180//3180
f 3181//3181 3182//3182 3183//3183
f 3184//3184 3185//3185 3186//3186
f 3187//3187 3188//3188 3189//3189
f 3190//3190 3191//3191 3192//3192
f 3193//3193 3194//3194 3195//3195
f 3196//3196 3197//3197 3198//3198
f 3199//3199 3200//3200 3201//3201
f 3202//3202 3203//3203 3204//3204
f 3205//3205 3206//3206 3207//3207
f 3208//3208 3209//3209 3210//3210
f 3211//3211 3212//3212 3213//3213
f 3214//3214 3215//3215 3216//3216
f 3217//3217 3218//3218 3219//3219
f 3220//3220 3221//3221 3222//3222
f 3223//3223 3224//3224 3225//3225
f 3226//3226 3227//3227 3228//3228
f 3229//3229 3230//3230 3231//3231
f 3232//3232 3233//3233 3234//3234
f 3235//3235 3236//3236 3237//3237
f 3238//3238 3239//3239 3240//3240
f 3241//3241 3242//3242 3243//3243
f 3244//3244 3245//3245 3246//3246
f 3247//3247 3248//3248 3249//3249
f 3250//3250 3251//3251 3252//3252
f 3253//3253 3254//3254 3255//3255
f 3256//3256 3257//3257 3258//3258
f 3259//3259 3260//3260 3261//3261
f 3262//3262 3263//3263 3264//3264
f 3265//3265 3266//3266 3267//3267
f 3268//3268 3269//3269 3270//3270
f 3271//3271 3272//3272 3273//3273
f 3274//3274 3275//3275 3276//3276
f 3277//3277 3278//3278 3279//3279
f 3280//3280 3281//3281 3282//3282
f 3283//3283 3284//3284 3285//3285
f 3286//3286 3287//3287 3288//3288
f 3289//3289 3290//3290 3291//3291
f 3292//3292 3293//3293 3294//3294
f 3295//3295 3296//3296 3297//3297
f 3298//3298 3299//3299 3300//3300
f 3301//3301 3302//3302 3303//3303
f 3304//3304 3305//3305 3306//3306
f 3307//3307 3308//3308 3309//3309
f 3310//3310 3311//3311 3312//3312
f 3313//3313 3314//3314 3315//3315
f 3316//3316 3317//3317 3318//3318
f 3319//3319 3320//3320 3321//3321
f 3322//3322 3323//3323 3324//3324
f 3325//3325 3326//3326 3327//3327
f 3328//3328 3329//3329 3330//3330
f 3331//3331 3332//3332 3333//3333
f 3334//3334 3335//3335 3336//3336
f 3337//3337 3338//3338 3339//3339
f 3340//3340 3341//3341 3342//3342
f 3343//3343 3344//3344 3345//3345
f 3346//3346 3347//3347 3348//3348
f 3349//3349 3350//3350 3351//3351
f 3352//3352 3353//3353 3354//3354
f 3355//3355 3356//3356 3357//3357
f 3358//3358 3359//3359 3360//3360
f 3361//3361 3362//3362 3363//3363
f 3364//3364 3365//3365 3366//3366
f 3367//3367 3368//3368 3369//3369
f 3370//3370 3371//3371 3372//3372
f 3373//3373 3374//3374 3375//3375
f 3376//3376 3377//3377 3378//3378
f 3379//3379 3380//3380 3381//3381
f 3382//3382 3383//3383 3384//3384
f 3385//3385 3386//3386 3387//3387
f 3388//3388 3389//3389 3390//3390
f 3391//3391 3392//3392 3393//3393
f 3394//3394 3395//3395 3396//3396
f 3397//3397 3398//3398 3399//3399
f 3400//3400 3401//3401 3402//3402
f 3403//3403 3404//3404 3405//3405
f 3406//3406 3407//3407 3408//3408
f 3409//3409 3410//3410 3411//3411
f 3412//3412 3413//3413 3414//3414
f 3415//3415 3416//3416 3417//3417
f 3418//3418 3419//3419 3420//3420
f 3421//3421 3422//3422 3423//3423
f 3424//3424 3425//3425 3426//3426
f 3427//3427 3428//3428 3429//3429
f 3430//3430 3431//3431 3432//3432
f 3433//3433 3434//3434 3435//3435
f 3436//3436 3437//3437 3438//3438
f 3439//3439 3440//3440 3441//3441
f 3442//3442 3443//3443 3444//3444
f 3445//3445 3446//3446 3447//3447
f 3448//3448 3449//3449 3450//3450
f 3451//3451 3452//3452 3453//3453
f 3454//3454 3455//3455 3456//3456
f 3457//3457 3458//3458 3459//3459
f 3460//3460 3461//3461 3462//3462
f 3463//3463 3464//3464 3465//3465
f 3466//3466 3467//3467 3468//3468
f 3469//3469 3470//3470 3471//3471
f 3472//3472 3473//3473 3474//3474
f 3475//3475 3476//3476 3477//3477
f 3478//3478 3479//3479 3480//3480
f 3481//3481 3482//3482 3483//3483
f 3484//3484 3485//3485 3486//3486
f 3487//3487 3488//3488 3489//3489
f 3490//3490 3491//3491 3492//3492
f 3493//3493 3494//3494 3495//3495
f 3496//3496 3497//3497 3498//3498
f 3499//3499 3500//3500 3501//3501
f 3502//3502 3503//3503 3504//3504
f 3505//3505 3506//3506 3507//3507
f 3508//3508 3509//3509 3510//3510
f 3511//3511 3512//3512 3513//3513
f 3514//3514 3515//3515 3516//3516
f 3517//3517 3518//3518 3519//3519
f 3520//3520 3521//3521 3522//3522
f 3523//3523 3524//3524 3525//3525
f 3526//3526 3527//3527 3528//3528
f 3529//3529 3530//3530 3531//3531
f 3532//3532 3533//3533 3534//3534
f 3535//3535 3536//3536 3537//3537
f 3538//3538 3539//3539 3540//3540
f 3541//3541 3542//3542 3543//3543
f 3544//3544 3545//3545 3546//3546
f 3547//3547 3548//3548 3549//3549
f 3550//3550 3551//3551 3552//3552
f 3553//3553 3554//3554 3555//3555
f 3556//3556 3557//3557 3558//3558
f 3559//3559 3560//3560 3561//3561
f 3562//3562 3563//3563 3564//3564
f 3565//3565 3566//3566 3567//3567
f 3568//3568 3569//3569 3570//3570
f 3571//3571 3572//3572 3573//3573
f 3574//3574 3575//3575 3576//3576
f 3577//3577 3578//3578 3579//3579
f 3580//3580 3581//3581 3582//3582
f 3583//3583 3584//3584 3585//3585
f 3586//3586 3587//3587 3588//3588
f 3589//3589 3590//3590 3591//3591
f 3592//3592 3593//3593 3594//3594
f 3595//3595 3596//3596 3597//3597
f 3598//3598 3599//3599 3600//3600
f 3601//3601 3602//3602 3603//3603
f 3604//3604 3605//3605 3606//3606
f 3607//3607 3608//3608 3609//3609
f 3610//3610 3611//3611 3612//3612
f 3613//3613 3614//3614 3615//3615
f 3616//3616 3617//3617 3618//3618
f 3619//3619 3620//3620 3621//3621
f 3622//3622 3623//3623 3624//3624
f 3625//3625 3626//3626 3627//3627
f 3628//3628 3629//3629 3630//3630
f 3631//3631 3632//3632 3633//3633
f 3634//3634 3635//3635 3636//3636
f 3637//3637 3638//3638 3639//3639
f 3640//3640 3641//3641 3642//3642
f 3643//3643 3644//3644 3645//3645
f 3646//3646 3647//3647 3648//3648
f 3649//3649 3650//3650 3651//3651
f 3652//3652 3653//3653 3654//3654
f 3655//3655 3656//3656 3657//3657
f 3658//3658 3659//3659 3660//3660
f 3661//3661 3662//3662 3663//3663
f 3664//3664 3665//3665 3666//3666
f 3667//3667 3668//3668 3669//3669
f 3670//3670 3671//3671 3672//3672
f 3673//3673 3674//3674 3675//3675
f 3676//3676 3677//3677 3678//3678
f 3679//3679 3680//3680 3681//3681
f 3682//3682 3683//3683 3684//3684
f 3685//3685 3686//3686 3687//3687
f 3688//3688 3689//3689 3690//3690
f 3691//3691 3692//3692 3693//3693
f 3694//3694 3695//3695 3696//3696
f 3697//3697 3698//3698 3699//3699
f 3700//3700 3701//3701 3702//3702
f 3703//3703 3704//3704 3705//3705
f 3706//3706 3707//3707 3708//3708
f 3709//3709 3710//3710 3711//3711
f 3712//3712 3713//3713 3714//3714
f 3715//3715 3716//3716 3717//3717
f 3718//3718 3719//3719 3720//3720
f 3721//3721 3722//3722 3723//3723
f 3724//3724 3725//3725 3726//3726
f 3727//3727 3728//3728 3729//3729
f 3730//3730 3731//3731 3732//3732
f 3733//3733 3734//3734 3735//3735
f 3736//3736 3737//3737 3738//3738
f 3739//3739 3740//3740 3741//3741
f 3742//3742 3743//3743 3744//3744
f 3745//3745 3746//3746 3747//3747
f 3748//3748 3749//3749 3750//3750
f 3751//3751 3752//3752 3753//3753
f 3754//3754 3755//3755 3756//3756
f 3757//3757 3758//3758 3759//3759
f 3760//3760 3761//3761 3762//3762
f 3763//3763 3764//3764 3765//3765
f 3766//3766 3767//3767 3768//3768
f 3769//3769 3770//3770 3771//3771
f 3772//3772 3773//3773 3774//3774
f 3775//3775 3776//3776 3777//3777
f 3778//3778 3779//3779 3780//3780
f 3781//3781 3782//3782 3783//3783
f 3784//3784 3785//3785 3786//3786
f 3787//3787 3788//3788 3789//3789
f 3790//3790 3791//3791 3792//3792
f 3793//3793 3794//3794 3795//3795
f 3796//3796 3797//3797 3798//3798
f 3799//3799 3800//3800 3801//3801
f 3802//3802 3803//3803 3804//3804
f 3805//3805 3806//3806 3807//3807
f 3808//3808 3809//3809 3810//3810
f 3811//3811 3812//3812 3813//3813
f 3814//3814 3815//3815 3816//3816
f 3817//3817 3818//3818 3819//3819
f 3820//3820 3821//3821 3822//3822
f 3823//3823 3824//3824 3825//3825
f 3826//3826 3827//3827 3828//3828
f 3829//3829 3830//3830 3831//3831
f 3832//3832 3833//3833 3834//3834
f 3835//3835 3836//3836 3837//3837
f 3838//3838 3839//3839 3840//3840
f 3841//3841 3842//3842 3843//3843
f 3844//3844 3845//3845 3846//3846
f 3847//3847 3848//3848 3849//3849
f 3850//3850 3851//3851 3852//3852
f 3853//3853 3854//3854 3855//3855
f 3856//3856 3857//3857 3858//3858
f 3859//3859 3860//3860 3861//3861
f 3862//3862 3863//3863 3864//3864
f 3865//3865 3866//3866 3867//3867
f 3868//3868 3869//3869 3870//3870
f 3871//3871 3872//3872 3873//3873
f 3874//3874 3875//3875 3876//3876
f 3877//3877 3878//3878 3879//3879
f 3880//3880 3881//3881 3882//3882
f 3883//3883 3884//3884 3885//3885
f 3886//3886 3887//3887 3888//3888
f 3889//3889 3890//3890 3891//3891
f 3892//3892 3893//3893 3894//3894
f 3895//3895 3896//3896 3897//3897
f 3898//3898 3899//3899 3900//3900
f 3901//3901 3902//3902 3903//3903
f 3904//3904 3905//3905 3906//3906
f 3907//3907 3908//3908 3909//3909
f 3910//3910 3911//3911 3912//3912
f 3913//3913 3914//3914 3915//3915
f 3916//3916 3917//3917 3918//3918
f 3919//3919 3920//3920 3921//3921
f 3922//3922 3923//3923 3924//3924
f 3925//3925 3926//3926 3927//3927
f 3928//3928 3929//3929 3930//3930
f 3931//3931 3932//3932 3933//3933
f 3934//3934 3935//3935 3936//3936
f 3937//3937 3938//3938 3939//3939
f 3940//3940 3941//3941 3942//3942
f 3943//3943 3944//3944 3945//3945
f 3946//3946 3947//3947 3948//3948
f 3949//3949 3950//3950 3951//3951
f 3952//3952 3953//3953 3954//3954
f 3955//3955 3956//3956 3957//3957
f 3958//3958 3959//3959 3960//3960
f 3961//3961 3962//3962 3963//3963
f 3964//3964 3965//3965 3966//3966
f 3967//3967 3968//3968 3969//3969
f 3970//3970 3971//3971 3972//3972
f 3973//3973 3974//3974 3975//3975
f 3976//3976 3977//3977 3978//3978
f 3979//3979 3980//3980 3981//3981
f 3982//3982 3983//3983 3984//3984
f 3985//3985 3986//3986 3987//3987
f 3988//3988 3989//3989 3990//3990
f 3991//3991 3992//3992 3993//3993
f 3994//3994 3995//3995 3996//3996
f 3997//3997 3998//3998 3999//3999
f 4000//4000 4001//4001 4002//4002
f 4003//4003 4004//4004 4005//4005
f 4006//4006 4007//4007 4008//4008
f 4009//4009 4010//4010 4011//4011
f 4012//4012 4013//4013 4014//4014
f 4015//4015 4016//4016 4017//4017
f 4018//4018 4019//4019 4020//4020
f 4021//4021 4022//4022 4023//4023
f 4024//4024 4025//4025 4026//4026
f 4027//4027 4028//4028 4029//4029
f 4030//4030 4031//4031 4032//4032
f 4033//4033 4034//4034 4035//4035
f 4036//4036 4037//4037 4038//4038
f 4039//4039 4040//4040 4041//4041
f 4042//4042 4043//4043 4044//4044
f 4045//4045 4046//4046 4047//4047
f 4048//4048 4049//4049 4050//4050
f 4051//4051 4052//4052 4053//4053
f 4054//4054 4055//4055 4056//4056
f 4057//4057 4058//4058 4059//4059
f 4060//4060 4061//4061 4062//4062
f 4063//4063 4064//4064 4065//4065
f 4066//4066 4067//4067 4068//4068
f 4069//4069 4070//4070 4071//4071
f 4072//4072 4073//4073 4074//4074
f 4075//4075 4076//4076 4077//4077
f 4078//4078 4079//4079 4080//4080
f 4081//4081 4082//4082 4083//4083
f 4084//4084 4085//4085 4086//4086
f 4087//4087 4088//4088 4089//4089
f 4090//4090 4091//4091 4092//4092
f 4093//4093 4094//4094 4095//4095
f 4096//4096 4097//4097 4098//4098
f 4099//4099 4100//4100 4101//4101
f 4102//4102 4103//4103 4104//4104
f 4105//4105 4106//4106 4107//4107
f 4108//4108 4109//4109 4110//4110
f 4111//4111 4112//4112 4113//4113
f 4114//4114 4115//4115 4116//4116
f 4117//4117 4118//4118 4119//4119
f 4120//4120 4121//4121 4122//4122
f 4123//4123 4124//4124 4125//4125
f 4126//4126 4127//4127 4128//4128
f 4129//4129 4130//4130 4131//4131
f 4132//4132 4133//4133 4134//4134
f 4135//4135 4136//4136 4137//4137
f 4138//4138 4139//4139 4140//4140
f 4141//4141 4142//4142 4143//4143
f 4144//4144 4145//4145 4146//4146
f 4147//4147 4148//4148 4149//4149
f 4150//4150 4151//4151 4152//4152
f 4153//4153 4154//4154 4155//4155
f 4156//4156 4157//4157 4158//4158
f 4159//4159 4160//4160 4161//4161
f 4162//4162 4163//4163 4164//4164
f 4165//4165 4166//4166 4167//4167
f 4168//4168 4169//4169 4170//4170
f 4171//4171 4172//4172 4173//4173
f 4174//4174 4175//4175 4176//4176
f 4177//4177 4178//4178 4179//4179
f 4180//4180 4181//4181 4182//4182
f 4183//4183 4184//4184 4185//4185
f 4186//4186 4187//4187 4188//4188
f 4189//4189 4190//4190 4191//4191
f 4192//4192 4193//4193 4194//4194
f 4195//4195 4196//4196 4197//4197
f 4198//4198 4199//4199 4200//4200
f 4201//4201 4202//4202 4203//4203
f 4204//4204 4205//4205 4206//4206
f 4207//4207 4208//4208 4209//4209
f 4210//4210 4211//4211 4212//4212
f 4213//4213 4214//4214 4215//4215
f 4216//4216 4217//4217 4218//4218
f 4219//4219 4220//4220 4221//4221
f 4222//4222 4223//4223 4224//4224
f 4225//4225 4226//4226 4227//4227
f 4228//4228 4229//4229 4230//4230
f 4231//4231 4232//4232 4233//4233
f 4234//4234 4235//4235 4236//4236
f 4237//4237 4238//4238 4239//4239
f 4240//4240 4241//4241 4242//4242
f 4243//4243 4244//4244 4245//4245
f 4246//4246 4247//4247 4248//4248
f 4249//4249 4250//4250 4251//4251
f 4252//4252 4253//4253 4254//4254
f 4255//4255 4256//4256 4257//4257
f 4258//4258 4259//4259 4260//4260
f 4261//4261 4262//4262 4263//4263
f 4264//4264 4265//4265 4266//4266
f 4267//4267 4268//4268 4269//4269
f 4270//4270 4271//4271 4272//4272
f 4273//4273 4274//4274 4275//4275
f 4276//4276 4277//4277 4278//4278
f 4279//4279 4280//4280 4281//4281
f 4282//4282 4283//4283 4284//4284
f 4285//4285 4286//4286 4287//4287
f 4288//4288 4289//4289 4290//4290
f 4291//4291 4292//4292 4293//4293
f 4294//4294 4295//4295 4296//4296
f 4297//4297 4298//4298 4299//4299
f 4300//4300 4301//4301 4302//4302
f 4303//4303 4304//4304 4305//4305
f 4306//4306 4307//4307 4308//4308
f 4309//4309 4310//4310 4311//4311
f 4312//4312 4313//4313 4314//4314
f 4315//4315 4316//4316 4317//4317
f 4318//4318 4319//4319 4320//4320
f 4321//4321 4322//4322 4323//4323
f 4324//4324 4325//4325 4326//4326
f 4327//4327 4328//4328 4329//4329
f 4330//4330 4331//4331 4332//4332
f 4333//4333 4334//4334 4335//4335
f 4336//4336 4337//4337 4338//4338
f 4339//4339 4340//4340 4341//4341
f 4342//4342 4343//4343 4344//4344
f 4345//4345 4346//4346 4347//4347
f 4348//4348 4349//4349 4350//4350
f 4351//4351 4352//4352 4353//4353
f 4354//4354 4355//4355 4356//4356
f 4357//4357 4358//4358 4359//4359
f 4360//4360 4361//4361 4362//4362
f 4363//4363 4364//4364 4365//4365
f 4366//4366 4367//4367 4368//4368
f 4369//4369 4370//4370 4371//4371
f 4372//4372 4373//4373 4374//4374
f 4375//4375 4376//4376 4377//4377
f 4378//4378 4379//4379 4380//4380
f 4381//4381 4382//4382 4383//4383
f 4384//4384 4385//4385 4386//4386
f 4387//4387 4388//4388 4389//4389
f 4390//4390 4391//4391 4392//4392
f 4393//4393 4394//4394 4395//4395
f 4396//4396 4397//4397 4398//4398
f 4399//4399 4400//4400 4401//4401
f 4402//4402 4403//4403 4404//4404
f 4405//4405 4406//4406 4407//4407
f 4408//4408 4409//4409 4410//4410
f 4411//4411 4412//4412 4413//4413
f 4414//4414 4415//4415 4416//4416
f 4417//4417 4418//4418 4419//4419
f 4420//4420 4421//4421 4422//4422
f 4423//4423 4424//4424 4425//4425
f 4426//4426 4427//4427 4428//4428
f 4429//4429 4430//4430 4431//4431
f 4432//4432 4433//4433 4434//4434
f 4435//4435 4436//4436 4437//4437
f 4438//4438 4439//4439 4440//4440
f 4441//4441 4442//4442 4443//4443
f 4444//4444 4445//4445 4446//4446
f 4447//4447 4448//4448 4449//4449
f 4450//4450 4451//4451 4452//4452
f 4453//4453 4454//4454 4455//4455
f 4456//4456 4457//4457 4458//4458
f 4459//4459 4460//4460 4461//4461
f 4462//4462 4463//4463 4464//4464
f 4465//4465 4466//4466 4467//4467
f 4468//4468 4469//4469 4470//4470
f 4471//4471 4472//4472 4473//4473
f 4474//4474 4475//4475 4476//4476
f 4477//4477 4478//4478 4479//4479
f 4480//4480 4481//4481 4482//4482
f 4483//4483 4484//4484 4485//4485
f 4486//4486 4487//4487 4488//4488
f 4489//4489 4490//4490 4491//4491
f 4492//4492 4493//4493 4494//4494
f 4495//4495 4496//4496 4497//4497
f 4498//4498 4499//4499 4500//4500
f 4501//4501 4502//4502 4503//4503
f 4504//4504 4505//4505 4506//4506
f 4507//4507 4508//4508 4509//4509
f 4510//4510 4511//4511 4512//4512
f 4513//4513 4514//4514 4515//4515
f 4516//4516 4517//4517 4518//4518
f 4519//4519 4520//4520 4521//4521
f 4522//4522 4523//4523 4524//4524
f 4525//4525 4526//4526 4527//4527
f 4528//4528 4529//4529 4530//4530
f 4531//4531 4532//4532 4533//4533
f 4534//4534 4535//4535 4536//4536
f 4537//4537 4538//4538 4539//4539
f 4540//4540 4541//4541 4542//4542
f 4543//4543 4544//4544 4545//4545
f 4546//4546 4547//4547 4548//4548
f 4549//4549 4550//4550 4551//4551
f 4552//4552 4553//4553 4554//4554
f 4555//4555 4556//4556 4557//4557
f 4558//4558 4559//4559 4560//4560
f 4561//4561 4562//4562 4563//4563
f 4564//4564 4565//4565 4566//4566
f 4567//4567 4568//4568 4569//4569
f 4570//4570 4571//4571 4572//4572
f 4573//4573 4574//4574 4575//4575
f 4576//4576 4577//4577 4578//4578
f 4579//4579 4580//4580 4581//4581
f 4582//4582 4583//4583 4584//4584
f 4585//4585 4586//4586 4587//4587
f 4588//4588 4589//4589 4590//4590
f 4591//4591 4592//4592 4593//4593
f 4594//4594 4595//4595 4596//4596
f 4597//4597 4598//4598 4599//4599
f 4600//4600 4601//4601 4602//4602
f 4603//4603 4604//4604 4605//4605
f 4606//4606 4607//4607 4608//4608
f 4609//4609 4610//4610 4611//4611
f 4612//4612 4613//4613 4614//4614
f 4615//4615 4616//4616 4617//4617
f 4618//4618 4619//4619 4620//4620
f 4621//4621 4622//4622 4623//4623
f 4624//4624 4625//4625 4626//4626
f 4627//4627 4628//4628 4629//4629
f 4630//4630 4631//4631 4632//4632
f 4633//4633 4634//4634 4635//4635
f 4636//4636 4637//4637 4638//4638
f 4639//4639 4640//4640 4641//4641
f 4642//4642 4643//4643 4644//4644
f 4645//4645 4646//4646 4647//4647
f 4648//4648 4649//4649 4650//4650
f 4651//4651 4652//4652 4653//4653
f 4654//4654 4655//4655 4656//4656
f 4657//4657 4658//4658 4659//4659
f 4660//4660 4661//4661 4662//4662
f 4663//4663 4664//4664 4665//4665
f 4666//4666 4667//4667 4668//4668
f 4669//4669 4670//4670 4671//4671
f 4672//4672 4673//4673 4674//4674
f 4675//4675 4676//4676 4677//4677
f 4678//4678 4679//4679 4680//4680
f 4681//4681 4682//4682 4683//4683
f 4684//4684 4685//4685 4686//4686
f 4687//4687 4688//4688 4689//4689
f 4690//4690 4691//4691 4692//4692
f 4693//4693 4694//4694 4695//4695
f 4696//4696 4697//4697 4698//4698
f 4699//4699 4700//4700 4701//4701
f 4702//4702 4703//4703 4704//4704
f 4705//4705 4706//4706 4707//4707
f 4708//4708 4709//4709 4710//4710
f 4711//4711 4712//4712 4713//4713
f 4714//4714 4715//4715 4716//4716
f 4717//4717 4718//4718 4719//4719
f 4720//4720 4721//4721 4722//4722
f 4723//4723 4724//4724 4725//4725
f 4726//4726 4727//4727 4728//4728
f 4729//4729 4730//4730 4731//4731
f 4732//4732 4733//4733 4734//4734
f 4735//4735 4736//4736 4737//4737
f 4738//4738 4739//4739 4740//4740
f 4741//4741 4742//4742 4743//4743
f 4744//4744 4745//4745 4746//4746
f 4747//4747 4748//4748 4749//4749
f 4750//4750 4751//4751 4752//4752
f 4753//4753 4754//4754 4755//4755
f 4756//4756 4757//4757 4758//4758
f 4759//4759 4760//4760 4761//4761
f 4762//4762 4763//4763 4764//4764
f 4765//4765 4766//4766 4767//4767
f 4768//4768 4769//4769 4770//4770
f 4771//4771 4772//4772 4773//4773
f 4774//4774 4775//4775 4776//4776
f 4777//4777 4778//4778 4779//4779
f 4780//4780 4781//4781 4782//4782
f 4783//4783 4784//4784 4785//4785
f 4786//4786 4787//4787 4788//4788
f 4789//4789 4790//4790 4791//4791
f 4792//4792 4793//4793 4794//4794
f 4795//4795 4796//4796 4797//4797
f 4798//4798 4799//4799 4800//4800
f 4801//4801 4802//4802 4803//4803
f 4804//4804 4805//4805 4806//4806
f 4807//4807 4808//4808 4809//4809
f 4810//4810 4811//4811 4812//4812
f 4813//4813 4814//4814 4815//4815
f 4816//4816 4817//4817 4818//4818
f 4819//4819 4820//4820 4821//4821
f 4822//4822 4823//4823 4824//4824
f 4825//4825 4826//4826 4827//4827
f 4828//4828 4829//4829 4830//4830
f 4831//4831 4832//4832 4833//4833
f 4834//4834 4835//4835 4836//4836
f 4837//4837 4838//4838 4839//4839
f 4840//4840 4841//4841 4842//4842
f 4843//4843 4844//4844 4845//4845
f 4846//4846 4847//4847 4848//4848
f 4849//4849 4850//4850 4851//4851
f 4852//4852 4853//4853 4854//4854
f 4855//4855 4856//4856 4857//4857
f 4858//4858 4859//4859 4860//4860
f 4861//4861 4862//4862 4863//4863
f 4864//4864 4865//4865 4866//4866
f 4867//4867 4868//4868 4869//4869
f 4870//4870 4871//4871 4872//4872
f 4873//4873 4874//4874 4875//4875
f 4876//4876 4877//4877 4878//4878
f 4879//4879 4880//4880 4881//4881
f 4882//4882 4883//4883 4884//4884
f 4885//4885 4886//4886 4887//4887
f 4888//4888 4889//4889 4890//4890
f 4891//4891 4892//4892 4893//4893
f 4894//4894 4895//4895 4896//4896
f 4897//4897 4898//4898 4899//4899
f 4900//4900 4901//4901 4902//4902
f 4903//4903 4904//4904 4905//4905
f 4906//4906 4907//4907 4908//4908
f 4909//4909 4910//4910 4911//4911
f 4912//4912 4913//4913 4914//4914
f 4915//4915 4916//4916 4917//4917
f 4918//4918 4919//4919 4920//4920
f 4921//4921 4922//4922 4923//4923
f 4924//4924 4925//4925 4926//4926
f 4927//4927 4928//4928 4929//4929
f 4930//4930 4931//4931 4932//4932
f 4933//4933 4934//4934 4935//4935
f 4936//4936 4937//4937 4938//4938
f 4939//4939 4940//4940 4941//4941
f 4942//4942 4943//4943 4944//4944
f 4945//4945 4946//4946 4947//4947
f 4948//4948 4949//4949 4950//4950
f 4951//4951 4952//4952 4953//4953
f 4954//4954 4955//4955 4956//4956
f 4957//4957 4958//4958 4959//4959
f 4960//4960 4961//4961 4962//4962
f 4963//4963 4964//4964 4965//4965
f 4966//4966 4967//4967 4968//4968
f 4969//4969 4970//4970 4971//4971
f 4972//4972 4973//4973 4974//4974
f 4975//4975 4976//4976 4977//4977
f 4978//4978 4979//4979 4980//4980
f 4981//4981 4982//4982 4983//4983
f 4984//4984 4985//4985 4986//4986
f 4987//4987 4988//4988 4989//4989
f 4990//4990 4991//4991 4992//4992
f 4993//4993 4994//4994 4995//4995
f 4996//4996 4997//4997 4998//4998
f 4999//4999 5000//5000 5001//5001
f 5002//5002 5003//5003 5004//5004
f 5005//5005 5006//5006 5007//5007
f 5008//5008 5009//5009 5010//5010
f 5011//5011 5012//5012 5013//5013
f 5014//5014 5015//5015 5016//5016
f 5017//5017 5018//5018 5019//5019
f 5020//5020 5021//5021 5022//5022
f 5023//5023 5024//5024 5025//5025
f 5026//5026 5027//5027 5028//5028
f 5029//5029 5030//5030 5031//5031
f 5032//5032 5033//5033 5034//5034
f 5035//5035 5036//5036 5037//5037
f 5038//5038 5039//5039 5040//5040
f 5041//5041 5042//5042 5043//5043
f 5044//5044 5045//5045 5046//5046
f 5047//5047 5048//5048 5049//5049
f 5050//5050 5051//5051 5052//5052
f 5053//5053 5054//5054 5055//5055
f 5056//5056 5057//5057 5058//5058
f 5059//5059 5060//5060 5061//5061
f 5062//5062 5063//5063 5064//5064
f 5065//5065 5066//5066 5067//5067
f 5068//5068 5069//5069 5070//5070
f 5071//5071 5072//5072 5073//5073
f 5074//5074 5075//5075 5076//5076
f 5077//5077 5078//5078 5079//5079
f 5080//5080 5081//5081 5082//5082
f 5083//5083 5084//5084 5085//5085
f 5086//5086 5087//5087 5088//5088
f 5089//5089 5090//5090 5091//5091
f 5092//5092 5093//5093 5094//5094
f 5095//5095 5096//5096 5097//5097
f 5098//5098 5099//5099 5100//5100
f 5101//5101 5102//5102 5103//5103
f 5104//5104 5105//5105 5106//5106
f 5107//5107 5108//5108 5109//5109
f 5110//5110 5111//5111 5112//5112
f 5113//5113 5114//5114 5115//5115
f 5116//5116 5117//5117 5118//5118
f 5119//5119 5120//5120 5121//5121
f 5122//5122 5123//5123 5124//5124
f 5125//5125 5126//5126 5127//5127
f 5128//5128 5129//5129 5130//5130
f 5131//5131 5132//5132 5133//5133
f 5134//5134 5135//5135 5136//5136
f 5137//5137 5138//5138 5139//5139
f 5140//5140 5141//5141 5142//5142
f 5143//5143 5144//5144 5145//5145
f 5146//5146 5147//5147 5148//5148
f 5149//5149 5150//5150 5151//5151
f 5152//5152 5153//5153 5154//5154
f 5155//5155 5156//5156 5157//5157
f 5158//5158 5159//5159 5160//5160
f 5161//5161 5162//5162 5163//5163
f 5164//5164 5165//5165 5166//5166
f 5167//5167 5168//5168 5169//5169
f 5170//5170 5171//5171 5172//5172
f 5173//5173 5174//5174 5175//5175
f 5176//5176 5177//5177 5178//5178
f 5179//5179 5180//5180 5181//5181
f 5182//5182 5183//5183 5184//5184
f 5185//5185 5186//5186 5187//5187
f 5188//5188 5189//5189 5190//5190
f 5191//5191 5192//5192 5193//5193
f 5194//5194 5195//5195 5196//5196
f 5197//5197 5198//5198 5199//5199
f 5200//5200 5201//5201 5202//5202
f 5203//5203 5204//5204 5205//5205
f 5206//5206 5207//5207 5208//5208
f 5209//5209 5210//5210 5211//5211
f 5212//5212 5213//5213 5214//5214
f 5215//5215 5216//5216 5217//5217
f 5218//5218 5219//5219 5220//5220
f 5221//5221 5222//5222 5223//5223
f 5224//5224 5225//5225 5226//5226
f 5227//5227 5228//5228 5229//5229
f 5230//5230 5231//5231 5232//5232
f 5233//5233 5234//5234 5235//5235
f 5236//5236 5237//5237 5238//5238
f 5239//5239 5240//5240 5241//5241
f 5242//5242 5243//5243 5244//5244
f 5245//5245 5246//5246 5247//5247
f 5248//5248 5249//5249 5250//5250
f 5251//5251 5252//5252 5253//5253
f 5254//5254 5255//5255 5256//5256
f 5257//5257 5258//5258 5259//5259
f 5260//5260 5261//5261 5262//5262
f 5263//5263 5264//5264 5265//5265
f 5266//5266 5267//5267 5268//5268
f 5269//5269 5270//5270 5271//5271
f 5272//5272 5273//5273 5274//5274
f 5275//5275 5276//5276 5277//5277
f 5278//5278 5279//5279 5280//5280
f 5281//5281 5282//5282 5283//5283
f 5284//5284 5285//5285 5286//5286
f 5287//5287 5288//5288 5289//5289
f 5290//5290 5291//5291 5292//5292
f 5293//5293 5294//5294 5295//5295
f 5296//5296 5297//5297 5298//5298
f 5299//5299 5300//5300 5301//5301
f 5302//5302 5303//5303 5304//5304
f 5305//5305 5306//5306 5307//5307
f 5308//5308 5309//5309 5310//5310
f 5311//5311 5312//5312 5313//5313
f 5314//5314 5315//5315 5316//5316
f 5317//5317 5318//5318 5319//5319
f 5320//5320 5321//5321 5322//5322
f 5323//5323 5324//5324 5325//5325
f 5326//5326 5327//5327 5328//5328
f 5329//5329 5330//5330 5331//5331
f 5332//5332 5333//5333 5334//5334
f 5335//5335 5336//5336 5337//5337
f 5338//5338 5339//5339 5340//5340
f 5341//5341 5342//5342 5343//5343
f 5344//5344 5345//5345 5346//5346
f 5347//5347 5348//5348 5349//5349
f 5350//5350 5351//5351 5352//5352
f 5353//5353 5354//5354 5355//5355
f 5356//5356 5357//5357 5358//5358
f 5359//5359 5360//5360 5361//5361
f 5362//5362 5363//5363 5364//5364
f 5365//5365 5366//5366 5367//5367
f 5368//5368 5369//5369 5370//5370
f 5371//5371 5372//5372 5373//5373
f 5374//5374 5375//5375 5376//5376
f 5377//5377 5378//5378 5379//5379
f 5380//5380 5381//5381 5382//5382
f 5383//5383 5384//5384 5385//5385
f 5386//5386 5387//5387 5388//5388
f 5389//5389 5390//5390 5391//5391
f 5392//5392 5393//5393 5394//5394
f 5395//5395 5396//5396 5397//5397
f 5398//5398 5399//5399 5400//5400
f 5401//5401 5402//5402 5403//5403
f 5404//5404 5405//5405 5406//5406
f 5407//5407 5408//5408 5409//5409
f 5410//5410 5411//5411 5412//5412
f 5413//5413 5414//5414 5415//5415
f 5416//5416 5417//5417 5418//5418
f 5419//5419 5420//5420 5421//5421
f 5422//5422 5423//5423 5424//5424
f 5425//5425 5426//5426 5427//5427
f 5428//5428 5429//5429 5430//5430
f 5431//5431 5432//5432 5433//5433
f 5434//5434 5435//5435 5436//5436
f 5437//5437 5438//5438 5439//5439
f 5440//5440 5441//5441 5442//5442
f 5443//5443 5444//5444 5445//5445
f 5446//5446 5447//5447 5448//5448
f 5449//5449 5450//5450 5451//5451
f 5452//5452 5453//5453 5454//5454
f 5455//5455 5456//5456 5457//5457
f 5458//5458 5459//5459 5460//5460
f 5461//5461 5462//5462 5463//5463
f 5464//5464 5465//5465 5466//5466
f 5467//5467 5468//5468 5469//5469
f 5470//5470 5471//5471 5472//5472
f 5473//5473 5474//5474 5475//5475
f 5476//5476 5477//5477 5478//5478
f 5479//5479 5480//5480 5481//5481
f 5482//5482 5483//5483 5484//5484
f 5485//5485 5486//5486 5487//5487
f 5488//5488 5489//5489 5490//5490
f 5491//5491 5492//5492 5493//5493
f 5494//5494 5495//5495 5496//5496
f 5497//5497 5498//5498 5499//5499
f 5500//5500 5501//5501 5502//5502
f 5503//5503 5504//5504 5505//5505
f 5506//5506 5507//5507 5508//5508
f 5509//5509 5510//5510 5511//5511
f 5512//5512 5513//5513 5514//5514
f 5515//5515 5516//5516 5517//5517
f 5518//5518 5519//5519 5520//5520
f 5521//5521 5522//5522 5523//5523
f 5524//5524 5525//5525 5526//5526
f 5527//5527 5528//5528 5529//5529
f 5530//5530 5531//5531 5532//5532
f 5533//5533 5534//5534 5535//5535
f 5536//5536 5537//5537 5538//5538
f 5539//5539 5540//5540 5541//5541
f 5542//5542 5543//5543 5544//5544
f 5545//5545 5546//5546 5547//5547
f 5548//5548 5549//5549 5550//5550
f 5551//5551 5552//5552 5553//5553
f 5554//5554 5555//5555 5556//5556
f 5557//5557 5558//5558 5559//5559
f 5560//5560 5561//5561 5562//5562
f 5563//5563 5564//5564 5565//5565
f 5566//5566 5567//5567 5568//5568
f 5569//5569 5570//5570 5571//5571
f 5572//5572 5573//5573 5574//5574
f 5575//5575 5576//5576 5577//5577
f 5578//5578 5579//5579 5580//5580
f 5581//5581 5582//5582 5583//5583
f 5584//5584 5585//5585 5586//5586
f 5587//5587 5588//5588 5589//5589
f 5590//5590 5591//5591 5592//5592
f 5593//5593 5594//5594 5595//5595
f 5596//5596 5597//5597 5598//5598
f 5599//5599 5600//5600 5601//5601
f 5602//5602 5603//5603 5604//5604
f 5605//5605 5606//5606 5607//5607
f 5608//5608 5609//5609 5610//5610
f 5611//5611 5612//5612 5613//5613
f 5614//5614 5615//5615 5616//5616
f 5617//5617 5618//5618 5619//5619
f 5620//5620 5621//5621 5622//5622
f 5623//5623 5624//5624 5625//5625
f 5626//5626 5627//5627 5628//5628
f 5629//5629 5630//5630 5631//5631
f 5632//5632 5633//5633 5634//5634
f 5635//5635 5636//5636 5637//5637
f 5638//5638 5639//5639 5640//5640
f 5641//5641 5642//5642 5643//5643
f 5644//5644 5645//5645 5646//5646
f 5647//5647 5648//5648 5649//5649
f 5650//5650 5651//5651 5652//5652
f 5653//5653 5654//5654 5655//5655
f 5656//5656 5657//5657 5658//5658
f 5659//5659 5660//5660 5661//5661
f 5662//5662 5663//5663 5664//5664
f 5665//5665 5666//5666 5667//5667
f 5668//5668 5669//5669 5670//5670
f 5671//5671 5672//5672 5673//5673
f 5674//5674 5675//5675 5676//5676
f 5677//5677 5678//5678 5679//5679
f 5680//5680 5681//5681 5682//5682
f 5683//5683 5684//5684 5685//5685
f 5686//5686 5687//5687 5688//5688
f 5689//5689 5690//5690 5691//5691
f 5692//5692 5693//5693 5694//5694
f 5695//5695 5696//5696 5697//5697
f 5698//5698 5699//5699 5700//5700
f 5701//5701 5702//5702 5703//5703
f 5704//5704 5705//5705 5706//5706
f 5707//5707 5708//5708 5709//5709
f 5710//5710 5711//5711 5712//5712
f 5713//5713 5714//5714 5715//5715
f 5716//5716 5717//5717 5718//5718
f 5719//5719 5720//5720 5721//5721
f 5722//5722 5723//5723 5724//5724
f 5725//5725 5726//5726 5727//5727
f 5728//5728 5729//5729 5730//5730
f 5731//5731 5732//5732 5733//5733
f 5734//5734 5735//5735 5736//5736
f 5737//5737 5738//5738 5739//5739
f 5740//5740 5741//5741 5742//5742
f 5743//5743 5744//5744 5745//5745
f 5746//5746 5747//5747 5748//5748
f 5749//5749 5750//5750 5751//5751
f 5752//5752 5753//5753 5754//5754
f 5755//5755 5756//5756 5757//5757
f 5758//5758 5759//5759 5760//5760
f 5761//5761 5762//5762 5763//5763
f 5764//5764 5765//5765 5766//5766
f 5767//5767 5768//5768 5769//5769
f 5770//5770 5771//5771 5772//5772
f 5773//5773 5774//5774 5775//5775
f 5776//5776 5777//5777 5778//5778
f 5779//5779 5780//5780 5781//5781
f 5782//5782 5783//5783 5784//5784
f 5785//5785 5786//5786 5787//5787
f 5788//5788 5789//5789 5790//5790
f 5791//5791 5792//5792 5793//5793
f 5794//5794 5795//5795 5796//5796
f 5797//5797 5798//5798 5799//5799
f 5800//5800 5801//5801 5802//5802
f 5803//5803 5804//5804 5805//5805
f 5806//5806 5807//5807 5808//5808
f 5809//5809 5810//5810 5811//5811
f 5812//5812 5813//5813 5814//5814
f 5815//5815 5816//5816 5817//5817
f 5818//5818 5819//5819 5820//5820
f 5821//5821 5822//5822 5823//5823
f 5824//5824 5825//5825 5826//5826
f 5827//5827 5828//5828 5829//5829
f 5830//5830 5831//5831 5832//5832
f 5833//5833 5834//5834 5835//5835
f 5836//5836 5837//5837 5838//5838
f 5839//5839 5840//5840 5841//5841
f 5842//5842 5843//5843 5844//5844
f 5845//5845 5846//5846 5847//5847
f 5848//5848 5849//5849 5850//5850
f 5851//5851 5852//5852 5853//5853
f 5854//5854 5855//5855 5856//5856
f 5857//5857 5858//5858 5859//5859
f 5860//5860 5861//5861 5862//5862
f 5863//5863 5864//5864 5865//5865
f 5866//5866 5867//5867 5868//5868
f 5869//5869 5870//5870 5871//5871
f 5872//5872 5873//5873 5874//5874
f 5875//5875 5876//5876 5877//5877
f 5878//5878 5879//5879 5880//5880
f 5881//5881 5882//5882 5883//5883
f 5884//5884 5885//5885 5886//5886
f 5887//5887 5888//5888 5889//5889
f 5890//5890 5891//5891 5892//5892
f 5893//5893 5894//5894 5895//5895
f 5896//5896 5897//5897 5898//5898
f 5899//5899 5900//5900 5901//5901
f 5902//5902 5903//5903 5904//5904
f 5905//5905 5906//5906 5907//5907
f 5908//5908 5909//5909 5910//5910
f 5911//5911 5912//5912 5913//5913
f 5914//5914 5915//5915 5916//5916
f 5917//5917 5918//5918 5919//5919
f 5920//5920 5921//5921 5922//5922
f 5923//5923 5924//5924 5925//5925
f 5926//5926 5927//5927 5928//5928
f 5929//5929 5930//5930 5931//5931
f 5932//5932 5933//5933 5934//5934
f 5935//5935 5936//5936 5937//5937
f 5938//5938 5939//5939 5940//5940
f 5941//5941 5942//5942 5943//5943
f 5944//5944 5945//5945 5946//5946
f 5947//5947 5948//5948 5949//5949
f 5950//5950 5951//5951 5952//5952
f 5953//5953 5954//5954 5955//5955
f 5956//5956 5957//5957 5958//5958
f 5959//5959 5960//5960 5961//5961
f 5962//5962 5963//5963 5964//5964
f 5965//5965 5966//5966 5967//5967
f 5968//5968 5969//5969 5970//5970
f 5971//5971 5972//5972 5973//5973
f 5974//5974 5975//5975 5976//5976
f 5977//5977 5978//5978 5979//5979
f 5980//5980 5981//5981 5982//5982
f 5983//5983 5984//5984 5985//5985
f 5986//5986 5987//5987 5988//5988
f 5989//5989 5990//5990 5991//5991
f 5992//5992 5993//5993 5994//5994
f 5995//5995 5996//5996 5997//5997
f 5998//5998 5999//5999 6000//6000
f 6001//6001 6002//6002 6003//6003
f 6004//6004 6005//6005 6006//6006
f 6007//6007 6008//6008 6009//6009
f 6010//6010 6011//6011 6012//6012
f 6013//6013 6014//6014 6015//6015
f 6016//6016 6017//6017 6018//6018
f 6019//6019 6020//6020 6021//6021
f 6022//6022 6023//6023 6024//6024
f 6025//6025 6026//6026 6027//6027
f 6028//6028 6029//6029 6030//6030
f 6031//6031 6032//6032 6033//6033
f 6034//6034 6035//6035 6036//6036
f 6037//6037 6038//6038 6039//6039
f 6040//6040 6041//6041 6042//6042
f 6043//6043 6044//6044 6045//6045
f 6046//6046 6047//6047 6048//6048
f 6049//6049 6050//6050 6051//6051
f 6052//6052 6053//6053 6054//6054
f 6055//6055 6056//6056 6057//6057
f 6058//6058 6059//6059 6060//6060
f 6061//6061 6062//6062 6063//6063
f 6064//6064 6065//6065 6066//6066
f 6067//6067 6068//6068 6069//6069
f 6070//6070 6071//6071 6072//6072
f 6073//6073 6074//6074 6075//6075
f 6076//6076 6077//6077 6078//6078
f 6079//6079 6080//6080 6081//6081
f 6082//6082 6083//6083 6084//6084
f 6085//6085 6086//6086 6087//6087
f 6088//6088 6089//6089 6090//6090
f 6091//6091 6092//6092 6093//6093
f 6094//6094 6095//6095 6096//6096
f 6097//6097 6098//6098 6099//6099
f 6100//6100 6101//6101 6102//6102
f 6103//6103 6104//6104 6105//6105
f 6106//6106 6107//6107 6108//6108
f 6109//6109 6110//6110 6111//6111
f 6112//6112 6113//6113 6114//6114
f 6115//6115 6116//6116 6117//6117
f 6118//6118 6119//6119 6120//6120
f 6121//6121 6122//6122 6123//6123
f 6124//6124 6125//6125 6126//6126
f 6127//6127 6128//6128 6129//6129
f 6130//6130 6131//6131 6132//6132
f 6133//6133 6134//6134 6135//6135
f 6136//6136 6137//6137 6138//6138
f 6139//6139 6140//6140 6141//6141
f 6142//6142 6143//6143 6144//6144
f 6145//6145 6146//6146 6147//6147
f 6148//6148 6149//6149 6150//6150
f 6151//6151 6152//6152 6153//6153
f 6154//6154 6155//6155 6156//6156
f 6157//6157 6158//6158 6159//6159
f 6160//6160 6161//6161 6162//6162
f 6163//6163 6164//6164 6165//6165
f 6166//6166 6167//6167 6168//6168
f 6169//6169 6170//6170 6171//6171
f 6172//6172 6173//6173 6174//6174
f 6175//6175 6176//6176 6177//6177
f 6178//6178 6179//6179 6180//6180
f 6181//6181 6182//6182 6183//6183
f 6184//6184 6185//6185 6186//6186
f 6187//6187 6188//6188 6189//6189
f 6190//6190 6191//6191 6192//6192
f 6193//6193 6194//6194 6195//6195
f 6196//6196 6197//6197 6198//6198
f 6199//6199 6200//6200 6201//6201
f 6202//6202 6203//6203 6204//6204
f 6205//6205 6206//6206 6207//6207
f 6208//6208 6209//6209 6210//6210
f 6211//6211 6212//6212 6213//6213
f 6214//6214 6215//6215 6216//6216
f 6217//6217 6218//6218 6219//6219
f 6220//6220 6221//6221 6222//6222
f 6223//6223 6224//6224 6225//6225
f 6226//6226 6227//6227 6228//6228
f 6229//6229 6230//6230 6231//6231
f 6232//6232 6233//6233 6234//6234
f 6235//6235 6236//6236 6237//6237
f 6238//6238 6239//6239 6240//6240
f 6241//6241 6242//6242 6243//6243
f 6244//6244 6245//6245 6246//6246
f 6247//6247 6248//6248 6249//6249
f 6250//6250 6251//6251 6252//6252
f 6253//6253 6254//6254 6255//6255
f 6256//6256 6257//6257 6258//6258
f 6259//6259 6260//6260 6261//6261
f 6262//6262 6263//6263 6264//6264
f 6265//6265 6266//6266 6267//6267
f 6268//6268 6269//6269 6270//6270
f 6271//6271 6272//6272 6273//6273
f 6274//6274 6275//6275 6276//6276
f 6277//6277 6278//6278 6279//6279
f 6280//6280 6281//6281 6282//6282
f 6283//6283 6284//6284 6285//6285
f 6286//6286 6287//6287 6288//6288
f 6289//6289 6290//6290 6291//6291
f 6292//6292 6293//6293 6294//6294
f 6295//6295 6296//6296 6297//6297
f 6298//6298 6299//6299 6300//6300
f 6301//6301 6302//6302 6303//6303
f 6304//6304 6305//6305 6306//6306
f 6307//6307 6308//6308 6309//6309
f 6310//6310 6311//6311 6312//6312
f 6313//6313 6314//6314 6315//6315
f 6316//6316 6317//6317 6318//6318
f 6319//6319 6320//6320 6321//6321
f 6322//6322 6323//6323 6324//6324
f 6325//6325 6326//6326 6327//6327
f 6328//6328 6329//6329 6330//6330
f 6331//6331 6332//6332 6333//6333
f 6334//6334 6335//6335 6336//6336
f 6337//6337 6338//6338 6339//6339
f 6340//6340 6341//6341 6342//6342
f 6343//6343 6344//6344 6345//6345
f 6346//6346 6347//6347 6348//6348
f 6349//6349 6350//6350 6351//6351
f 6352//6352 6353//6353 6354//6354
f 6355//6355 6356//6356 6357//6357
f 6358//6358 6359//6359 6360//6360
f 6361//6361 6362//6362 6363//6363
f 6364//6364 6365//6365 6366//6366
f 6367//6367 6368//6368 6369//6369
f 6370//6370 6371//6371 6372//6372
f 6373//6373 6374//6374 6375//6375
f 6376//6376 6377//6377 6378//6378
f 6379//6379 6380//6380 6381//6381
f 6382//6382 6383//6383 6384//6384
f 6385//6385 6386//6386 6387//6387
f 6388//6388 6389//6389 6390//6390
